{
  "taskId": "199ff3af-0fce-42e0-b276-5608e9bf409e",
  "receivedAt": "2026-03-16T02:06:03.923Z",
  "targetId": null,
  "summary": "Navigate LinkedIn My Network, open first profile in Popular on LinkedIn or People you may know from ... section, open full posts list, find third post, click More, and Like the post with appropriate waits and mouse movements.",
  "stepCount": 21,
  "script": {
    "version": 1,
    "summary": "Navigate LinkedIn My Network, open first profile in Popular on LinkedIn or People you may know from ... section, open full posts list, find third post, click More, and Like the post with appropriate waits and mouse movements.",
    "defaultDelayMs": 500,
    "steps": [
      {
        "order": 1,
        "kind": "wait_for_page",
        "instruction": "Make sure that current tab has LinkedIn opened in it",
        "delayAfterMs": 0,
        "timeoutMs": 10000,
        "target": {
          "description": "",
          "selectors": [],
          "text": "",
          "role": "",
          "alternativeTexts": []
        },
        "params": {
          "readyState": "complete",
          "urlIncludes": "linkedin.com"
        }
      },
      {
        "order": 2,
        "kind": "navigate",
        "instruction": "Go to the My Network page on LinkedIn.",
        "delayAfterMs": 0,
        "timeoutMs": 15000,
        "target": {
          "description": "",
          "selectors": [],
          "text": "",
          "role": "",
          "alternativeTexts": []
        },
        "params": {
          "url": "https://www.linkedin.com/mynetwork/"
        }
      },
      {
        "order": 3,
        "kind": "wait_for_page",
        "instruction": "Wait for the page to finish loading.",
        "delayAfterMs": 0,
        "timeoutMs": 15000,
        "target": {
          "description": "",
          "selectors": [],
          "text": "",
          "role": "",
          "alternativeTexts": []
        },
        "params": {
          "readyState": "complete",
          "urlIncludes": "/mynetwork/"
        }
      },
      {
        "order": 4,
        "kind": "wait",
        "instruction": "Stay on the page for a 8-10 sec. Use random value. Move mouse around as a person would do.",
        "delayAfterMs": 0,
        "timeoutMs": 10000,
        "target": {
          "description": "",
          "selectors": [],
          "text": "",
          "role": "",
          "alternativeTexts": []
        },
        "params": {
          "moveMouse": true
        }
      },
      {
        "order": 5,
        "kind": "branch_if_missing",
        "instruction": "Find the section called \"Popular on LinkedIn\" or \"People you may know from ...\"",
        "delayAfterMs": 0,
        "timeoutMs": 5000,
        "target": {
          "description": "",
          "selectors": [],
          "text": "Popular on LinkedIn",
          "role": "heading",
          "alternativeTexts": [
            "People you may know from ..."
          ]
        },
        "params": {}
      },
      {
        "order": 6,
        "kind": "click",
        "instruction": "In that section, open the first profile or card that looks like a person or creator profile.",
        "delayAfterMs": 0,
        "timeoutMs": 10000,
        "target": {
          "description": "First profile or card inside the section",
          "selectors": [],
          "text": "People you may know from ...",
          "role": "link",
          "alternativeTexts": []
        },
        "params": {
          "index": 1,
          "containerText": "Popular on LinkedIn",
          "containerAlternativeTexts": [
            "People you may know from ..."
          ]
        }
      },
      {
        "order": 7,
        "kind": "wait_for_page",
        "instruction": "Wait for that profile page to load.",
        "delayAfterMs": 0,
        "timeoutMs": 15000,
        "target": {
          "description": "",
          "selectors": [],
          "text": "",
          "role": "",
          "alternativeTexts": []
        },
        "params": {
          "readyState": "complete"
        }
      },
      {
        "order": 8,
        "kind": "wait",
        "instruction": "Stay on the page for 10-12 sec. Use random value. Move mouse around.",
        "delayAfterMs": 0,
        "timeoutMs": 12000,
        "target": {
          "description": "",
          "selectors": [],
          "text": "",
          "role": "",
          "alternativeTexts": []
        },
        "params": {
          "moveMouse": true
        }
      },
      {
        "order": 9,
        "kind": "branch_if_missing",
        "instruction": "On the profile, look for a way to view all posts. The section also can be named \"All activity\" or \"Activity\". Scroll page slightly if needed.",
        "delayAfterMs": 0,
        "timeoutMs": 7000,
        "target": {
          "description": "control to open the full profile activity list",
          "selectors": [],
          "text": "Show all activity",
          "role": "link",
          "alternativeTexts": [
            "See all activity",
            "See all posts",
            "All activity",
            "Activity"
          ]
        },
        "params": {}
      },
      {
        "order": 10,
        "kind": "scroll",
        "instruction": "Scroll page slightly if needed to reveal the all posts section.",
        "delayAfterMs": 0,
        "timeoutMs": 3000,
        "target": null,
        "params": {
          "containerText": "Show all activity",
          "containerAlternativeTexts": [
            "See all activity",
            "See all posts",
            "All activity",
            "Activity"
          ]
        }
      },
      {
        "order": 11,
        "kind": "click",
        "instruction": "Open the full posts list.",
        "delayAfterMs": 0,
        "timeoutMs": 10000,
        "target": {
          "description": "control to open the full profile activity list",
          "selectors": [],
          "text": "Show all activity",
          "role": "link",
          "alternativeTexts": [
            "See all activity",
            "See all posts"
          ]
        },
        "params": {}
      },
      {
        "order": 12,
        "kind": "wait_for_page",
        "instruction": "Wait for the posts page to load.",
        "delayAfterMs": 0,
        "timeoutMs": 15000,
        "target": {
          "description": "",
          "selectors": [],
          "text": "",
          "role": "",
          "alternativeTexts": []
        },
        "params": {
          "readyState": "complete"
        }
      },
      {
        "order": 13,
        "kind": "wait",
        "instruction": "Stay on the page for 10-12 sec. Use random value. Move mouse around.",
        "delayAfterMs": 0,
        "timeoutMs": 12000,
        "target": {
          "description": "",
          "selectors": [],
          "text": "",
          "role": "",
          "alternativeTexts": []
        },
        "params": {
          "moveMouse": true
        }
      },
      {
        "order": 14,
        "kind": "branch_if_missing",
        "instruction": "If there is no third post on the page, then end the script.",
        "delayAfterMs": 0,
        "timeoutMs": 5000,
        "target": {
          "description": "Third post on the posts page",
          "selectors": [],
          "text": "",
          "role": "article",
          "alternativeTexts": []
        },
        "params": {
          "onMissing": "end_script"
        }
      },
      {
        "order": 15,
        "kind": "click",
        "instruction": "Find the third post shown on the page.",
        "delayAfterMs": 0,
        "timeoutMs": 5000,
        "target": {
          "description": "",
          "selectors": [],
          "text": "",
          "role": "article",
          "alternativeTexts": []
        },
        "params": {
          "index": 3
        }
      },
      {
        "order": 16,
        "kind": "branch_if_missing",
        "instruction": "On that third post, find the More option.",
        "delayAfterMs": 0,
        "timeoutMs": 5000,
        "target": {
          "description": "",
          "selectors": [],
          "text": "More",
          "role": "button",
          "alternativeTexts": []
        },
        "params": {}
      },
      {
        "order": 17,
        "kind": "scroll",
        "instruction": "If needed, scroll slightly until the More option is visible.",
        "delayAfterMs": 0,
        "timeoutMs": 3000,
        "target": {
          "description": "",
          "selectors": [],
          "text": "More",
          "role": "button",
          "alternativeTexts": []
        },
        "params": {}
      },
      {
        "order": 18,
        "kind": "click",
        "instruction": "Click More on the third post.",
        "delayAfterMs": 0,
        "timeoutMs": 5000,
        "target": {
          "description": "",
          "selectors": [],
          "text": "More",
          "role": "button",
          "alternativeTexts": []
        },
        "params": {
          "index": 3
        }
      },
      {
        "order": 19,
        "kind": "wait_for_page",
        "instruction": "Wait for the page to load after clicking More.",
        "delayAfterMs": 0,
        "timeoutMs": 15000,
        "target": {
          "description": "",
          "selectors": [],
          "text": "",
          "role": "",
          "alternativeTexts": []
        },
        "params": {
          "readyState": "complete"
        }
      },
      {
        "order": 20,
        "kind": "wait",
        "instruction": "Stay on the page for 10-15 sec. Use random value.",
        "delayAfterMs": 0,
        "timeoutMs": 15000,
        "target": {
          "description": "",
          "selectors": [],
          "text": "",
          "role": "",
          "alternativeTexts": []
        },
        "params": {}
      },
      {
        "order": 21,
        "kind": "click",
        "instruction": "Put Like to the post.",
        "delayAfterMs": 0,
        "timeoutMs": 5000,
        "target": {
          "description": "",
          "selectors": [],
          "text": "Like",
          "role": "button",
          "alternativeTexts": []
        },
        "params": {}
      }
    ]
  }
}

[2026-03-16T02:06:03.925Z] COMMAND {"command":"C:\\nvm4w\\nodejs\\node.exe","commandArgs":["C:\\nvm4w\\nodejs\\node_modules\\openclaw\\openclaw.mjs","browser","--browser-profile","chrome","--token","[masked]","tabs","--json"],"openClawArgs":["browser","--browser-profile","chrome","--token","[masked]","tabs","--json"],"expectsJson":true}
[2026-03-16T02:06:05.501Z] RESPONSE {"command":"C:\\nvm4w\\nodejs\\node.exe","commandArgs":["C:\\nvm4w\\nodejs\\node_modules\\openclaw\\openclaw.mjs","browser","--browser-profile","chrome","--token","[masked]","tabs","--json"],"exitCode":0,"stdout":"{\n  \"tabs\": [\n    {\n      \"targetId\": \"90639ED977B1BEF43E8F48BE5157CF53\",\n      \"title\": \"(11) Feed | LinkedIn\",\n      \"url\": \"https://www.linkedin.com/feed/\",\n      \"wsUrl\": \"ws://127.0.0.1:18792/cdp\",\n      \"type\": \"page\"\n    }\n  ]\n}","stderr":""}
[2026-03-16T02:06:05.502Z] COMMAND {"command":"C:\\nvm4w\\nodejs\\node.exe","commandArgs":["C:\\nvm4w\\nodejs\\node_modules\\openclaw\\openclaw.mjs","browser","--browser-profile","chrome","--token","[masked]","wait","--target-id","90639ED977B1BEF43E8F48BE5157CF53","--timeout-ms","10000","--load","load"],"openClawArgs":["browser","--browser-profile","chrome","--token","[masked]","wait","--target-id","90639ED977B1BEF43E8F48BE5157CF53","--timeout-ms","10000","--load","load"],"expectsJson":false}
[2026-03-16T02:06:07.023Z] RESPONSE {"command":"C:\\nvm4w\\nodejs\\node.exe","commandArgs":["C:\\nvm4w\\nodejs\\node_modules\\openclaw\\openclaw.mjs","browser","--browser-profile","chrome","--token","[masked]","wait","--target-id","90639ED977B1BEF43E8F48BE5157CF53","--timeout-ms","10000","--load","load"],"exitCode":0,"stdout":"wait complete","stderr":""}
[2026-03-16T02:06:07.024Z] COMMAND {"command":"C:\\nvm4w\\nodejs\\node.exe","commandArgs":["C:\\nvm4w\\nodejs\\node_modules\\openclaw\\openclaw.mjs","browser","--browser-profile","chrome","--token","[masked]","evaluate","--fn","() => ({ url: window.location.href, title: document.title, readyState: document.readyState, scrollY: window.scrollY })","--target-id","90639ED977B1BEF43E8F48BE5157CF53","--json"],"openClawArgs":["browser","--browser-profile","chrome","--token","[masked]","evaluate","--fn","() => ({ url: window.location.href, title: document.title, readyState: document.readyState, scrollY: window.scrollY })","--target-id","90639ED977B1BEF43E8F48BE5157CF53","--json"],"expectsJson":true}
[2026-03-16T02:06:08.555Z] RESPONSE {"command":"C:\\nvm4w\\nodejs\\node.exe","commandArgs":["C:\\nvm4w\\nodejs\\node_modules\\openclaw\\openclaw.mjs","browser","--browser-profile","chrome","--token","[masked]","evaluate","--fn","() => ({ url: window.location.href, title: document.title, readyState: document.readyState, scrollY: window.scrollY })","--target-id","90639ED977B1BEF43E8F48BE5157CF53","--json"],"exitCode":0,"stdout":"{\n  \"ok\": true,\n  \"targetId\": \"90639ED977B1BEF43E8F48BE5157CF53\",\n  \"url\": \"https://www.linkedin.com/feed/\",\n  \"result\": {\n    \"url\": \"https://www.linkedin.com/feed/\",\n    \"title\": \"Feed | LinkedIn\",\n    \"readyState\": \"complete\",\n    \"scrollY\": 0\n  }\n}","stderr":""}
[2026-03-16T02:06:08.556Z] COMMAND {"command":"C:\\nvm4w\\nodejs\\node.exe","commandArgs":["C:\\nvm4w\\nodejs\\node_modules\\openclaw\\openclaw.mjs","browser","--browser-profile","chrome","--token","[masked]","evaluate","--fn","() => ({ url: window.location.href, title: document.title, readyState: document.readyState, scrollY: window.scrollY })","--target-id","90639ED977B1BEF43E8F48BE5157CF53","--json"],"openClawArgs":["browser","--browser-profile","chrome","--token","[masked]","evaluate","--fn","() => ({ url: window.location.href, title: document.title, readyState: document.readyState, scrollY: window.scrollY })","--target-id","90639ED977B1BEF43E8F48BE5157CF53","--json"],"expectsJson":true}
[2026-03-16T02:06:10.064Z] RESPONSE {"command":"C:\\nvm4w\\nodejs\\node.exe","commandArgs":["C:\\nvm4w\\nodejs\\node_modules\\openclaw\\openclaw.mjs","browser","--browser-profile","chrome","--token","[masked]","evaluate","--fn","() => ({ url: window.location.href, title: document.title, readyState: document.readyState, scrollY: window.scrollY })","--target-id","90639ED977B1BEF43E8F48BE5157CF53","--json"],"exitCode":0,"stdout":"{\n  \"ok\": true,\n  \"targetId\": \"90639ED977B1BEF43E8F48BE5157CF53\",\n  \"url\": \"https://www.linkedin.com/feed/\",\n  \"result\": {\n    \"url\": \"https://www.linkedin.com/feed/\",\n    \"title\": \"Feed | LinkedIn\",\n    \"readyState\": \"complete\",\n    \"scrollY\": 0\n  }\n}","stderr":""}
[2026-03-16T02:06:10.065Z] COMMAND {"command":"C:\\nvm4w\\nodejs\\node.exe","commandArgs":["C:\\nvm4w\\nodejs\\node_modules\\openclaw\\openclaw.mjs","browser","--browser-profile","chrome","--token","[masked]","evaluate","--fn","() => ({ url: window.location.href, title: document.title, readyState: document.readyState, scrollY: window.scrollY })","--target-id","90639ED977B1BEF43E8F48BE5157CF53","--json"],"openClawArgs":["browser","--browser-profile","chrome","--token","[masked]","evaluate","--fn","() => ({ url: window.location.href, title: document.title, readyState: document.readyState, scrollY: window.scrollY })","--target-id","90639ED977B1BEF43E8F48BE5157CF53","--json"],"expectsJson":true}
[2026-03-16T02:06:11.562Z] RESPONSE {"command":"C:\\nvm4w\\nodejs\\node.exe","commandArgs":["C:\\nvm4w\\nodejs\\node_modules\\openclaw\\openclaw.mjs","browser","--browser-profile","chrome","--token","[masked]","evaluate","--fn","() => ({ url: window.location.href, title: document.title, readyState: document.readyState, scrollY: window.scrollY })","--target-id","90639ED977B1BEF43E8F48BE5157CF53","--json"],"exitCode":0,"stdout":"{\n  \"ok\": true,\n  \"targetId\": \"90639ED977B1BEF43E8F48BE5157CF53\",\n  \"url\": \"https://www.linkedin.com/feed/\",\n  \"result\": {\n    \"url\": \"https://www.linkedin.com/feed/\",\n    \"title\": \"Feed | LinkedIn\",\n    \"readyState\": \"complete\",\n    \"scrollY\": 0\n  }\n}","stderr":""}
[2026-03-16T02:06:12.067Z] COMMAND {"command":"C:\\nvm4w\\nodejs\\node.exe","commandArgs":["C:\\nvm4w\\nodejs\\node_modules\\openclaw\\openclaw.mjs","browser","--browser-profile","chrome","--token","[masked]","navigate","https://www.linkedin.com/mynetwork/","--target-id","90639ED977B1BEF43E8F48BE5157CF53"],"openClawArgs":["browser","--browser-profile","chrome","--token","[masked]","navigate","https://www.linkedin.com/mynetwork/","--target-id","90639ED977B1BEF43E8F48BE5157CF53"],"expectsJson":false}
[2026-03-16T02:06:15.526Z] RESPONSE {"command":"C:\\nvm4w\\nodejs\\node.exe","commandArgs":["C:\\nvm4w\\nodejs\\node_modules\\openclaw\\openclaw.mjs","browser","--browser-profile","chrome","--token","[masked]","navigate","https://www.linkedin.com/mynetwork/","--target-id","90639ED977B1BEF43E8F48BE5157CF53"],"exitCode":0,"stdout":"navigated to https://www.linkedin.com/mynetwork/","stderr":""}
[2026-03-16T02:06:16.036Z] COMMAND {"command":"C:\\nvm4w\\nodejs\\node.exe","commandArgs":["C:\\nvm4w\\nodejs\\node_modules\\openclaw\\openclaw.mjs","browser","--browser-profile","chrome","--token","[masked]","wait","--target-id","90639ED977B1BEF43E8F48BE5157CF53","--timeout-ms","15000","--load","load"],"openClawArgs":["browser","--browser-profile","chrome","--token","[masked]","wait","--target-id","90639ED977B1BEF43E8F48BE5157CF53","--timeout-ms","15000","--load","load"],"expectsJson":false}
[2026-03-16T02:06:17.634Z] RESPONSE {"command":"C:\\nvm4w\\nodejs\\node.exe","commandArgs":["C:\\nvm4w\\nodejs\\node_modules\\openclaw\\openclaw.mjs","browser","--browser-profile","chrome","--token","[masked]","wait","--target-id","90639ED977B1BEF43E8F48BE5157CF53","--timeout-ms","15000","--load","load"],"exitCode":0,"stdout":"wait complete","stderr":""}
[2026-03-16T02:06:17.635Z] COMMAND {"command":"C:\\nvm4w\\nodejs\\node.exe","commandArgs":["C:\\nvm4w\\nodejs\\node_modules\\openclaw\\openclaw.mjs","browser","--browser-profile","chrome","--token","[masked]","evaluate","--fn","() => ({ url: window.location.href, title: document.title, readyState: document.readyState, scrollY: window.scrollY })","--target-id","90639ED977B1BEF43E8F48BE5157CF53","--json"],"openClawArgs":["browser","--browser-profile","chrome","--token","[masked]","evaluate","--fn","() => ({ url: window.location.href, title: document.title, readyState: document.readyState, scrollY: window.scrollY })","--target-id","90639ED977B1BEF43E8F48BE5157CF53","--json"],"expectsJson":true}
[2026-03-16T02:06:19.158Z] RESPONSE {"command":"C:\\nvm4w\\nodejs\\node.exe","commandArgs":["C:\\nvm4w\\nodejs\\node_modules\\openclaw\\openclaw.mjs","browser","--browser-profile","chrome","--token","[masked]","evaluate","--fn","() => ({ url: window.location.href, title: document.title, readyState: document.readyState, scrollY: window.scrollY })","--target-id","90639ED977B1BEF43E8F48BE5157CF53","--json"],"exitCode":0,"stdout":"{\n  \"ok\": true,\n  \"targetId\": \"90639ED977B1BEF43E8F48BE5157CF53\",\n  \"url\": \"https://www.linkedin.com/feed/\",\n  \"result\": {\n    \"url\": \"https://www.linkedin.com/mynetwork/grow/\",\n    \"title\": \"Grow | LinkedIn\",\n    \"readyState\": \"complete\",\n    \"scrollY\": 0\n  }\n}","stderr":""}
[2026-03-16T02:06:19.159Z] COMMAND {"command":"C:\\nvm4w\\nodejs\\node.exe","commandArgs":["C:\\nvm4w\\nodejs\\node_modules\\openclaw\\openclaw.mjs","browser","--browser-profile","chrome","--token","[masked]","evaluate","--fn","() => ({ url: window.location.href, title: document.title, readyState: document.readyState, scrollY: window.scrollY })","--target-id","90639ED977B1BEF43E8F48BE5157CF53","--json"],"openClawArgs":["browser","--browser-profile","chrome","--token","[masked]","evaluate","--fn","() => ({ url: window.location.href, title: document.title, readyState: document.readyState, scrollY: window.scrollY })","--target-id","90639ED977B1BEF43E8F48BE5157CF53","--json"],"expectsJson":true}
[2026-03-16T02:06:20.655Z] RESPONSE {"command":"C:\\nvm4w\\nodejs\\node.exe","commandArgs":["C:\\nvm4w\\nodejs\\node_modules\\openclaw\\openclaw.mjs","browser","--browser-profile","chrome","--token","[masked]","evaluate","--fn","() => ({ url: window.location.href, title: document.title, readyState: document.readyState, scrollY: window.scrollY })","--target-id","90639ED977B1BEF43E8F48BE5157CF53","--json"],"exitCode":0,"stdout":"{\n  \"ok\": true,\n  \"targetId\": \"90639ED977B1BEF43E8F48BE5157CF53\",\n  \"url\": \"https://www.linkedin.com/feed/\",\n  \"result\": {\n    \"url\": \"https://www.linkedin.com/mynetwork/grow/\",\n    \"title\": \"Grow | LinkedIn\",\n    \"readyState\": \"complete\",\n    \"scrollY\": 0\n  }\n}","stderr":""}
[2026-03-16T02:06:20.656Z] COMMAND {"command":"C:\\nvm4w\\nodejs\\node.exe","commandArgs":["C:\\nvm4w\\nodejs\\node_modules\\openclaw\\openclaw.mjs","browser","--browser-profile","chrome","--token","[masked]","evaluate","--fn","() => ({ url: window.location.href, title: document.title, readyState: document.readyState, scrollY: window.scrollY })","--target-id","90639ED977B1BEF43E8F48BE5157CF53","--json"],"openClawArgs":["browser","--browser-profile","chrome","--token","[masked]","evaluate","--fn","() => ({ url: window.location.href, title: document.title, readyState: document.readyState, scrollY: window.scrollY })","--target-id","90639ED977B1BEF43E8F48BE5157CF53","--json"],"expectsJson":true}
[2026-03-16T02:06:22.186Z] RESPONSE {"command":"C:\\nvm4w\\nodejs\\node.exe","commandArgs":["C:\\nvm4w\\nodejs\\node_modules\\openclaw\\openclaw.mjs","browser","--browser-profile","chrome","--token","[masked]","evaluate","--fn","() => ({ url: window.location.href, title: document.title, readyState: document.readyState, scrollY: window.scrollY })","--target-id","90639ED977B1BEF43E8F48BE5157CF53","--json"],"exitCode":0,"stdout":"{\n  \"ok\": true,\n  \"targetId\": \"90639ED977B1BEF43E8F48BE5157CF53\",\n  \"url\": \"https://www.linkedin.com/feed/\",\n  \"result\": {\n    \"url\": \"https://www.linkedin.com/mynetwork/grow/\",\n    \"title\": \"Grow | LinkedIn\",\n    \"readyState\": \"complete\",\n    \"scrollY\": 0\n  }\n}","stderr":""}
[2026-03-16T02:06:23.221Z] COMMAND {"command":"C:\\nvm4w\\nodejs\\node.exe","commandArgs":["C:\\nvm4w\\nodejs\\node_modules\\openclaw\\openclaw.mjs","browser","--browser-profile","chrome","--token","[masked]","snapshot","--target-id","90639ED977B1BEF43E8F48BE5157CF53","--limit","800","--json"],"openClawArgs":["browser","--browser-profile","chrome","--token","[masked]","snapshot","--target-id","90639ED977B1BEF43E8F48BE5157CF53","--limit","800","--json"],"expectsJson":true}
[2026-03-16T02:06:24.805Z] RESPONSE {"command":"C:\\nvm4w\\nodejs\\node.exe","commandArgs":["C:\\nvm4w\\nodejs\\node_modules\\openclaw\\openclaw.mjs","browser","--browser-profile","chrome","--token","[masked]","snapshot","--target-id","90639ED977B1BEF43E8F48BE5157CF53","--limit","800","--json"],"exitCode":0,"stdout":"{\n  \"ok\": true,\n  \"format\": \"ai\",\n  \"targetId\": \"90639ED977B1BEF43E8F48BE5157CF53\",\n  \"url\": \"https://www.linkedin.com/feed/\",\n  \"snapshot\": \"- generic [ref=e2]:\\n  - heading \\\"0 notifications\\\" [level=2] [ref=e3]\\n  - generic [ref=e4]:\\n    - generic:\\n      - button [ref=e5] [cursor=pointer]:\\n        - generic [ref=e7]: Skip to main content\\n      - button [ref=e8] [cursor=pointer]:\\n        - img [ref=e10]\\n    - generic [ref=e12]:\\n      - banner [ref=e14]:\\n        - generic [ref=e17]:\\n          - button \\\"LinkedIn\\\" [ref=e18] [cursor=pointer]:\\n            - img \\\"LinkedIn\\\" [ref=e19]\\n          - search [ref=e22]:\\n            - generic [ref=e23]:\\n              - img [ref=e25]\\n              - textbox \\\"Search\\\" [ref=e27]\\n          - generic [ref=e29]:\\n            - figure [ref=e34]\\n            - navigation [ref=e37]:\\n              - list [ref=e38]:\\n                - listitem [ref=e39]:\\n                  - button \\\"Home, 1 new notification\\\" [ref=e40] [cursor=pointer]:\\n                    - img [ref=e42]\\n                    - generic [ref=e46]: Home\\n                - listitem [ref=e47]:\\n                  - link \\\"My Network, 0 new notifications\\\" [ref=e48] [cursor=pointer]:\\n                    - /url: https://www.linkedin.com/mynetwork\\n                    - img [ref=e50]\\n                    - generic [ref=e53]: My Network\\n                - listitem [ref=e54]:\\n                  - button \\\"Jobs, 0 new notifications\\\" [ref=e55] [cursor=pointer]:\\n                    - img [ref=e57]\\n                    - generic [ref=e60]: Jobs\\n                - listitem [ref=e61]:\\n                  - link \\\"Messaging, 0 new notifications\\\" [ref=e62] [cursor=pointer]:\\n                    - /url: https://www.linkedin.com/messaging/\\n                    - img [ref=e64]\\n                    - generic [ref=e67]: Messaging\\n                - listitem [ref=e68]:\\n                  - link \\\"Notifications, 0 new notifications\\\" [ref=e69] [cursor=pointer]:\\n                    - /url: https://www.linkedin.com/notifications/\\n                    - img [ref=e71]\\n                    - generic [ref=e74]: Notifications\\n                - listitem [ref=e75]:\\n                  - button \\\"Me\\\" [ref=e76] [cursor=pointer]:\\n                    - figure [ref=e78]\\n                    - generic [ref=e80]:\\n                      - text: Me\\n                      - img [ref=e81]\\n            - generic [ref=e84]:\\n              - navigation [ref=e85]:\\n                - list [ref=e86]:\\n                  - listitem [ref=e87]:\\n                    - button \\\"For Business\\\" [ref=e88] [cursor=pointer]:\\n                      - img [ref=e90]\\n                      - generic [ref=e93]:\\n                        - text: For Business\\n                        - img [ref=e94]\\n              - link \\\"Try Premium for zł 0\\\" [ref=e97] [cursor=pointer]:\\n                - /url: https://www.linkedin.com/premium/products/?upsellOrderOrigin=Tracking%3Av1%3Apremium_nav_upsell_text%3ANav%3AIn-Product&referenceId=0WkMh2eIT4GQNg053WkXyg%3D%3D&isSS=false\\n                - generic [ref=e98]:\\n                  - img [ref=e99]\\n                  - paragraph [ref=e103]: Try Premium for zł 0\\n      - main [ref=e105]:\\n        - generic [ref=e107]:\\n          - generic [ref=e111]:\\n            - generic [ref=e116]:\\n              - generic [ref=e117]:\\n                - paragraph [ref=e118]: Network overview\\n                - generic [ref=e119]:\\n                  - generic [ref=e120]:\\n                    - paragraph [ref=e121]: \\\"0\\\"\\n                    - paragraph [ref=e122]: Invites sent\\n                  - link \\\"0 Connections\\\" [ref=e123] [cursor=pointer]:\\n                    - /url: https://www.linkedin.com/mynetwork/invite-connect/connections\\n                    - generic [ref=e124]:\\n                      - paragraph [ref=e125]: \\\"0\\\"\\n                      - paragraph [ref=e126]: Connections\\n                  - link \\\"0 Following\\\" [ref=e127] [cursor=pointer]:\\n                    - /url: https://www.linkedin.com/mynetwork/network-manager/people-follow/?filterType=member\\n                    - generic [ref=e128]:\\n                      - paragraph [ref=e129]: \\\"0\\\"\\n                      - paragraph [ref=e130]: Following\\n              - button \\\"Show more\\\" [ref=e132] [cursor=pointer]:\\n                - generic [ref=e133]:\\n                  - img [ref=e134]\\n                  - generic [ref=e136]: Show more\\n            - iframe [ref=e139]:\\n              - link \\\"Advertise on LinkedIn\\\" [ref=f218e3] [cursor=pointer]:\\n                - /url: https://www.linkedin.com/jobs/?trk=li_FA_global_careers_jobsgtm_jsFA_v1&mcid=6899045044465016833\\n                - img \\\"Advertise on LinkedIn\\\" [ref=f218e4]\\n            - generic [ref=e140]:\\n              - generic [ref=e141]:\\n                - link \\\"About\\\" [ref=e142] [cursor=pointer]:\\n                  - /url: https://about.linkedin.com/\\n                  - paragraph [ref=e143]: About\\n                - link \\\"Accessibility\\\" [ref=e144] [cursor=pointer]:\\n                  - /url: https://www.linkedin.com/accessibility/\\n                  - paragraph [ref=e145]: Accessibility\\n                - link \\\"Help Center\\\" [ref=e146] [cursor=pointer]:\\n                  - /url: https://www.linkedin.com/help/linkedin/\\n                  - paragraph [ref=e147]: Help Center\\n                - button \\\"Privacy & Terms\\\" [ref=e148] [cursor=pointer]:\\n                  - generic [ref=e149]:\\n                    - paragraph [ref=e150]: Privacy & Terms\\n                    - img [ref=e151]\\n                - link \\\"Ad Choices\\\" [ref=e153] [cursor=pointer]:\\n                  - /url: https://www.linkedin.com/help/linkedin/answer/62931/\\n                  - paragraph [ref=e154]: Ad Choices\\n                - link \\\"Advertising\\\" [ref=e155] [cursor=pointer]:\\n                  - /url: https://www.linkedin.com/ad/start/?trk=n_nav_ads_rr\\n                  - paragraph [ref=e156]: Advertising\\n                - button \\\"Business Services\\\" [ref=e157] [cursor=pointer]:\\n                  - generic [ref=e158]:\\n                    - paragraph [ref=e159]: Business Services\\n                    - img [ref=e160]\\n                - link \\\"Get the LinkedIn app\\\" [ref=e162] [cursor=pointer]:\\n                  - /url: https://www.linkedin.com/mobile/\\n                  - paragraph [ref=e163]: Get the LinkedIn app\\n                - link \\\"More\\\" [ref=e164] [cursor=pointer]:\\n                  - /url: https://www.linkedin.com/mynetwork/grow/\\n                  - paragraph [ref=e165]: More\\n              - generic [ref=e166]:\\n                - img [ref=e167]\\n                - paragraph [ref=e169]: LinkedIn Corporation © 2026\\n          - generic [ref=e173]:\\n            - generic [ref=e180]:\\n              - generic [ref=e181]:\\n                - paragraph [ref=e182]: Invite 5 of your colleagues to connect today\\n                - paragraph [ref=e183]: More connections means more opportunities. Start with friends, teammates, and managers.\\n              - generic [ref=e184]:\\n                - generic [ref=e185]:\\n                  - link \\\"1\\\" [ref=e188] [cursor=pointer]:\\n                    - /url: https://www.linkedin.com/mynetwork/upload-contacts-auth/?importOrigin=MyNetworkOnboarding\\n                    - paragraph [ref=e191]: \\\"1\\\"\\n                  - link \\\"2\\\" [ref=e194] [cursor=pointer]:\\n                    - /url: https://www.linkedin.com/mynetwork/upload-contacts-auth/?importOrigin=MyNetworkOnboarding\\n                    - paragraph [ref=e197]: \\\"2\\\"\\n                  - link \\\"3\\\" [ref=e200] [cursor=pointer]:\\n                    - /url: https://www.linkedin.com/mynetwork/upload-contacts-auth/?importOrigin=MyNetworkOnboarding\\n                    - paragraph [ref=e203]: \\\"3\\\"\\n                  - link \\\"4\\\" [ref=e206] [cursor=pointer]:\\n                    - /url: https://www.linkedin.com/mynetwork/upload-contacts-auth/?importOrigin=MyNetworkOnboarding\\n                    - paragraph [ref=e209]: \\\"4\\\"\\n                  - link \\\"5\\\" [ref=e212] [cursor=pointer]:\\n                    - /url: https://www.linkedin.com/mynetwork/upload-contacts-auth/?importOrigin=MyNetworkOnboarding\\n                    - paragraph [ref=e215]: \\\"5\\\"\\n                - link \\\"Search for people you know\\\" [ref=e216] [cursor=pointer]:\\n                  - /url: https://www.linkedin.com/mynetwork/grow/\\n                  - generic [ref=e217]:\\n                    - img [ref=e218]\\n                    - generic [ref=e220]: Search for people you know\\n            - generic [ref=e225]:\\n              - generic [ref=e226]:\\n                - heading \\\"No pending invitations\\\" [level=2] [ref=e228]\\n                - link \\\"Manage all invitations\\\" [ref=e229] [cursor=pointer]:\\n                  - /url: https://www.linkedin.com/mynetwork/invitation-manager/\\n                  - generic [ref=e231]: Manage\\n              - list\\n            - generic [ref=e234]:\\n              - generic [ref=e236]:\\n                - heading \\\"People you may know in Warsaw Metropolitan Area\\\" [level=3] [ref=e237]\\n                - link \\\"Show all suggestions for People you may know in Warsaw Metropolitan Area\\\" [ref=e238] [cursor=pointer]:\\n                  - /url: https://www.linkedin.com/mynetwork/grow/\\n                  - generic [ref=e240]: Show all\\n              - list [ref=e241]:\\n                - listitem [ref=e243]:\\n                  - generic [ref=e244]:\\n                    - generic [ref=e245]:\\n                      - link \\\"Jakub P., Premium IT Service Delivery Management\\\" [ref=e246] [cursor=pointer]:\\n                        - /url: https://www.linkedin.com/in/jakubpacholski/\\n                        - generic [ref=e247]:\\n                          - generic [ref=e248]:\\n                            - figure [ref=e249]\\n                            - figure [ref=e250]:\\n                              - img [ref=e251]\\n                          - generic [ref=e257]:\\n                            - paragraph [ref=e259]:\\n                              - generic [ref=e260]: Jakub P., Premium\\n                              - generic [ref=e261]:\\n                                - text: Jakub P.\\n                                - img [ref=e263]\\n                            - paragraph [ref=e266]: IT Service Delivery Management\\n                      - button \\\"Invite Jakub P. to connect\\\" [ref=e269] [cursor=pointer]:\\n                        - generic [ref=e270]:\\n                          - img [ref=e271]\\n                          - generic [ref=e274]: Connect\\n                    - button \\\"Remove Jakub P. as a suggestion\\\" [ref=e276] [cursor=pointer]:\\n                      - img [ref=e278]\\n                - listitem [ref=e281]:\\n                  - generic [ref=e282]:\\n                    - generic [ref=e283]:\\n                      - link \\\"Sławomir Dec, Verified Cybersecurity|CISSP\\\" [ref=e284] [cursor=pointer]:\\n                        - /url: https://www.linkedin.com/in/s%C5%82awomir-dec/\\n                        - generic [ref=e285]:\\n                          - generic [ref=e286]:\\n                            - figure [ref=e287]\\n                            - figure [ref=e288]\\n                          - generic [ref=e289]:\\n                            - paragraph [ref=e291]:\\n                              - generic [ref=e292]: Sławomir Dec, Verified\\n                              - generic [ref=e293]:\\n                                - text: Sławomir Dec\\n                                - img [ref=e295]\\n                            - paragraph [ref=e298]: Cybersecurity|CISSP\\n                      - button \\\"Invite Sławomir Dec to connect\\\" [ref=e301] [cursor=pointer]:\\n                        - generic [ref=e302]:\\n                          - img [ref=e303]\\n                          - generic [ref=e306]: Connect\\n                    - button \\\"Remove Sławomir Dec as a suggestion\\\" [ref=e308] [cursor=pointer]:\\n                      - img [ref=e310]\\n                - listitem [ref=e313]:\\n                  - generic [ref=e314]:\\n                    - generic [ref=e315]:\\n                      - link \\\"Adam Szafara Helping businesses to raise its digital potential🌏\\\" [ref=e316] [cursor=pointer]:\\n                        - /url: https://www.linkedin.com/in/szafara/\\n                        - generic [ref=e317]:\\n                          - generic [ref=e318]:\\n                            - figure [ref=e319]\\n                            - figure [ref=e320]:\\n                              - img [ref=e321]\\n                          - generic [ref=e327]:\\n                            - paragraph [ref=e329]:\\n                              - generic [ref=e330]: Adam Szafara\\n                              - text: Adam Szafara\\n                            - paragraph [ref=e332]: Helping businesses to raise its digital potential🌏\\n                      - button \\\"Invite Adam Szafara to connect\\\" [ref=e335] [cursor=pointer]:\\n                        - generic [ref=e336]:\\n                          - img [ref=e337]\\n                          - generic [ref=e340]: Connect\\n                    - button \\\"Remove Adam Szafara as a suggestion\\\" [ref=e342] [cursor=pointer]:\\n                      - img [ref=e344]\\n                - listitem [ref=e347]:\\n                  - generic [ref=e348]:\\n                    - generic [ref=e349]:\\n                      - link \\\"Andrzej Jargiło Specjalista magazynier\\\" [ref=e350] [cursor=pointer]:\\n                        - /url: https://www.linkedin.com/in/andrzej-jargi%C5%82o-b6b546100/\\n                        - generic [ref=e351]:\\n                          - generic [ref=e352]:\\n                            - figure [ref=e353]\\n                            - figure [ref=e354]\\n                          - generic [ref=e355]:\\n                            - paragraph [ref=e357]:\\n                              - generic [ref=e358]: Andrzej Jargiło\\n                              - text: Andrzej Jargiło\\n                            - paragraph [ref=e360]: Specjalista magazynier\\n                      - button \\\"Invite Andrzej Jargiło to connect\\\" [ref=e363] [cursor=pointer]:\\n                        - generic [ref=e364]:\\n                          - img [ref=e365]\\n                          - generic [ref=e368]: Connect\\n                    - button \\\"Remove Andrzej Jargiło as a suggestion\\\" [ref=e370] [cursor=pointer]:\\n                      - img [ref=e372]\\n                - listitem [ref=e375]:\\n                  - generic [ref=e376]:\\n                    - generic [ref=e377]:\\n                      - link \\\"Marcin Owsianka, Verified Business Development Manager at Ledatel\\\" [ref=e378] [cursor=pointer]:\\n                        - /url: https://www.linkedin.com/in/marcin-owsianka/\\n                        - generic [ref=e379]:\\n                          - generic [ref=e380]:\\n                            - figure [ref=e381]\\n                            - figure [ref=e382]\\n                          - generic [ref=e383]:\\n                            - paragraph [ref=e385]:\\n                              - generic [ref=e386]: Marcin Owsianka, Verified\\n                              - generic [ref=e387]:\\n                                - text: Marcin Owsianka\\n                                - img [ref=e389]\\n                            - paragraph [ref=e392]: Business Development Manager at Ledatel\\n                      - button \\\"Invite Marcin Owsianka to connect\\\" [ref=e395] [cursor=pointer]:\\n                        - generic [ref=e396]:\\n                          - img [ref=e397]\\n                          - generic [ref=e400]: Connect\\n                    - button \\\"Remove Marcin Owsianka as a suggestion\\\" [ref=e402] [cursor=pointer]:\\n                      - img [ref=e404]\\n                - listitem [ref=e407]:\\n                  - generic [ref=e408]:\\n                    - generic [ref=e409]:\\n                      - link \\\"Natallia Zhalabkovich, Verified Data Engineering\\\" [ref=e410] [cursor=pointer]:\\n                        - /url: https://www.linkedin.com/in/natallia-zhalabkovich/\\n                        - generic [ref=e411]:\\n                          - generic [ref=e412]:\\n                            - figure [ref=e413]:\\n                              - img [ref=e414]\\n                            - figure [ref=e420]\\n                          - generic [ref=e421]:\\n                            - paragraph [ref=e423]:\\n                              - generic [ref=e424]: Natallia Zhalabkovich, Verified\\n                              - generic [ref=e425]:\\n                                - text: Natallia Zhalabkovich\\n                                - img [ref=e427]\\n                            - paragraph [ref=e430]: Data Engineering\\n                      - button \\\"Invite Natallia Zhalabkovich to connect\\\" [ref=e433] [cursor=pointer]:\\n                        - generic [ref=e434]:\\n                          - img [ref=e435]\\n                          - generic [ref=e438]: Connect\\n                    - button \\\"Remove Natallia Zhalabkovich as a suggestion\\\" [ref=e440] [cursor=pointer]:\\n                      - img [ref=e442]\\n                - listitem [ref=e445]:\\n                  - generic [ref=e446]:\\n                    - generic [ref=e447]:\\n                      - link \\\"Jerzy Lipiński, Verified Product Manager at Omnires\\\" [ref=e448] [cursor=pointer]:\\n                        - /url: https://www.linkedin.com/in/jerzylipinski/\\n                        - generic [ref=e449]:\\n                          - generic [ref=e450]:\\n                            - figure [ref=e451]\\n                            - figure [ref=e452]\\n                          - generic [ref=e453]:\\n                            - paragraph [ref=e455]:\\n                              - generic [ref=e456]: Jerzy Lipiński, Verified\\n                              - generic [ref=e457]:\\n                                - text: Jerzy Lipiński\\n                                - img [ref=e459]\\n                            - paragraph [ref=e462]: Product Manager at Omnires\\n                      - button \\\"Invite Jerzy Lipiński to connect\\\" [ref=e465] [cursor=pointer]:\\n                        - generic [ref=e466]:\\n                          - img [ref=e467]\\n                          - generic [ref=e470]: Connect\\n                    - button \\\"Remove Jerzy Lipiński as a suggestion\\\" [ref=e472] [cursor=pointer]:\\n                      - img [ref=e474]\\n                - listitem [ref=e477]:\\n                  - generic [ref=e478]:\\n                    - generic [ref=e479]:\\n                      - link \\\"Mustafa FIRINCI, Verified Sales Manager | 20+ Years in Retail & Customer Management | MBA | Based in Warsaw\\\" [ref=e480] [cursor=pointer]:\\n                        - /url: https://www.linkedin.com/in/mustafafirinci/\\n                        - generic [ref=e481]:\\n                          - generic [ref=e482]:\\n                            - figure [ref=e483]\\n                            - figure [ref=e484]\\n                          - generic [ref=e485]:\\n                            - paragraph [ref=e487]:\\n                              - generic [ref=e488]: Mustafa FIRINCI, Verified\\n                              - generic [ref=e489]:\\n                                - text: Mustafa FIRINCI\\n                                - img [ref=e491]\\n                            - paragraph [ref=e494]: Sales Manager | 20+ Years in Retail & Customer Management | MBA | Based in Warsaw\\n                      - button \\\"Invite Mustafa FIRINCI to connect\\\" [ref=e497] [cursor=pointer]:\\n                        - generic [ref=e498]:\\n                          - img [ref=e499]\\n                          - generic [ref=e502]: Connect\\n                    - button \\\"Remove Mustafa FIRINCI as a suggestion\\\" [ref=e504] [cursor=pointer]:\\n                      - img [ref=e506]\\n            - generic [ref=e510]:\\n              - generic [ref=e512]:\\n                - heading \\\"People you may know based on your recent activity\\\" [level=3] [ref=e513]\\n                - link \\\"Show all suggestions for People you may know based on your recent activity\\\" [ref=e514] [cursor=pointer]:\\n                  - /url: https://www.linkedin.com/mynetwork/grow/\\n                  - generic [ref=e516]: Show all\\n              - list [ref=e517]:\\n                - listitem [ref=e519]:\\n                  - generic [ref=e520]:\\n                    - generic [ref=e521]:\\n                      - link \\\"Trenton is open to work Trenton Murphy, Premium Salesperson @ 1800-Hansons | Sales, Resiliency\\\" [ref=e522] [cursor=pointer]:\\n                        - /url: https://www.linkedin.com/in/trenton-murphy-720280381/\\n                        - generic [ref=e523]:\\n                          - generic \\\"Trenton is open to work\\\" [ref=e524]:\\n                            - figure [ref=e525]:\\n                              - img [ref=e526]\\n                            - figure [ref=e532]\\n                          - generic [ref=e533]:\\n                            - paragraph [ref=e535]:\\n                              - generic [ref=e536]: Trenton Murphy, Premium\\n                              - generic [ref=e537]:\\n                                - text: Trenton Murphy\\n                                - img [ref=e539]\\n                            - paragraph [ref=e542]: Salesperson @ 1800-Hansons | Sales, Resiliency\\n                      - button \\\"Invite Trenton Murphy to connect\\\" [ref=e545] [cursor=pointer]:\\n                        - generic [ref=e546]:\\n                          - img [ref=e547]\\n                          - generic [ref=e550]: Connect\\n                    - button \\\"Remove Trenton Murphy as a suggestion\\\" [ref=e552] [cursor=pointer]:\\n                      - img [ref=e554]\\n                - listitem [ref=e557]:\\n                  - generic [ref=e558]:\\n                    - generic [ref=e559]:\\n                      - link \\\"Mary Joy Erestain Virtual Assistant / Social Media Manager\\\" [ref=e560] [cursor=pointer]:\\n                        - /url: https://www.linkedin.com/in/mary-joy-erestain-22b696227/\\n                        - generic [ref=e561]:\\n                          - generic [ref=e562]:\\n                            - figure [ref=e563]:\\n                              - img [ref=e564]\\n                            - figure [ref=e570]\\n                          - generic [ref=e571]:\\n                            - paragraph [ref=e573]:\\n                              - generic [ref=e574]: Mary Joy Erestain\\n                              - text: Mary Joy Erestain\\n                            - paragraph [ref=e576]: Virtual Assistant / Social Media Manager\\n                      - button \\\"Invite Mary Joy Erestain to connect\\\" [ref=e579] [cursor=pointer]:\\n                        - generic [ref=e580]:\\n                          - img [ref=e581]\\n                          - generic [ref=e584]: Connect\\n                    - button \\\"Remove Mary Joy Erestain as a suggestion\\\" [ref=e586] [cursor=pointer]:\\n                      - img [ref=e588]\\n                - listitem [ref=e591]:\\n                  - generic [ref=e592]:\\n                    - generic [ref=e593]:\\n                      - link \\\"Joseph N., Verified Accounting Professional in San Diego\\\" [ref=e594] [cursor=pointer]:\\n                        - /url: https://www.linkedin.com/in/joseph-n-33364b1aa/\\n                        - generic [ref=e595]:\\n                          - generic [ref=e596]:\\n                            - figure [ref=e597]\\n                            - figure [ref=e598]\\n                          - generic [ref=e599]:\\n                            - paragraph [ref=e601]:\\n                              - generic [ref=e602]: Joseph N., Verified\\n                              - generic [ref=e603]:\\n                                - text: Joseph N.\\n                                - img [ref=e605]\\n                            - paragraph [ref=e608]: Accounting Professional in San Diego\\n                      - button \\\"Invite Joseph N. to connect\\\" [ref=e611] [cursor=pointer]:\\n                        - generic [ref=e612]:\\n                          - img [ref=e613]\\n                          - generic [ref=e616]: Connect\\n                    - button \\\"Remove Joseph N. as a suggestion\\\" [ref=e618] [cursor=pointer]:\\n                      - img [ref=e620]\\n                - listitem [ref=e623]:\\n                  - generic [ref=e624]:\\n                    - generic [ref=e625]:\\n                      - link \\\"Lou is open to work Lou West, Verified Business Management Grad Passionate About Creative, Community-Driven Work | Digital Marketing & Strategy Enthusiast\\\" [ref=e626] [cursor=pointer]:\\n                        - /url: https://www.linkedin.com/in/lou-west/\\n                        - generic [ref=e627]:\\n                          - generic \\\"Lou is open to work\\\" [ref=e628]:\\n                            - figure [ref=e629]:\\n                              - img [ref=e630]\\n                            - figure [ref=e636]\\n                          - generic [ref=e637]:\\n                            - paragraph [ref=e639]:\\n                              - generic [ref=e640]: Lou West, Verified\\n                              - generic [ref=e641]:\\n                                - text: Lou West\\n                                - img [ref=e643]\\n                            - paragraph [ref=e646]: Business Management Grad Passionate About Creative, Community-Driven Work | Digital Marketing & Strategy Enthusiast\\n                      - button \\\"Invite Lou West to connect\\\" [ref=e649] [cursor=pointer]:\\n                        - generic [ref=e650]:\\n                          - img [ref=e651]\\n                          - generic [ref=e654]: Connect\\n                    - button \\\"Remove Lou West as a suggestion\\\" [ref=e656] [cursor=pointer]:\\n                      - img [ref=e658]\\n                - listitem [ref=e661]:\\n                  - generic [ref=e662]:\\n                    - generic [ref=e663]:\\n                      - link \\\"Jermaine Bruno --\\\" [ref=e664] [cursor=pointer]:\\n                        - /url: https://www.linkedin.com/in/jermaine-bruno-a914b8324/\\n                        - generic [ref=e665]:\\n                          - generic [ref=e666]:\\n                            - figure [ref=e667]\\n                            - figure [ref=e668]\\n                          - generic [ref=e669]:\\n                            - paragraph [ref=e671]:\\n                              - generic [ref=e672]: Jermaine Bruno\\n                              - text: Jermaine Bruno\\n                            - paragraph [ref=e674]: \\\"--\\\"\\n                      - button \\\"Invite Jermaine Bruno to connect\\\" [ref=e677] [cursor=pointer]:\\n                        - generic [ref=e678]:\\n                          - img [ref=e679]\\n                          - generic [ref=e682]: Connect\\n                    - button \\\"Remove Jermaine Bruno as a suggestion\\\" [ref=e684] [cursor=pointer]:\\n                      - img [ref=e686]\\n                - listitem [ref=e689]:\\n                  - generic [ref=e690]:\\n                    - generic [ref=e691]:\\n                      - link \\\"Kevin Geiger, Verified Co-Founder @ Blue Wave 🌊\\\" [ref=e692] [cursor=pointer]:\\n                        - /url: https://www.linkedin.com/in/kevin-geiger-03006023/\\n                        - generic [ref=e693]:\\n                          - generic [ref=e694]:\\n                            - figure [ref=e695]\\n                            - figure [ref=e696]\\n                          - generic [ref=e697]:\\n                            - paragraph [ref=e699]:\\n                              - generic [ref=e700]: Kevin Geiger, Verified\\n                              - generic [ref=e701]:\\n                                - text: Kevin Geiger\\n                                - img [ref=e703]\\n                            - paragraph [ref=e706]: Co-Founder @ Blue Wave 🌊\\n                      - button \\\"Invite Kevin Geiger to connect\\\" [ref=e709] [cursor=pointer]:\\n                        - generic [ref=e710]:\\n                          - img [ref=e711]\\n                          - generic [ref=e714]: Connect\\n                    - button \\\"Remove Kevin Geiger as a suggestion\\\" [ref=e716] [cursor=pointer]:\\n                      - img [ref=e718]\\n                - listitem [ref=e721]:\\n                  - generic [ref=e722]:\\n                    - generic [ref=e723]:\\n                      - link \\\"Juan Trejo, Verified Buyer | Aerospace & Manufacturing | Supply Chain Management\\\" [ref=e724] [cursor=pointer]:\\n                        - /url: https://www.linkedin.com/in/juan-trejo-1b916a32a/\\n                        - generic [ref=e725]:\\n                          - generic [ref=e726]:\\n                            - figure [ref=e727]\\n                            - figure [ref=e728]\\n                          - generic [ref=e729]:\\n                            - paragraph [ref=e731]:\\n                              - generic [ref=e732]: Juan Trejo, Verified\\n                              - generic [ref=e733]:\\n                                - text: Juan Trejo\\n                                - img [ref=e735]\\n                            - paragraph [ref=e738]: Buyer | Aerospace & Manufacturing | Supply Chain Management\\n                      - button \\\"Invite Juan Trejo to connect\\\" [ref=e741] [cursor=pointer]:\\n                        - generic [ref=e742]:\\n                          - img [ref=e743]\\n                          - generic [ref=e746]: Connect\\n                    - button \\\"Remove Juan Trejo as a suggestion\\\" [ref=e748] [cursor=pointer]:\\n                      - img [ref=e750]\\n                - listitem [ref=e753]:\\n                  - generic [ref=e754]:\\n                    - generic [ref=e755]:\\n                      - link \\\"Konrad Fijołek Prezydent Miasta Rzeszów\\\" [ref=e756] [cursor=pointer]:\\n                        - /url: https://www.linkedin.com/in/konradfijo%C5%82ek/\\n                        - generic [ref=e757]:\\n                          - generic [ref=e758]:\\n                            - figure [ref=e759]\\n                            - figure [ref=e760]\\n                          - generic [ref=e761]:\\n                            - paragraph [ref=e763]:\\n                              - generic [ref=e764]: Konrad Fijołek\\n                              - text: Konrad Fijołek\\n                            - paragraph [ref=e766]: Prezydent Miasta Rzeszów\\n                      - button \\\"Invite Konrad Fijołek to connect\\\" [ref=e769] [cursor=pointer]:\\n                        - generic [ref=e770]:\\n                          - img [ref=e771]\\n                          - generic [ref=e774]: Connect\\n                    - button \\\"Remove Konrad Fijołek as a suggestion\\\" [ref=e776] [cursor=pointer]:\\n                      - img [ref=e778]\\n            - generic [ref=e782]:\\n              - generic [ref=e784]:\\n                - heading \\\"Popular on LinkedIn\\\" [level=3] [ref=e785]\\n                - link \\\"Show all suggestions for Popular on LinkedIn\\\" [ref=e786] [cursor=pointer]:\\n                  - /url: https://www.linkedin.com/mynetwork/grow/\\n                  - generic [ref=e788]: Show all\\n              - list [ref=e789]:\\n                - listitem [ref=e791]:\\n                  - generic [ref=e792]:\\n                    - generic [ref=e793]:\\n                      - link \\\"Tomasz Rożek, PhD Nauka To Lubie\\\" [ref=e794] [cursor=pointer]:\\n                        - /url: https://www.linkedin.com/in/tomasz-ro%C5%BCek-phd-303b1b6/\\n                        - generic [ref=e795]:\\n                          - generic [ref=e796]:\\n                            - figure [ref=e797]:\\n                              - img [ref=e798]\\n                            - figure [ref=e804]\\n                          - generic [ref=e805]:\\n                            - paragraph [ref=e807]:\\n                              - generic [ref=e808]: Tomasz Rożek, PhD\\n                              - text: Tomasz Rożek, PhD\\n                            - paragraph [ref=e810]: Nauka To Lubie\\n                      - generic [ref=e811]:\\n                        - paragraph [ref=e814]: 83,898 followers\\n                        - button \\\"Follow Tomasz Rożek, PhD\\\" [ref=e816] [cursor=pointer]:\\n                          - generic [ref=e817]:\\n                            - img [ref=e818]\\n                            - generic [ref=e821]: Follow\\n                    - button \\\"Remove Tomasz Rożek, PhD as a suggestion\\\" [ref=e823] [cursor=pointer]:\\n                      - img [ref=e825]\\n                - listitem [ref=e828]:\\n                  - generic [ref=e829]:\\n                    - generic [ref=e830]:\\n                      - link \\\"Szymon Szczesniak, Premium CEO at CodeTwo / JSON at HRejterzy\\\" [ref=e831] [cursor=pointer]:\\n                        - /url: https://www.linkedin.com/in/codetwojson/\\n                        - generic [ref=e832]:\\n                          - generic [ref=e833]:\\n                            - figure [ref=e834]:\\n                              - img [ref=e835]\\n                            - figure [ref=e841]\\n                          - generic [ref=e842]:\\n                            - paragraph [ref=e844]:\\n                              - generic [ref=e845]: Szymon Szczesniak, Premium\\n                              - generic [ref=e846]:\\n                                - text: Szymon Szczesniak\\n                                - img [ref=e848]\\n                            - paragraph [ref=e851]: CEO at CodeTwo / JSON at HRejterzy\\n                      - generic [ref=e852]:\\n                        - paragraph [ref=e855]: 185,375 followers\\n                        - button \\\"Follow Szymon Szczesniak\\\" [ref=e857] [cursor=pointer]:\\n                          - generic [ref=e858]:\\n                            - img [ref=e859]\\n                            - generic [ref=e862]: Follow\\n                    - button \\\"Remove Szymon Szczesniak as a suggestion\\\" [ref=e864] [cursor=pointer]:\\n                      - img [ref=e866]\\n                - listitem [ref=e869]:\\n                  - generic [ref=e870]:\\n                    - generic [ref=e871]:\\n                      - link \\\"Maciej Sawicki, Verified Async orgs & Remote-first leadership | Founder inStreamly | Gaming & new tech\\\" [ref=e872] [cursor=pointer]:\\n                        - /url: https://www.linkedin.com/in/maciejsawiksawicki/\\n                        - generic [ref=e873]:\\n                          - generic [ref=e874]:\\n                            - figure [ref=e875]\\n                            - figure [ref=e876]\\n                          - generic [ref=e877]:\\n                            - paragraph [ref=e879]:\\n                              - generic [ref=e880]: Maciej Sawicki, Verified\\n                              - generic [ref=e881]:\\n                                - text: Maciej Sawicki\\n                                - img [ref=e883]\\n                            - paragraph [ref=e886]: Async orgs & Remote-first leadership | Founder inStreamly | Gaming & new tech\\n                      - generic [ref=e887]:\\n                        - paragraph [ref=e890]: 18,229 followers\\n                        - button \\\"Follow Maciej Sawicki\\\" [ref=e892] [cursor=pointer]:\\n                          - generic [ref=e893]:\\n                            - img [ref=e894]\\n                            - generic [ref=e897]: Follow\\n                    - button \\\"Remove Maciej Sawicki as a suggestion\\\" [ref=e899] [cursor=pointer]:\\n                      - img [ref=e901]\\n                - listitem [ref=e904]:\\n                  - generic [ref=e905]:\\n                    - generic [ref=e906]:\\n                      - link \\\"Dr Maciej Kawecki, Verified Founder of This is it | This Is World President of the Lem Institute\\\" [ref=e907] [cursor=pointer]:\\n                        - /url: https://www.linkedin.com/in/maciejkawecki/\\n                        - generic [ref=e908]:\\n                          - generic [ref=e909]:\\n                            - figure [ref=e910]\\n                            - figure [ref=e911]:\\n                              - img [ref=e912]\\n                          - generic [ref=e918]:\\n                            - paragraph [ref=e920]:\\n                              - generic [ref=e921]: Dr Maciej Kawecki, Verified\\n                              - generic [ref=e922]:\\n                                - text: Dr Maciej Kawecki\\n                                - img [ref=e924]\\n                            - paragraph [ref=e927]: Founder of This is it | This Is World President of the Lem Institute\\n                      - generic [ref=e928]:\\n                        - paragraph [ref=e931]: 177,045 followers\\n                        - button \\\"Follow Dr Maciej Kawecki\\\" [ref=e933] [cursor=pointer]:\\n                          - generic [ref=e934]:\\n                            - img [ref=e935]\\n                            - generic [ref=e938]: Follow\\n                    - button \\\"Remove Dr Maciej Kawecki as a suggestion\\\" [ref=e940] [cursor=pointer]:\\n                      - img [ref=e942]\\n                - listitem [ref=e945]:\\n                  - generic [ref=e946]:\\n                    - generic [ref=e947]:\\n                      - link \\\"Martyna Wojciechowska, Premium Journalist, filmmaker, activist, founder of UNAWEZA Foundation\\\" [ref=e948] [cursor=pointer]:\\n                        - /url: https://www.linkedin.com/in/martyna-wojciechowska-world/en/\\n                        - generic [ref=e949]:\\n                          - generic [ref=e950]:\\n                            - figure [ref=e951]\\n                            - figure [ref=e952]\\n                          - generic [ref=e953]:\\n                            - paragraph [ref=e955]:\\n                              - generic [ref=e956]: Martyna Wojciechowska, Premium\\n                              - generic [ref=e957]:\\n                                - text: Martyna Wojciechowska\\n                                - img [ref=e959]\\n                            - paragraph [ref=e962]: Journalist, filmmaker, activist, founder of UNAWEZA Foundation\\n                      - generic [ref=e963]:\\n                        - paragraph [ref=e966]: 79,346 followers\\n                        - button \\\"Follow Martyna Wojciechowska\\\" [ref=e968] [cursor=pointer]:\\n                          - generic [ref=e969]:\\n                            - img [ref=e970]\\n                            - generic [ref=e973]: Follow\\n                    - button \\\"Remove Martyna Wojciechowska as a suggestion\\\" [ref=e975] [cursor=pointer]:\\n                      - img [ref=e977]\\n                - listitem [ref=e980]:\\n                  - generic [ref=e981]:\\n                    - generic [ref=e982]:\\n                      - link \\\"Kinga Szostko, Premium 📱 Analiza i monitoring social mediów 🌿 OSINT 🚨 Przemoc rówieśnicza ⚠️ Ochrona dzieci w sieci 🌐 Portal bezpiecznedziecko.org 🫴 Fundacja Prospoleczna.org 📲 Aplikacja KidsAlert 🫆\\\" [ref=e983] [cursor=pointer]:\\n                        - /url: https://www.linkedin.com/in/kinga-szostko-985b65220/\\n                        - generic [ref=e984]:\\n                          - generic [ref=e985]:\\n                            - figure [ref=e986]\\n                            - figure [ref=e987]\\n                          - generic [ref=e988]:\\n                            - paragraph [ref=e990]:\\n                              - generic [ref=e991]: Kinga Szostko, Premium\\n                              - generic [ref=e992]:\\n                                - text: Kinga Szostko\\n                                - img [ref=e994]\\n                            - paragraph [ref=e997]: 📱 Analiza i monitoring social mediów 🌿 OSINT 🚨 Przemoc rówieśnicza ⚠️ Ochrona dzieci w sieci 🌐 Portal bezpiecznedziecko.org 🫴 Fundacja Prospoleczna.org 📲 Aplikacja KidsAlert 🫆\\n                      - generic [ref=e998]:\\n                        - paragraph [ref=e1001]: 11,163 followers\\n                        - button \\\"Follow Kinga Szostko\\\" [ref=e1003] [cursor=pointer]:\\n                          - generic [ref=e1004]:\\n                            - img [ref=e1005]\\n                            - generic [ref=e1008]: Follow\\n                    - button \\\"Remove Kinga Szostko as a suggestion\\\" [ref=e1010] [cursor=pointer]:\\n                      - img [ref=e1012]\\n            - button \\\"Load more\\\" [ref=e1015] [cursor=pointer]:\\n              - generic [ref=e1017]: Load more\\n  - generic:\\n    - generic:\\n      - generic:\\n        - generic:\\n          - complementary:\\n            - generic [ref=e1019]:\\n              - generic [ref=e1021] [cursor=pointer]:\\n                - generic [ref=e1022]:\\n                  - img \\\"Petr Petrovich\\\" [ref=e1023]\\n                  - generic [ref=e1025]: Status is online\\n                - button \\\"You are on the messaging overlay. Press enter to open the list of conversations.\\\" [ref=e1026]:\\n                  - generic [ref=e1027]:\\n                    - generic [ref=e1028]: Messaging\\n                    - generic [ref=e1029]: You are on the messaging overlay. Press enter to open the list of conversations.\\n              - generic [ref=e1030]:\\n                - button \\\"Open messenger dropdown menu\\\" [ref=e1032] [cursor=pointer]:\\n                  - img \\\"Open messenger dropdown menu\\\" [ref=e1033]\\n                - button \\\"Compose message\\\" [ref=e1036] [cursor=pointer]:\\n                  - img [ref=e1037]\\n                  - generic [ref=e1039]: Compose message\\n                - button \\\"You are on the messaging overlay. Press enter to open the list of conversations.\\\" [ref=e1040] [cursor=pointer]:\\n                  - img [ref=e1041]\\n                  - generic [ref=e1043]: You are on the messaging overlay. Press enter to open the list of conversations.\\n          - complementary \\\"AI-powered assistant to get help with your career, jobs etc\\\"\\n  - iframe [ref=e1044]:\\n    - generic [active] [ref=f207e1]:\\n      - generic:\\n        - region \\\"Toast message\\\":\\n          - heading \\\"0 notifications total\\\" [level=2] [ref=f207e3]\\n          - alert\\n      - region [ref=f207e4]\\n      - generic [ref=f207e5]:\\n        - generic [ref=f207e7]:\\n          - button \\\"Skip to search\\\" [ref=f207e8] [cursor=pointer]:\\n            - generic [ref=f207e9]: Skip to search\\n          - button \\\"Skip to main content\\\" [ref=f207e10] [cursor=pointer]:\\n            - generic [ref=f207e11]: Skip to main content\\n          - button \\\"Keyboard shortcuts\\\" [ref=f207e12] [cursor=pointer]:\\n            - generic [ref=f207e13]: Keyboard shortcuts\\n          - button \\\"Close jump menu\\\" [ref=f207e14] [cursor=pointer]:\\n            - img [ref=f207e15]\\n            - generic [ref=f207e17]: Close jump menu\\n        - banner \\\"Global Navigation\\\" [ref=f207e18]:\\n          - generic [ref=f207e19]:\\n            - link \\\"LinkedIn\\\" [ref=f207e20] [cursor=pointer]:\\n              - /url: https://www.linkedin.com/feed/?nis=true\\n              - img \\\"LinkedIn\\\" [ref=f207e23]:\\n                - img [ref=f207e24]\\n            - generic [ref=f207e28]:\\n              - combobox \\\"Search\\\" [ref=f207e29]\\n              - generic:\\n                - img\\n            - navigation \\\"Primary Navigation\\\" [ref=f207e30]:\\n              - list [ref=f207e31]:\\n                - listitem [ref=f207e32]:\\n                  - link \\\"new feed updates notifications Home\\\" [ref=f207e33] [cursor=pointer]:\\n                    - /url: https://www.linkedin.com/feed/?nis=true&\\n                    - generic [ref=f207e34]:\\n                      - generic [ref=f207e37]: new feed updates notifications\\n                      - img [ref=f207e41]\\n                    - generic \\\"Home\\\" [ref=f207e43]\\n                - listitem [ref=f207e44]:\\n                  - link \\\"My Network\\\" [ref=f207e45] [cursor=pointer]:\\n                    - /url: https://www.linkedin.com/mynetwork/?\\n                    - img [ref=f207e49]\\n                    - generic \\\"My Network\\\" [ref=f207e51]\\n                - listitem [ref=f207e52]:\\n                  - link \\\"Jobs\\\" [ref=f207e53] [cursor=pointer]:\\n                    - /url: https://www.linkedin.com/jobs/?\\n                    - img [ref=f207e57]\\n                    - generic \\\"Jobs\\\" [ref=f207e59]\\n                - listitem [ref=f207e60]:\\n                  - link \\\"Messaging\\\" [ref=f207e61] [cursor=pointer]:\\n                    - /url: https://www.linkedin.com/messaging/?\\n                    - img [ref=f207e65]\\n                    - generic \\\"Messaging\\\" [ref=f207e67]\\n                - listitem [ref=f207e68]:\\n                  - link \\\"Notifications\\\" [ref=f207e69] [cursor=pointer]:\\n                    - /url: https://www.linkedin.com/notifications/?\\n                    - img [ref=f207e73]\\n                    - generic \\\"Notifications\\\" [ref=f207e75]\\n                - listitem [ref=f207e76]:\\n                  - button \\\"Petr Petrovich Me\\\" [ref=f207e78] [cursor=pointer]:\\n                    - img \\\"Petr Petrovich\\\" [ref=f207e79]\\n                    - generic [ref=f207e80]:\\n                      - text: Me\\n                      - img [ref=f207e81]\\n                - listitem [ref=f207e83]:\\n                  - button \\\"For Business\\\" [ref=f207e85] [cursor=pointer]:\\n                    - img [ref=f207e89]\\n                    - generic \\\"For Business\\\" [ref=f207e91]:\\n                      - text: For Business\\n                      - img [ref=f207e92]\\n                - listitem [ref=f207e94]:\\n                  - link \\\"Try Premium for zł 0\\\" [ref=f207e96] [cursor=pointer]:\\n                    - /url: javascript:void(0)\\n                    - generic [ref=f207e97]:\\n                      - img [ref=f207e98]\\n                      - generic [ref=f207e100]: Try Premium for zł 0\",\n  \"refs\": {\n    \"e2\": {\n      \"role\": \"generic\"\n    },\n    \"e3\": {\n      \"role\": \"heading\",\n      \"name\": \"0 notifications\"\n    },\n    \"e4\": {\n      \"role\": \"generic\"\n    },\n    \"e5\": {\n      \"role\": \"button\"\n    },\n    \"e7\": {\n      \"role\": \"generic\"\n    },\n    \"e8\": {\n      \"role\": \"button\"\n    },\n    \"e10\": {\n      \"role\": \"img\"\n    },\n    \"e12\": {\n      \"role\": \"generic\"\n    },\n    \"e14\": {\n      \"role\": \"banner\"\n    },\n    \"e17\": {\n      \"role\": \"generic\"\n    },\n    \"e18\": {\n      \"role\": \"button\",\n      \"name\": \"LinkedIn\"\n    },\n    \"e19\": {\n      \"role\": \"img\",\n      \"name\": \"LinkedIn\"\n    },\n    \"e22\": {\n      \"role\": \"search\"\n    },\n    \"e23\": {\n      \"role\": \"generic\"\n    },\n    \"e25\": {\n      \"role\": \"img\"\n    },\n    \"e27\": {\n      \"role\": \"textbox\",\n      \"name\": \"Search\"\n    },\n    \"e29\": {\n      \"role\": \"generic\"\n    },\n    \"e34\": {\n      \"role\": \"figure\"\n    },\n    \"e37\": {\n      \"role\": \"navigation\"\n    },\n    \"e38\": {\n      \"role\": \"list\"\n    },\n    \"e39\": {\n      \"role\": \"listitem\"\n    },\n    \"e40\": {\n      \"role\": \"button\",\n      \"name\": \"Home, 1 new notification\"\n    },\n    \"e42\": {\n      \"role\": \"img\"\n    },\n    \"e46\": {\n      \"role\": \"generic\"\n    },\n    \"e47\": {\n      \"role\": \"listitem\"\n    },\n    \"e48\": {\n      \"role\": \"link\",\n      \"name\": \"My Network, 0 new notifications\"\n    },\n    \"e50\": {\n      \"role\": \"img\"\n    },\n    \"e53\": {\n      \"role\": \"generic\"\n    },\n    \"e54\": {\n      \"role\": \"listitem\"\n    },\n    \"e55\": {\n      \"role\": \"button\",\n      \"name\": \"Jobs, 0 new notifications\"\n    },\n    \"e57\": {\n      \"role\": \"img\"\n    },\n    \"e60\": {\n      \"role\": \"generic\"\n    },\n    \"e61\": {\n      \"role\": \"listitem\"\n    },\n    \"e62\": {\n      \"role\": \"link\",\n      \"name\": \"Messaging, 0 new notifications\"\n    },\n    \"e64\": {\n      \"role\": \"img\"\n    },\n    \"e67\": {\n      \"role\": \"generic\"\n    },\n    \"e68\": {\n      \"role\": \"listitem\"\n    },\n    \"e69\": {\n      \"role\": \"link\",\n      \"name\": \"Notifications, 0 new notifications\"\n    },\n    \"e71\": {\n      \"role\": \"img\"\n    },\n    \"e74\": {\n      \"role\": \"generic\"\n    },\n    \"e75\": {\n      \"role\": \"listitem\"\n    },\n    \"e76\": {\n      \"role\": \"button\",\n      \"name\": \"Me\"\n    },\n    \"e78\": {\n      \"role\": \"figure\"\n    },\n    \"e80\": {\n      \"role\": \"generic\"\n    },\n    \"e81\": {\n      \"role\": \"img\"\n    },\n    \"e84\": {\n      \"role\": \"generic\"\n    },\n    \"e85\": {\n      \"role\": \"navigation\"\n    },\n    \"e86\": {\n      \"role\": \"list\"\n    },\n    \"e87\": {\n      \"role\": \"listitem\"\n    },\n    \"e88\": {\n      \"role\": \"button\",\n      \"name\": \"For Business\"\n    },\n    \"e90\": {\n      \"role\": \"img\"\n    },\n    \"e93\": {\n      \"role\": \"generic\"\n    },\n    \"e94\": {\n      \"role\": \"img\"\n    },\n    \"e97\": {\n      \"role\": \"link\",\n      \"name\": \"Try Premium for zł 0\"\n    },\n    \"e98\": {\n      \"role\": \"generic\"\n    },\n    \"e99\": {\n      \"role\": \"img\"\n    },\n    \"e103\": {\n      \"role\": \"paragraph\"\n    },\n    \"e105\": {\n      \"role\": \"main\"\n    },\n    \"e107\": {\n      \"role\": \"generic\"\n    },\n    \"e111\": {\n      \"role\": \"generic\"\n    },\n    \"e116\": {\n      \"role\": \"generic\"\n    },\n    \"e117\": {\n      \"role\": \"generic\"\n    },\n    \"e118\": {\n      \"role\": \"paragraph\"\n    },\n    \"e119\": {\n      \"role\": \"generic\"\n    },\n    \"e120\": {\n      \"role\": \"generic\"\n    },\n    \"e121\": {\n      \"role\": \"paragraph\"\n    },\n    \"e122\": {\n      \"role\": \"paragraph\"\n    },\n    \"e123\": {\n      \"role\": \"link\",\n      \"name\": \"0 Connections\"\n    },\n    \"e124\": {\n      \"role\": \"generic\"\n    },\n    \"e125\": {\n      \"role\": \"paragraph\"\n    },\n    \"e126\": {\n      \"role\": \"paragraph\"\n    },\n    \"e127\": {\n      \"role\": \"link\",\n      \"name\": \"0 Following\"\n    },\n    \"e128\": {\n      \"role\": \"generic\"\n    },\n    \"e129\": {\n      \"role\": \"paragraph\"\n    },\n    \"e130\": {\n      \"role\": \"paragraph\"\n    },\n    \"e132\": {\n      \"role\": \"button\",\n      \"name\": \"Show more\"\n    },\n    \"e133\": {\n      \"role\": \"generic\"\n    },\n    \"e134\": {\n      \"role\": \"img\"\n    },\n    \"e136\": {\n      \"role\": \"generic\"\n    },\n    \"e139\": {\n      \"role\": \"iframe\"\n    },\n    \"e140\": {\n      \"role\": \"generic\"\n    },\n    \"e141\": {\n      \"role\": \"generic\"\n    },\n    \"e142\": {\n      \"role\": \"link\",\n      \"name\": \"About\"\n    },\n    \"e143\": {\n      \"role\": \"paragraph\"\n    },\n    \"e144\": {\n      \"role\": \"link\",\n      \"name\": \"Accessibility\"\n    },\n    \"e145\": {\n      \"role\": \"paragraph\"\n    },\n    \"e146\": {\n      \"role\": \"link\",\n      \"name\": \"Help Center\"\n    },\n    \"e147\": {\n      \"role\": \"paragraph\"\n    },\n    \"e148\": {\n      \"role\": \"button\",\n      \"name\": \"Privacy & Terms\"\n    },\n    \"e149\": {\n      \"role\": \"generic\"\n    },\n    \"e150\": {\n      \"role\": \"paragraph\"\n    },\n    \"e151\": {\n      \"role\": \"img\"\n    },\n    \"e153\": {\n      \"role\": \"link\",\n      \"name\": \"Ad Choices\"\n    },\n    \"e154\": {\n      \"role\": \"paragraph\"\n    },\n    \"e155\": {\n      \"role\": \"link\",\n      \"name\": \"Advertising\"\n    },\n    \"e156\": {\n      \"role\": \"paragraph\"\n    },\n    \"e157\": {\n      \"role\": \"button\",\n      \"name\": \"Business Services\"\n    },\n    \"e158\": {\n      \"role\": \"generic\"\n    },\n    \"e159\": {\n      \"role\": \"paragraph\"\n    },\n    \"e160\": {\n      \"role\": \"img\"\n    },\n    \"e162\": {\n      \"role\": \"link\",\n      \"name\": \"Get the LinkedIn app\"\n    },\n    \"e163\": {\n      \"role\": \"paragraph\"\n    },\n    \"e164\": {\n      \"role\": \"link\",\n      \"name\": \"More\"\n    },\n    \"e165\": {\n      \"role\": \"paragraph\"\n    },\n    \"e166\": {\n      \"role\": \"generic\"\n    },\n    \"e167\": {\n      \"role\": \"img\"\n    },\n    \"e169\": {\n      \"role\": \"paragraph\"\n    },\n    \"e173\": {\n      \"role\": \"generic\"\n    },\n    \"e180\": {\n      \"role\": \"generic\"\n    },\n    \"e181\": {\n      \"role\": \"generic\"\n    },\n    \"e182\": {\n      \"role\": \"paragraph\"\n    },\n    \"e183\": {\n      \"role\": \"paragraph\"\n    },\n    \"e184\": {\n      \"role\": \"generic\"\n    },\n    \"e185\": {\n      \"role\": \"generic\"\n    },\n    \"e188\": {\n      \"role\": \"link\",\n      \"name\": \"1\"\n    },\n    \"e191\": {\n      \"role\": \"paragraph\"\n    },\n    \"e194\": {\n      \"role\": \"link\",\n      \"name\": \"2\"\n    },\n    \"e197\": {\n      \"role\": \"paragraph\"\n    },\n    \"e200\": {\n      \"role\": \"link\",\n      \"name\": \"3\"\n    },\n    \"e203\": {\n      \"role\": \"paragraph\"\n    },\n    \"e206\": {\n      \"role\": \"link\",\n      \"name\": \"4\"\n    },\n    \"e209\": {\n      \"role\": \"paragraph\"\n    },\n    \"e212\": {\n      \"role\": \"link\",\n      \"name\": \"5\"\n    },\n    \"e215\": {\n      \"role\": \"paragraph\"\n    },\n    \"e216\": {\n      \"role\": \"link\",\n      \"name\": \"Search for people you know\"\n    },\n    \"e217\": {\n      \"role\": \"generic\"\n    },\n    \"e218\": {\n      \"role\": \"img\"\n    },\n    \"e220\": {\n      \"role\": \"generic\"\n    },\n    \"e225\": {\n      \"role\": \"generic\"\n    },\n    \"e226\": {\n      \"role\": \"generic\"\n    },\n    \"e228\": {\n      \"role\": \"heading\",\n      \"name\": \"No pending invitations\"\n    },\n    \"e229\": {\n      \"role\": \"link\",\n      \"name\": \"Manage all invitations\"\n    },\n    \"e231\": {\n      \"role\": \"generic\"\n    },\n    \"e234\": {\n      \"role\": \"generic\"\n    },\n    \"e236\": {\n      \"role\": \"generic\"\n    },\n    \"e237\": {\n      \"role\": \"heading\",\n      \"name\": \"People you may know in Warsaw Metropolitan Area\"\n    },\n    \"e238\": {\n      \"role\": \"link\",\n      \"name\": \"Show all suggestions for People you may know in Warsaw Metropolitan Area\"\n    },\n    \"e240\": {\n      \"role\": \"generic\"\n    },\n    \"e241\": {\n      \"role\": \"list\"\n    },\n    \"e243\": {\n      \"role\": \"listitem\"\n    },\n    \"e244\": {\n      \"role\": \"generic\"\n    },\n    \"e245\": {\n      \"role\": \"generic\"\n    },\n    \"e246\": {\n      \"role\": \"link\",\n      \"name\": \"Jakub P., Premium IT Service Delivery Management\"\n    },\n    \"e247\": {\n      \"role\": \"generic\"\n    },\n    \"e248\": {\n      \"role\": \"generic\"\n    },\n    \"e249\": {\n      \"role\": \"figure\"\n    },\n    \"e250\": {\n      \"role\": \"figure\"\n    },\n    \"e251\": {\n      \"role\": \"img\"\n    },\n    \"e257\": {\n      \"role\": \"generic\"\n    },\n    \"e259\": {\n      \"role\": \"paragraph\"\n    },\n    \"e260\": {\n      \"role\": \"generic\"\n    },\n    \"e261\": {\n      \"role\": \"generic\"\n    },\n    \"e263\": {\n      \"role\": \"img\"\n    },\n    \"e266\": {\n      \"role\": \"paragraph\"\n    },\n    \"e269\": {\n      \"role\": \"button\",\n      \"name\": \"Invite Jakub P. to connect\"\n    },\n    \"e270\": {\n      \"role\": \"generic\"\n    },\n    \"e271\": {\n      \"role\": \"img\"\n    },\n    \"e274\": {\n      \"role\": \"generic\"\n    },\n    \"e276\": {\n      \"role\": \"button\",\n      \"name\": \"Remove Jakub P. as a suggestion\"\n    },\n    \"e278\": {\n      \"role\": \"img\"\n    },\n    \"e281\": {\n      \"role\": \"listitem\"\n    },\n    \"e282\": {\n      \"role\": \"generic\"\n    },\n    \"e283\": {\n      \"role\": \"generic\"\n    },\n    \"e284\": {\n      \"role\": \"link\",\n      \"name\": \"Sławomir Dec, Verified Cybersecurity|CISSP\"\n    },\n    \"e285\": {\n      \"role\": \"generic\"\n    },\n    \"e286\": {\n      \"role\": \"generic\"\n    },\n    \"e287\": {\n      \"role\": \"figure\"\n    },\n    \"e288\": {\n      \"role\": \"figure\"\n    },\n    \"e289\": {\n      \"role\": \"generic\"\n    },\n    \"e291\": {\n      \"role\": \"paragraph\"\n    },\n    \"e292\": {\n      \"role\": \"generic\"\n    },\n    \"e293\": {\n      \"role\": \"generic\"\n    },\n    \"e295\": {\n      \"role\": \"img\"\n    },\n    \"e298\": {\n      \"role\": \"paragraph\"\n    },\n    \"e301\": {\n      \"role\": \"button\",\n      \"name\": \"Invite Sławomir Dec to connect\"\n    },\n    \"e302\": {\n      \"role\": \"generic\"\n    },\n    \"e303\": {\n      \"role\": \"img\"\n    },\n    \"e306\": {\n      \"role\": \"generic\"\n    },\n    \"e308\": {\n      \"role\": \"button\",\n      \"name\": \"Remove Sławomir Dec as a suggestion\"\n    },\n    \"e310\": {\n      \"role\": \"img\"\n    },\n    \"e313\": {\n      \"role\": \"listitem\"\n    },\n    \"e314\": {\n      \"role\": \"generic\"\n    },\n    \"e315\": {\n      \"role\": \"generic\"\n    },\n    \"e316\": {\n      \"role\": \"link\",\n      \"name\": \"Adam Szafara Helping businesses to raise its digital potential🌏\"\n    },\n    \"e317\": {\n      \"role\": \"generic\"\n    },\n    \"e318\": {\n      \"role\": \"generic\"\n    },\n    \"e319\": {\n      \"role\": \"figure\"\n    },\n    \"e320\": {\n      \"role\": \"figure\"\n    },\n    \"e321\": {\n      \"role\": \"img\"\n    },\n    \"e327\": {\n      \"role\": \"generic\"\n    },\n    \"e329\": {\n      \"role\": \"paragraph\"\n    },\n    \"e330\": {\n      \"role\": \"generic\"\n    },\n    \"e332\": {\n      \"role\": \"paragraph\"\n    },\n    \"e335\": {\n      \"role\": \"button\",\n      \"name\": \"Invite Adam Szafara to connect\"\n    },\n    \"e336\": {\n      \"role\": \"generic\"\n    },\n    \"e337\": {\n      \"role\": \"img\"\n    },\n    \"e340\": {\n      \"role\": \"generic\"\n    },\n    \"e342\": {\n      \"role\": \"button\",\n      \"name\": \"Remove Adam Szafara as a suggestion\"\n    },\n    \"e344\": {\n      \"role\": \"img\"\n    },\n    \"e347\": {\n      \"role\": \"listitem\"\n    },\n    \"e348\": {\n      \"role\": \"generic\"\n    },\n    \"e349\": {\n      \"role\": \"generic\"\n    },\n    \"e350\": {\n      \"role\": \"link\",\n      \"name\": \"Andrzej Jargiło Specjalista magazynier\"\n    },\n    \"e351\": {\n      \"role\": \"generic\"\n    },\n    \"e352\": {\n      \"role\": \"generic\"\n    },\n    \"e353\": {\n      \"role\": \"figure\"\n    },\n    \"e354\": {\n      \"role\": \"figure\"\n    },\n    \"e355\": {\n      \"role\": \"generic\"\n    },\n    \"e357\": {\n      \"role\": \"paragraph\"\n    },\n    \"e358\": {\n      \"role\": \"generic\"\n    },\n    \"e360\": {\n      \"role\": \"paragraph\"\n    },\n    \"e363\": {\n      \"role\": \"button\",\n      \"name\": \"Invite Andrzej Jargiło to connect\"\n    },\n    \"e364\": {\n      \"role\": \"generic\"\n    },\n    \"e365\": {\n      \"role\": \"img\"\n    },\n    \"e368\": {\n      \"role\": \"generic\"\n    },\n    \"e370\": {\n      \"role\": \"button\",\n      \"name\": \"Remove Andrzej Jargiło as a suggestion\"\n    },\n    \"e372\": {\n      \"role\": \"img\"\n    },\n    \"e375\": {\n      \"role\": \"listitem\"\n    },\n    \"e376\": {\n      \"role\": \"generic\"\n    },\n    \"e377\": {\n      \"role\": \"generic\"\n    },\n    \"e378\": {\n      \"role\": \"link\",\n      \"name\": \"Marcin Owsianka, Verified Business Development Manager at Ledatel\"\n    },\n    \"e379\": {\n      \"role\": \"generic\"\n    },\n    \"e380\": {\n      \"role\": \"generic\"\n    },\n    \"e381\": {\n      \"role\": \"figure\"\n    },\n    \"e382\": {\n      \"role\": \"figure\"\n    },\n    \"e383\": {\n      \"role\": \"generic\"\n    },\n    \"e385\": {\n      \"role\": \"paragraph\"\n    },\n    \"e386\": {\n      \"role\": \"generic\"\n    },\n    \"e387\": {\n      \"role\": \"generic\"\n    },\n    \"e389\": {\n      \"role\": \"img\"\n    },\n    \"e392\": {\n      \"role\": \"paragraph\"\n    },\n    \"e395\": {\n      \"role\": \"button\",\n      \"name\": \"Invite Marcin Owsianka to connect\"\n    },\n    \"e396\": {\n      \"role\": \"generic\"\n    },\n    \"e397\": {\n      \"role\": \"img\"\n    },\n    \"e400\": {\n      \"role\": \"generic\"\n    },\n    \"e402\": {\n      \"role\": \"button\",\n      \"name\": \"Remove Marcin Owsianka as a suggestion\"\n    },\n    \"e404\": {\n      \"role\": \"img\"\n    },\n    \"e407\": {\n      \"role\": \"listitem\"\n    },\n    \"e408\": {\n      \"role\": \"generic\"\n    },\n    \"e409\": {\n      \"role\": \"generic\"\n    },\n    \"e410\": {\n      \"role\": \"link\",\n      \"name\": \"Natallia Zhalabkovich, Verified Data Engineering\"\n    },\n    \"e411\": {\n      \"role\": \"generic\"\n    },\n    \"e412\": {\n      \"role\": \"generic\"\n    },\n    \"e413\": {\n      \"role\": \"figure\"\n    },\n    \"e414\": {\n      \"role\": \"img\"\n    },\n    \"e420\": {\n      \"role\": \"figure\"\n    },\n    \"e421\": {\n      \"role\": \"generic\"\n    },\n    \"e423\": {\n      \"role\": \"paragraph\"\n    },\n    \"e424\": {\n      \"role\": \"generic\"\n    },\n    \"e425\": {\n      \"role\": \"generic\"\n    },\n    \"e427\": {\n      \"role\": \"img\"\n    },\n    \"e430\": {\n      \"role\": \"paragraph\"\n    },\n    \"e433\": {\n      \"role\": \"button\",\n      \"name\": \"Invite Natallia Zhalabkovich to connect\"\n    },\n    \"e434\": {\n      \"role\": \"generic\"\n    },\n    \"e435\": {\n      \"role\": \"img\"\n    },\n    \"e438\": {\n      \"role\": \"generic\"\n    },\n    \"e440\": {\n      \"role\": \"button\",\n      \"name\": \"Remove Natallia Zhalabkovich as a suggestion\"\n    },\n    \"e442\": {\n      \"role\": \"img\"\n    },\n    \"e445\": {\n      \"role\": \"listitem\"\n    },\n    \"e446\": {\n      \"role\": \"generic\"\n    },\n    \"e447\": {\n      \"role\": \"generic\"\n    },\n    \"e448\": {\n      \"role\": \"link\",\n      \"name\": \"Jerzy Lipiński, Verified Product Manager at Omnires\"\n    },\n    \"e449\": {\n      \"role\": \"generic\"\n    },\n    \"e450\": {\n      \"role\": \"generic\"\n    },\n    \"e451\": {\n      \"role\": \"figure\"\n    },\n    \"e452\": {\n      \"role\": \"figure\"\n    },\n    \"e453\": {\n      \"role\": \"generic\"\n    },\n    \"e455\": {\n      \"role\": \"paragraph\"\n    },\n    \"e456\": {\n      \"role\": \"generic\"\n    },\n    \"e457\": {\n      \"role\": \"generic\"\n    },\n    \"e459\": {\n      \"role\": \"img\"\n    },\n    \"e462\": {\n      \"role\": \"paragraph\"\n    },\n    \"e465\": {\n      \"role\": \"button\",\n      \"name\": \"Invite Jerzy Lipiński to connect\"\n    },\n    \"e466\": {\n      \"role\": \"generic\"\n    },\n    \"e467\": {\n      \"role\": \"img\"\n    },\n    \"e470\": {\n      \"role\": \"generic\"\n    },\n    \"e472\": {\n      \"role\": \"button\",\n      \"name\": \"Remove Jerzy Lipiński as a suggestion\"\n    },\n    \"e474\": {\n      \"role\": \"img\"\n    },\n    \"e477\": {\n      \"role\": \"listitem\"\n    },\n    \"e478\": {\n      \"role\": \"generic\"\n    },\n    \"e479\": {\n      \"role\": \"generic\"\n    },\n    \"e480\": {\n      \"role\": \"link\",\n      \"name\": \"Mustafa FIRINCI, Verified Sales Manager | 20+ Years in Retail & Customer Management | MBA | Based in Warsaw\"\n    },\n    \"e481\": {\n      \"role\": \"generic\"\n    },\n    \"e482\": {\n      \"role\": \"generic\"\n    },\n    \"e483\": {\n      \"role\": \"figure\"\n    },\n    \"e484\": {\n      \"role\": \"figure\"\n    },\n    \"e485\": {\n      \"role\": \"generic\"\n    },\n    \"e487\": {\n      \"role\": \"paragraph\"\n    },\n    \"e488\": {\n      \"role\": \"generic\"\n    },\n    \"e489\": {\n      \"role\": \"generic\"\n    },\n    \"e491\": {\n      \"role\": \"img\"\n    },\n    \"e494\": {\n      \"role\": \"paragraph\"\n    },\n    \"e497\": {\n      \"role\": \"button\",\n      \"name\": \"Invite Mustafa FIRINCI to connect\"\n    },\n    \"e498\": {\n      \"role\": \"generic\"\n    },\n    \"e499\": {\n      \"role\": \"img\"\n    },\n    \"e502\": {\n      \"role\": \"generic\"\n    },\n    \"e504\": {\n      \"role\": \"button\",\n      \"name\": \"Remove Mustafa FIRINCI as a suggestion\"\n    },\n    \"e506\": {\n      \"role\": \"img\"\n    },\n    \"e510\": {\n      \"role\": \"generic\"\n    },\n    \"e512\": {\n      \"role\": \"generic\"\n    },\n    \"e513\": {\n      \"role\": \"heading\",\n      \"name\": \"People you may know based on your recent activity\"\n    },\n    \"e514\": {\n      \"role\": \"link\",\n      \"name\": \"Show all suggestions for People you may know based on your recent activity\"\n    },\n    \"e516\": {\n      \"role\": \"generic\"\n    },\n    \"e517\": {\n      \"role\": \"list\"\n    },\n    \"e519\": {\n      \"role\": \"listitem\"\n    },\n    \"e520\": {\n      \"role\": \"generic\"\n    },\n    \"e521\": {\n      \"role\": \"generic\"\n    },\n    \"e522\": {\n      \"role\": \"link\",\n      \"name\": \"Trenton is open to work Trenton Murphy, Premium Salesperson @ 1800-Hansons | Sales, Resiliency\"\n    },\n    \"e523\": {\n      \"role\": \"generic\"\n    },\n    \"e524\": {\n      \"role\": \"generic\",\n      \"name\": \"Trenton is open to work\"\n    },\n    \"e525\": {\n      \"role\": \"figure\"\n    },\n    \"e526\": {\n      \"role\": \"img\"\n    },\n    \"e532\": {\n      \"role\": \"figure\"\n    },\n    \"e533\": {\n      \"role\": \"generic\"\n    },\n    \"e535\": {\n      \"role\": \"paragraph\"\n    },\n    \"e536\": {\n      \"role\": \"generic\"\n    },\n    \"e537\": {\n      \"role\": \"generic\"\n    },\n    \"e539\": {\n      \"role\": \"img\"\n    },\n    \"e542\": {\n      \"role\": \"paragraph\"\n    },\n    \"e545\": {\n      \"role\": \"button\",\n      \"name\": \"Invite Trenton Murphy to connect\"\n    },\n    \"e546\": {\n      \"role\": \"generic\"\n    },\n    \"e547\": {\n      \"role\": \"img\"\n    },\n    \"e550\": {\n      \"role\": \"generic\"\n    },\n    \"e552\": {\n      \"role\": \"button\",\n      \"name\": \"Remove Trenton Murphy as a suggestion\"\n    },\n    \"e554\": {\n      \"role\": \"img\"\n    },\n    \"e557\": {\n      \"role\": \"listitem\"\n    },\n    \"e558\": {\n      \"role\": \"generic\"\n    },\n    \"e559\": {\n      \"role\": \"generic\"\n    },\n    \"e560\": {\n      \"role\": \"link\",\n      \"name\": \"Mary Joy Erestain Virtual Assistant / Social Media Manager\"\n    },\n    \"e561\": {\n      \"role\": \"generic\"\n    },\n    \"e562\": {\n      \"role\": \"generic\"\n    },\n    \"e563\": {\n      \"role\": \"figure\"\n    },\n    \"e564\": {\n      \"role\": \"img\"\n    },\n    \"e570\": {\n      \"role\": \"figure\"\n    },\n    \"e571\": {\n      \"role\": \"generic\"\n    },\n    \"e573\": {\n      \"role\": \"paragraph\"\n    },\n    \"e574\": {\n      \"role\": \"generic\"\n    },\n    \"e576\": {\n      \"role\": \"paragraph\"\n    },\n    \"e579\": {\n      \"role\": \"button\",\n      \"name\": \"Invite Mary Joy Erestain to connect\"\n    },\n    \"e580\": {\n      \"role\": \"generic\"\n    },\n    \"e581\": {\n      \"role\": \"img\"\n    },\n    \"e584\": {\n      \"role\": \"generic\"\n    },\n    \"e586\": {\n      \"role\": \"button\",\n      \"name\": \"Remove Mary Joy Erestain as a suggestion\"\n    },\n    \"e588\": {\n      \"role\": \"img\"\n    },\n    \"e591\": {\n      \"role\": \"listitem\"\n    },\n    \"e592\": {\n      \"role\": \"generic\"\n    },\n    \"e593\": {\n      \"role\": \"generic\"\n    },\n    \"e594\": {\n      \"role\": \"link\",\n      \"name\": \"Joseph N., Verified Accounting Professional in San Diego\"\n    },\n    \"e595\": {\n      \"role\": \"generic\"\n    },\n    \"e596\": {\n      \"role\": \"generic\"\n    },\n    \"e597\": {\n      \"role\": \"figure\"\n    },\n    \"e598\": {\n      \"role\": \"figure\"\n    },\n    \"e599\": {\n      \"role\": \"generic\"\n    },\n    \"e601\": {\n      \"role\": \"paragraph\"\n    },\n    \"e602\": {\n      \"role\": \"generic\"\n    },\n    \"e603\": {\n      \"role\": \"generic\"\n    },\n    \"e605\": {\n      \"role\": \"img\"\n    },\n    \"e608\": {\n      \"role\": \"paragraph\"\n    },\n    \"e611\": {\n      \"role\": \"button\",\n      \"name\": \"Invite Joseph N. to connect\"\n    },\n    \"e612\": {\n      \"role\": \"generic\"\n    },\n    \"e613\": {\n      \"role\": \"img\"\n    },\n    \"e616\": {\n      \"role\": \"generic\"\n    },\n    \"e618\": {\n      \"role\": \"button\",\n      \"name\": \"Remove Joseph N. as a suggestion\"\n    },\n    \"e620\": {\n      \"role\": \"img\"\n    },\n    \"e623\": {\n      \"role\": \"listitem\"\n    },\n    \"e624\": {\n      \"role\": \"generic\"\n    },\n    \"e625\": {\n      \"role\": \"generic\"\n    },\n    \"e626\": {\n      \"role\": \"link\",\n      \"name\": \"Lou is open to work Lou West, Verified Business Management Grad Passionate About Creative, Community-Driven Work | Digital Marketing & Strategy Enthusiast\"\n    },\n    \"e627\": {\n      \"role\": \"generic\"\n    },\n    \"e628\": {\n      \"role\": \"generic\",\n      \"name\": \"Lou is open to work\"\n    },\n    \"e629\": {\n      \"role\": \"figure\"\n    },\n    \"e630\": {\n      \"role\": \"img\"\n    },\n    \"e636\": {\n      \"role\": \"figure\"\n    },\n    \"e637\": {\n      \"role\": \"generic\"\n    },\n    \"e639\": {\n      \"role\": \"paragraph\"\n    },\n    \"e640\": {\n      \"role\": \"generic\"\n    },\n    \"e641\": {\n      \"role\": \"generic\"\n    },\n    \"e643\": {\n      \"role\": \"img\"\n    },\n    \"e646\": {\n      \"role\": \"paragraph\"\n    },\n    \"e649\": {\n      \"role\": \"button\",\n      \"name\": \"Invite Lou West to connect\"\n    },\n    \"e650\": {\n      \"role\": \"generic\"\n    },\n    \"e651\": {\n      \"role\": \"img\"\n    },\n    \"e654\": {\n      \"role\": \"generic\"\n    },\n    \"e656\": {\n      \"role\": \"button\",\n      \"name\": \"Remove Lou West as a suggestion\"\n    },\n    \"e658\": {\n      \"role\": \"img\"\n    },\n    \"e661\": {\n      \"role\": \"listitem\"\n    },\n    \"e662\": {\n      \"role\": \"generic\"\n    },\n    \"e663\": {\n      \"role\": \"generic\"\n    },\n    \"e664\": {\n      \"role\": \"link\",\n      \"name\": \"Jermaine Bruno --\"\n    },\n    \"e665\": {\n      \"role\": \"generic\"\n    },\n    \"e666\": {\n      \"role\": \"generic\"\n    },\n    \"e667\": {\n      \"role\": \"figure\"\n    },\n    \"e668\": {\n      \"role\": \"figure\"\n    },\n    \"e669\": {\n      \"role\": \"generic\"\n    },\n    \"e671\": {\n      \"role\": \"paragraph\"\n    },\n    \"e672\": {\n      \"role\": \"generic\"\n    },\n    \"e674\": {\n      \"role\": \"paragraph\"\n    },\n    \"e677\": {\n      \"role\": \"button\",\n      \"name\": \"Invite Jermaine Bruno to connect\"\n    },\n    \"e678\": {\n      \"role\": \"generic\"\n    },\n    \"e679\": {\n      \"role\": \"img\"\n    },\n    \"e682\": {\n      \"role\": \"generic\"\n    },\n    \"e684\": {\n      \"role\": \"button\",\n      \"name\": \"Remove Jermaine Bruno as a suggestion\"\n    },\n    \"e686\": {\n      \"role\": \"img\"\n    },\n    \"e689\": {\n      \"role\": \"listitem\"\n    },\n    \"e690\": {\n      \"role\": \"generic\"\n    },\n    \"e691\": {\n      \"role\": \"generic\"\n    },\n    \"e692\": {\n      \"role\": \"link\",\n      \"name\": \"Kevin Geiger, Verified Co-Founder @ Blue Wave 🌊\"\n    },\n    \"e693\": {\n      \"role\": \"generic\"\n    },\n    \"e694\": {\n      \"role\": \"generic\"\n    },\n    \"e695\": {\n      \"role\": \"figure\"\n    },\n    \"e696\": {\n      \"role\": \"figure\"\n    },\n    \"e697\": {\n      \"role\": \"generic\"\n    },\n    \"e699\": {\n      \"role\": \"paragraph\"\n    },\n    \"e700\": {\n      \"role\": \"generic\"\n    },\n    \"e701\": {\n      \"role\": \"generic\"\n    },\n    \"e703\": {\n      \"role\": \"img\"\n    },\n    \"e706\": {\n      \"role\": \"paragraph\"\n    },\n    \"e709\": {\n      \"role\": \"button\",\n      \"name\": \"Invite Kevin Geiger to connect\"\n    },\n    \"e710\": {\n      \"role\": \"generic\"\n    },\n    \"e711\": {\n      \"role\": \"img\"\n    },\n    \"e714\": {\n      \"role\": \"generic\"\n    },\n    \"e716\": {\n      \"role\": \"button\",\n      \"name\": \"Remove Kevin Geiger as a suggestion\"\n    },\n    \"e718\": {\n      \"role\": \"img\"\n    },\n    \"e721\": {\n      \"role\": \"listitem\"\n    },\n    \"e722\": {\n      \"role\": \"generic\"\n    },\n    \"e723\": {\n      \"role\": \"generic\"\n    },\n    \"e724\": {\n      \"role\": \"link\",\n      \"name\": \"Juan Trejo, Verified Buyer | Aerospace & Manufacturing | Supply Chain Management\"\n    },\n    \"e725\": {\n      \"role\": \"generic\"\n    },\n    \"e726\": {\n      \"role\": \"generic\"\n    },\n    \"e727\": {\n      \"role\": \"figure\"\n    },\n    \"e728\": {\n      \"role\": \"figure\"\n    },\n    \"e729\": {\n      \"role\": \"generic\"\n    },\n    \"e731\": {\n      \"role\": \"paragraph\"\n    },\n    \"e732\": {\n      \"role\": \"generic\"\n    },\n    \"e733\": {\n      \"role\": \"generic\"\n    },\n    \"e735\": {\n      \"role\": \"img\"\n    },\n    \"e738\": {\n      \"role\": \"paragraph\"\n    },\n    \"e741\": {\n      \"role\": \"button\",\n      \"name\": \"Invite Juan Trejo to connect\"\n    },\n    \"e742\": {\n      \"role\": \"generic\"\n    },\n    \"e743\": {\n      \"role\": \"img\"\n    },\n    \"e746\": {\n      \"role\": \"generic\"\n    },\n    \"e748\": {\n      \"role\": \"button\",\n      \"name\": \"Remove Juan Trejo as a suggestion\"\n    },\n    \"e750\": {\n      \"role\": \"img\"\n    },\n    \"e753\": {\n      \"role\": \"listitem\"\n    },\n    \"e754\": {\n      \"role\": \"generic\"\n    },\n    \"e755\": {\n      \"role\": \"generic\"\n    },\n    \"e756\": {\n      \"role\": \"link\",\n      \"name\": \"Konrad Fijołek Prezydent Miasta Rzeszów\"\n    },\n    \"e757\": {\n      \"role\": \"generic\"\n    },\n    \"e758\": {\n      \"role\": \"generic\"\n    },\n    \"e759\": {\n      \"role\": \"figure\"\n    },\n    \"e760\": {\n      \"role\": \"figure\"\n    },\n    \"e761\": {\n      \"role\": \"generic\"\n    },\n    \"e763\": {\n      \"role\": \"paragraph\"\n    },\n    \"e764\": {\n      \"role\": \"generic\"\n    },\n    \"e766\": {\n      \"role\": \"paragraph\"\n    },\n    \"e769\": {\n      \"role\": \"button\",\n      \"name\": \"Invite Konrad Fijołek to connect\"\n    },\n    \"e770\": {\n      \"role\": \"generic\"\n    },\n    \"e771\": {\n      \"role\": \"img\"\n    },\n    \"e774\": {\n      \"role\": \"generic\"\n    },\n    \"e776\": {\n      \"role\": \"button\",\n      \"name\": \"Remove Konrad Fijołek as a suggestion\"\n    },\n    \"e778\": {\n      \"role\": \"img\"\n    },\n    \"e782\": {\n      \"role\": \"generic\"\n    },\n    \"e784\": {\n      \"role\": \"generic\"\n    },\n    \"e785\": {\n      \"role\": \"heading\",\n      \"name\": \"Popular on LinkedIn\"\n    },\n    \"e786\": {\n      \"role\": \"link\",\n      \"name\": \"Show all suggestions for Popular on LinkedIn\"\n    },\n    \"e788\": {\n      \"role\": \"generic\"\n    },\n    \"e789\": {\n      \"role\": \"list\"\n    },\n    \"e791\": {\n      \"role\": \"listitem\"\n    },\n    \"e792\": {\n      \"role\": \"generic\"\n    },\n    \"e793\": {\n      \"role\": \"generic\"\n    },\n    \"e794\": {\n      \"role\": \"link\",\n      \"name\": \"Tomasz Rożek, PhD Nauka To Lubie\"\n    },\n    \"e795\": {\n      \"role\": \"generic\"\n    },\n    \"e796\": {\n      \"role\": \"generic\"\n    },\n    \"e797\": {\n      \"role\": \"figure\"\n    },\n    \"e798\": {\n      \"role\": \"img\"\n    },\n    \"e804\": {\n      \"role\": \"figure\"\n    },\n    \"e805\": {\n      \"role\": \"generic\"\n    },\n    \"e807\": {\n      \"role\": \"paragraph\"\n    },\n    \"e808\": {\n      \"role\": \"generic\"\n    },\n    \"e810\": {\n      \"role\": \"paragraph\"\n    },\n    \"e811\": {\n      \"role\": \"generic\"\n    },\n    \"e814\": {\n      \"role\": \"paragraph\"\n    },\n    \"e816\": {\n      \"role\": \"button\",\n      \"name\": \"Follow Tomasz Rożek, PhD\"\n    },\n    \"e817\": {\n      \"role\": \"generic\"\n    },\n    \"e818\": {\n      \"role\": \"img\"\n    },\n    \"e821\": {\n      \"role\": \"generic\"\n    },\n    \"e823\": {\n      \"role\": \"button\",\n      \"name\": \"Remove Tomasz Rożek, PhD as a suggestion\"\n    },\n    \"e825\": {\n      \"role\": \"img\"\n    },\n    \"e828\": {\n      \"role\": \"listitem\"\n    },\n    \"e829\": {\n      \"role\": \"generic\"\n    },\n    \"e830\": {\n      \"role\": \"generic\"\n    },\n    \"e831\": {\n      \"role\": \"link\",\n      \"name\": \"Szymon Szczesniak, Premium CEO at CodeTwo / JSON at HRejterzy\"\n    },\n    \"e832\": {\n      \"role\": \"generic\"\n    },\n    \"e833\": {\n      \"role\": \"generic\"\n    },\n    \"e834\": {\n      \"role\": \"figure\"\n    },\n    \"e835\": {\n      \"role\": \"img\"\n    },\n    \"e841\": {\n      \"role\": \"figure\"\n    },\n    \"e842\": {\n      \"role\": \"generic\"\n    },\n    \"e844\": {\n      \"role\": \"paragraph\"\n    },\n    \"e845\": {\n      \"role\": \"generic\"\n    },\n    \"e846\": {\n      \"role\": \"generic\"\n    },\n    \"e848\": {\n      \"role\": \"img\"\n    },\n    \"e851\": {\n      \"role\": \"paragraph\"\n    },\n    \"e852\": {\n      \"role\": \"generic\"\n    },\n    \"e855\": {\n      \"role\": \"paragraph\"\n    },\n    \"e857\": {\n      \"role\": \"button\",\n      \"name\": \"Follow Szymon Szczesniak\"\n    },\n    \"e858\": {\n      \"role\": \"generic\"\n    },\n    \"e859\": {\n      \"role\": \"img\"\n    },\n    \"e862\": {\n      \"role\": \"generic\"\n    },\n    \"e864\": {\n      \"role\": \"button\",\n      \"name\": \"Remove Szymon Szczesniak as a suggestion\"\n    },\n    \"e866\": {\n      \"role\": \"img\"\n    },\n    \"e869\": {\n      \"role\": \"listitem\"\n    },\n    \"e870\": {\n      \"role\": \"generic\"\n    },\n    \"e871\": {\n      \"role\": \"generic\"\n    },\n    \"e872\": {\n      \"role\": \"link\",\n      \"name\": \"Maciej Sawicki, Verified Async orgs & Remote-first leadership | Founder inStreamly | Gaming & new tech\"\n    },\n    \"e873\": {\n      \"role\": \"generic\"\n    },\n    \"e874\": {\n      \"role\": \"generic\"\n    },\n    \"e875\": {\n      \"role\": \"figure\"\n    },\n    \"e876\": {\n      \"role\": \"figure\"\n    },\n    \"e877\": {\n      \"role\": \"generic\"\n    },\n    \"e879\": {\n      \"role\": \"paragraph\"\n    },\n    \"e880\": {\n      \"role\": \"generic\"\n    },\n    \"e881\": {\n      \"role\": \"generic\"\n    },\n    \"e883\": {\n      \"role\": \"img\"\n    },\n    \"e886\": {\n      \"role\": \"paragraph\"\n    },\n    \"e887\": {\n      \"role\": \"generic\"\n    },\n    \"e890\": {\n      \"role\": \"paragraph\"\n    },\n    \"e892\": {\n      \"role\": \"button\",\n      \"name\": \"Follow Maciej Sawicki\"\n    },\n    \"e893\": {\n      \"role\": \"generic\"\n    },\n    \"e894\": {\n      \"role\": \"img\"\n    },\n    \"e897\": {\n      \"role\": \"generic\"\n    },\n    \"e899\": {\n      \"role\": \"button\",\n      \"name\": \"Remove Maciej Sawicki as a suggestion\"\n    },\n    \"e901\": {\n      \"role\": \"img\"\n    },\n    \"e904\": {\n      \"role\": \"listitem\"\n    },\n    \"e905\": {\n      \"role\": \"generic\"\n    },\n    \"e906\": {\n      \"role\": \"generic\"\n    },\n    \"e907\": {\n      \"role\": \"link\",\n      \"name\": \"Dr Maciej Kawecki, Verified Founder of This is it | This Is World President of the Lem Institute\"\n    },\n    \"e908\": {\n      \"role\": \"generic\"\n    },\n    \"e909\": {\n      \"role\": \"generic\"\n    },\n    \"e910\": {\n      \"role\": \"figure\"\n    },\n    \"e911\": {\n      \"role\": \"figure\"\n    },\n    \"e912\": {\n      \"role\": \"img\"\n    },\n    \"e918\": {\n      \"role\": \"generic\"\n    },\n    \"e920\": {\n      \"role\": \"paragraph\"\n    },\n    \"e921\": {\n      \"role\": \"generic\"\n    },\n    \"e922\": {\n      \"role\": \"generic\"\n    },\n    \"e924\": {\n      \"role\": \"img\"\n    },\n    \"e927\": {\n      \"role\": \"paragraph\"\n    },\n    \"e928\": {\n      \"role\": \"generic\"\n    },\n    \"e931\": {\n      \"role\": \"paragraph\"\n    },\n    \"e933\": {\n      \"role\": \"button\",\n      \"name\": \"Follow Dr Maciej Kawecki\"\n    },\n    \"e934\": {\n      \"role\": \"generic\"\n    },\n    \"e935\": {\n      \"role\": \"img\"\n    },\n    \"e938\": {\n      \"role\": \"generic\"\n    },\n    \"e940\": {\n      \"role\": \"button\",\n      \"name\": \"Remove Dr Maciej Kawecki as a suggestion\"\n    },\n    \"e942\": {\n      \"role\": \"img\"\n    },\n    \"e945\": {\n      \"role\": \"listitem\"\n    },\n    \"e946\": {\n      \"role\": \"generic\"\n    },\n    \"e947\": {\n      \"role\": \"generic\"\n    },\n    \"e948\": {\n      \"role\": \"link\",\n      \"name\": \"Martyna Wojciechowska, Premium Journalist, filmmaker, activist, founder of UNAWEZA Foundation\"\n    },\n    \"e949\": {\n      \"role\": \"generic\"\n    },\n    \"e950\": {\n      \"role\": \"generic\"\n    },\n    \"e951\": {\n      \"role\": \"figure\"\n    },\n    \"e952\": {\n      \"role\": \"figure\"\n    },\n    \"e953\": {\n      \"role\": \"generic\"\n    },\n    \"e955\": {\n      \"role\": \"paragraph\"\n    },\n    \"e956\": {\n      \"role\": \"generic\"\n    },\n    \"e957\": {\n      \"role\": \"generic\"\n    },\n    \"e959\": {\n      \"role\": \"img\"\n    },\n    \"e962\": {\n      \"role\": \"paragraph\"\n    },\n    \"e963\": {\n      \"role\": \"generic\"\n    },\n    \"e966\": {\n      \"role\": \"paragraph\"\n    },\n    \"e968\": {\n      \"role\": \"button\",\n      \"name\": \"Follow Martyna Wojciechowska\"\n    },\n    \"e969\": {\n      \"role\": \"generic\"\n    },\n    \"e970\": {\n      \"role\": \"img\"\n    },\n    \"e973\": {\n      \"role\": \"generic\"\n    },\n    \"e975\": {\n      \"role\": \"button\",\n      \"name\": \"Remove Martyna Wojciechowska as a suggestion\"\n    },\n    \"e977\": {\n      \"role\": \"img\"\n    },\n    \"e980\": {\n      \"role\": \"listitem\"\n    },\n    \"e981\": {\n      \"role\": \"generic\"\n    },\n    \"e982\": {\n      \"role\": \"generic\"\n    },\n    \"e983\": {\n      \"role\": \"link\",\n      \"name\": \"Kinga Szostko, Premium 📱 Analiza i monitoring social mediów 🌿 OSINT 🚨 Przemoc rówieśnicza ⚠️ Ochrona dzieci w sieci 🌐 Portal bezpiecznedziecko.org 🫴 Fundacja Prospoleczna.org 📲 Aplikacja KidsAlert 🫆\"\n    },\n    \"e984\": {\n      \"role\": \"generic\"\n    },\n    \"e985\": {\n      \"role\": \"generic\"\n    },\n    \"e986\": {\n      \"role\": \"figure\"\n    },\n    \"e987\": {\n      \"role\": \"figure\"\n    },\n    \"e988\": {\n      \"role\": \"generic\"\n    },\n    \"e990\": {\n      \"role\": \"paragraph\"\n    },\n    \"e991\": {\n      \"role\": \"generic\"\n    },\n    \"e992\": {\n      \"role\": \"generic\"\n    },\n    \"e994\": {\n      \"role\": \"img\"\n    },\n    \"e997\": {\n      \"role\": \"paragraph\"\n    },\n    \"e998\": {\n      \"role\": \"generic\"\n    },\n    \"e1001\": {\n      \"role\": \"paragraph\"\n    },\n    \"e1003\": {\n      \"role\": \"button\",\n      \"name\": \"Follow Kinga Szostko\"\n    },\n    \"e1004\": {\n      \"role\": \"generic\"\n    },\n    \"e1005\": {\n      \"role\": \"img\"\n    },\n    \"e1008\": {\n      \"role\": \"generic\"\n    },\n    \"e1010\": {\n      \"role\": \"button\",\n      \"name\": \"Remove Kinga Szostko as a suggestion\"\n    },\n    \"e1012\": {\n      \"role\": \"img\"\n    },\n    \"e1015\": {\n      \"role\": \"button\",\n      \"name\": \"Load more\"\n    },\n    \"e1017\": {\n      \"role\": \"generic\"\n    },\n    \"e1019\": {\n      \"role\": \"generic\"\n    },\n    \"e1021\": {\n      \"role\": \"generic\"\n    },\n    \"e1022\": {\n      \"role\": \"generic\"\n    },\n    \"e1023\": {\n      \"role\": \"img\",\n      \"name\": \"Petr Petrovich\"\n    },\n    \"e1025\": {\n      \"role\": \"generic\"\n    },\n    \"e1026\": {\n      \"role\": \"button\",\n      \"name\": \"You are on the messaging overlay. Press enter to open the list of conversations.\"\n    },\n    \"e1027\": {\n      \"role\": \"generic\"\n    },\n    \"e1028\": {\n      \"role\": \"generic\"\n    },\n    \"e1029\": {\n      \"role\": \"generic\"\n    },\n    \"e1030\": {\n      \"role\": \"generic\"\n    },\n    \"e1032\": {\n      \"role\": \"button\",\n      \"name\": \"Open messenger dropdown menu\"\n    },\n    \"e1033\": {\n      \"role\": \"img\",\n      \"name\": \"Open messenger dropdown menu\"\n    },\n    \"e1036\": {\n      \"role\": \"button\",\n      \"name\": \"Compose message\"\n    },\n    \"e1037\": {\n      \"role\": \"img\"\n    },\n    \"e1039\": {\n      \"role\": \"generic\"\n    },\n    \"e1040\": {\n      \"role\": \"button\",\n      \"name\": \"You are on the messaging overlay. Press enter to open the list of conversations.\"\n    },\n    \"e1041\": {\n      \"role\": \"img\"\n    },\n    \"e1043\": {\n      \"role\": \"generic\"\n    },\n    \"e1044\": {\n      \"role\": \"iframe\"\n    }\n  }\n}","stderr":""}
[2026-03-16T02:06:25.321Z] COMMAND {"command":"C:\\nvm4w\\nodejs\\node.exe","commandArgs":["C:\\nvm4w\\nodejs\\node_modules\\openclaw\\openclaw.mjs","browser","--browser-profile","chrome","--token","[masked]","snapshot","--target-id","90639ED977B1BEF43E8F48BE5157CF53","--limit","800","--json"],"openClawArgs":["browser","--browser-profile","chrome","--token","[masked]","snapshot","--target-id","90639ED977B1BEF43E8F48BE5157CF53","--limit","800","--json"],"expectsJson":true}
[2026-03-16T02:06:26.888Z] RESPONSE {"command":"C:\\nvm4w\\nodejs\\node.exe","commandArgs":["C:\\nvm4w\\nodejs\\node_modules\\openclaw\\openclaw.mjs","browser","--browser-profile","chrome","--token","[masked]","snapshot","--target-id","90639ED977B1BEF43E8F48BE5157CF53","--limit","800","--json"],"exitCode":0,"stdout":"{\n  \"ok\": true,\n  \"format\": \"ai\",\n  \"targetId\": \"90639ED977B1BEF43E8F48BE5157CF53\",\n  \"url\": \"https://www.linkedin.com/feed/\",\n  \"snapshot\": \"- generic [ref=e2]:\\n  - heading \\\"0 notifications\\\" [level=2] [ref=e3]\\n  - generic [ref=e4]:\\n    - generic:\\n      - button [ref=e5] [cursor=pointer]:\\n        - generic [ref=e7]: Skip to main content\\n      - button [ref=e8] [cursor=pointer]:\\n        - img [ref=e10]\\n    - generic [ref=e12]:\\n      - banner [ref=e14]:\\n        - generic [ref=e17]:\\n          - button \\\"LinkedIn\\\" [ref=e18] [cursor=pointer]:\\n            - img \\\"LinkedIn\\\" [ref=e19]\\n          - search [ref=e22]:\\n            - generic [ref=e23]:\\n              - img [ref=e25]\\n              - textbox \\\"Search\\\" [ref=e27]\\n          - generic [ref=e29]:\\n            - figure [ref=e34]\\n            - navigation [ref=e37]:\\n              - list [ref=e38]:\\n                - listitem [ref=e39]:\\n                  - button \\\"Home, 1 new notification\\\" [ref=e40] [cursor=pointer]:\\n                    - img [ref=e42]\\n                    - generic [ref=e46]: Home\\n                - listitem [ref=e47]:\\n                  - link \\\"My Network, 0 new notifications\\\" [ref=e48] [cursor=pointer]:\\n                    - /url: https://www.linkedin.com/mynetwork\\n                    - img [ref=e50]\\n                    - generic [ref=e53]: My Network\\n                - listitem [ref=e54]:\\n                  - button \\\"Jobs, 0 new notifications\\\" [ref=e55] [cursor=pointer]:\\n                    - img [ref=e57]\\n                    - generic [ref=e60]: Jobs\\n                - listitem [ref=e61]:\\n                  - link \\\"Messaging, 0 new notifications\\\" [ref=e62] [cursor=pointer]:\\n                    - /url: https://www.linkedin.com/messaging/\\n                    - img [ref=e64]\\n                    - generic [ref=e67]: Messaging\\n                - listitem [ref=e68]:\\n                  - link \\\"Notifications, 0 new notifications\\\" [ref=e69] [cursor=pointer]:\\n                    - /url: https://www.linkedin.com/notifications/\\n                    - img [ref=e71]\\n                    - generic [ref=e74]: Notifications\\n                - listitem [ref=e75]:\\n                  - button \\\"Me\\\" [ref=e76] [cursor=pointer]:\\n                    - figure [ref=e78]\\n                    - generic [ref=e80]:\\n                      - text: Me\\n                      - img [ref=e81]\\n            - generic [ref=e84]:\\n              - navigation [ref=e85]:\\n                - list [ref=e86]:\\n                  - listitem [ref=e87]:\\n                    - button \\\"For Business\\\" [ref=e88] [cursor=pointer]:\\n                      - img [ref=e90]\\n                      - generic [ref=e93]:\\n                        - text: For Business\\n                        - img [ref=e94]\\n              - link \\\"Try Premium for zł 0\\\" [ref=e97] [cursor=pointer]:\\n                - /url: https://www.linkedin.com/premium/products/?upsellOrderOrigin=Tracking%3Av1%3Apremium_nav_upsell_text%3ANav%3AIn-Product&referenceId=0WkMh2eIT4GQNg053WkXyg%3D%3D&isSS=false\\n                - generic [ref=e98]:\\n                  - img [ref=e99]\\n                  - paragraph [ref=e103]: Try Premium for zł 0\\n      - main [ref=e105]:\\n        - generic [ref=e107]:\\n          - generic [ref=e111]:\\n            - generic [ref=e116]:\\n              - generic [ref=e117]:\\n                - paragraph [ref=e118]: Network overview\\n                - generic [ref=e119]:\\n                  - generic [ref=e120]:\\n                    - paragraph [ref=e121]: \\\"0\\\"\\n                    - paragraph [ref=e122]: Invites sent\\n                  - link \\\"0 Connections\\\" [ref=e123] [cursor=pointer]:\\n                    - /url: https://www.linkedin.com/mynetwork/invite-connect/connections\\n                    - generic [ref=e124]:\\n                      - paragraph [ref=e125]: \\\"0\\\"\\n                      - paragraph [ref=e126]: Connections\\n                  - link \\\"0 Following\\\" [ref=e127] [cursor=pointer]:\\n                    - /url: https://www.linkedin.com/mynetwork/network-manager/people-follow/?filterType=member\\n                    - generic [ref=e128]:\\n                      - paragraph [ref=e129]: \\\"0\\\"\\n                      - paragraph [ref=e130]: Following\\n              - button \\\"Show more\\\" [ref=e132] [cursor=pointer]:\\n                - generic [ref=e133]:\\n                  - img [ref=e134]\\n                  - generic [ref=e136]: Show more\\n            - iframe [ref=e139]:\\n              - link \\\"Advertise on LinkedIn\\\" [ref=f218e3] [cursor=pointer]:\\n                - /url: https://www.linkedin.com/jobs/?trk=li_FA_global_careers_jobsgtm_jsFA_v1&mcid=6899045044465016833\\n                - img \\\"Advertise on LinkedIn\\\" [ref=f218e4]\\n            - generic [ref=e140]:\\n              - generic [ref=e141]:\\n                - link \\\"About\\\" [ref=e142] [cursor=pointer]:\\n                  - /url: https://about.linkedin.com/\\n                  - paragraph [ref=e143]: About\\n                - link \\\"Accessibility\\\" [ref=e144] [cursor=pointer]:\\n                  - /url: https://www.linkedin.com/accessibility/\\n                  - paragraph [ref=e145]: Accessibility\\n                - link \\\"Help Center\\\" [ref=e146] [cursor=pointer]:\\n                  - /url: https://www.linkedin.com/help/linkedin/\\n                  - paragraph [ref=e147]: Help Center\\n                - button \\\"Privacy & Terms\\\" [ref=e148] [cursor=pointer]:\\n                  - generic [ref=e149]:\\n                    - paragraph [ref=e150]: Privacy & Terms\\n                    - img [ref=e151]\\n                - link \\\"Ad Choices\\\" [ref=e153] [cursor=pointer]:\\n                  - /url: https://www.linkedin.com/help/linkedin/answer/62931/\\n                  - paragraph [ref=e154]: Ad Choices\\n                - link \\\"Advertising\\\" [ref=e155] [cursor=pointer]:\\n                  - /url: https://www.linkedin.com/ad/start/?trk=n_nav_ads_rr\\n                  - paragraph [ref=e156]: Advertising\\n                - button \\\"Business Services\\\" [ref=e157] [cursor=pointer]:\\n                  - generic [ref=e158]:\\n                    - paragraph [ref=e159]: Business Services\\n                    - img [ref=e160]\\n                - link \\\"Get the LinkedIn app\\\" [ref=e162] [cursor=pointer]:\\n                  - /url: https://www.linkedin.com/mobile/\\n                  - paragraph [ref=e163]: Get the LinkedIn app\\n                - link \\\"More\\\" [ref=e164] [cursor=pointer]:\\n                  - /url: https://www.linkedin.com/mynetwork/grow/\\n                  - paragraph [ref=e165]: More\\n              - generic [ref=e166]:\\n                - img [ref=e167]\\n                - paragraph [ref=e169]: LinkedIn Corporation © 2026\\n          - generic [ref=e173]:\\n            - generic [ref=e180]:\\n              - generic [ref=e181]:\\n                - paragraph [ref=e182]: Invite 5 of your colleagues to connect today\\n                - paragraph [ref=e183]: More connections means more opportunities. Start with friends, teammates, and managers.\\n              - generic [ref=e184]:\\n                - generic [ref=e185]:\\n                  - link \\\"1\\\" [ref=e188] [cursor=pointer]:\\n                    - /url: https://www.linkedin.com/mynetwork/upload-contacts-auth/?importOrigin=MyNetworkOnboarding\\n                    - paragraph [ref=e191]: \\\"1\\\"\\n                  - link \\\"2\\\" [ref=e194] [cursor=pointer]:\\n                    - /url: https://www.linkedin.com/mynetwork/upload-contacts-auth/?importOrigin=MyNetworkOnboarding\\n                    - paragraph [ref=e197]: \\\"2\\\"\\n                  - link \\\"3\\\" [ref=e200] [cursor=pointer]:\\n                    - /url: https://www.linkedin.com/mynetwork/upload-contacts-auth/?importOrigin=MyNetworkOnboarding\\n                    - paragraph [ref=e203]: \\\"3\\\"\\n                  - link \\\"4\\\" [ref=e206] [cursor=pointer]:\\n                    - /url: https://www.linkedin.com/mynetwork/upload-contacts-auth/?importOrigin=MyNetworkOnboarding\\n                    - paragraph [ref=e209]: \\\"4\\\"\\n                  - link \\\"5\\\" [ref=e212] [cursor=pointer]:\\n                    - /url: https://www.linkedin.com/mynetwork/upload-contacts-auth/?importOrigin=MyNetworkOnboarding\\n                    - paragraph [ref=e215]: \\\"5\\\"\\n                - link \\\"Search for people you know\\\" [ref=e216] [cursor=pointer]:\\n                  - /url: https://www.linkedin.com/mynetwork/grow/\\n                  - generic [ref=e217]:\\n                    - img [ref=e218]\\n                    - generic [ref=e220]: Search for people you know\\n            - generic [ref=e225]:\\n              - generic [ref=e226]:\\n                - heading \\\"No pending invitations\\\" [level=2] [ref=e228]\\n                - link \\\"Manage all invitations\\\" [ref=e229] [cursor=pointer]:\\n                  - /url: https://www.linkedin.com/mynetwork/invitation-manager/\\n                  - generic [ref=e231]: Manage\\n              - list\\n            - generic [ref=e234]:\\n              - generic [ref=e236]:\\n                - heading \\\"People you may know in Warsaw Metropolitan Area\\\" [level=3] [ref=e237]\\n                - link \\\"Show all suggestions for People you may know in Warsaw Metropolitan Area\\\" [ref=e238] [cursor=pointer]:\\n                  - /url: https://www.linkedin.com/mynetwork/grow/\\n                  - generic [ref=e240]: Show all\\n              - list [ref=e241]:\\n                - listitem [ref=e243]:\\n                  - generic [ref=e244]:\\n                    - generic [ref=e245]:\\n                      - link \\\"Jakub P., Premium IT Service Delivery Management\\\" [ref=e246] [cursor=pointer]:\\n                        - /url: https://www.linkedin.com/in/jakubpacholski/\\n                        - generic [ref=e247]:\\n                          - generic [ref=e248]:\\n                            - figure [ref=e249]\\n                            - figure [ref=e250]:\\n                              - img [ref=e251]\\n                          - generic [ref=e257]:\\n                            - paragraph [ref=e259]:\\n                              - generic [ref=e260]: Jakub P., Premium\\n                              - generic [ref=e261]:\\n                                - text: Jakub P.\\n                                - img [ref=e263]\\n                            - paragraph [ref=e266]: IT Service Delivery Management\\n                      - button \\\"Invite Jakub P. to connect\\\" [ref=e269] [cursor=pointer]:\\n                        - generic [ref=e270]:\\n                          - img [ref=e271]\\n                          - generic [ref=e274]: Connect\\n                    - button \\\"Remove Jakub P. as a suggestion\\\" [ref=e276] [cursor=pointer]:\\n                      - img [ref=e278]\\n                - listitem [ref=e281]:\\n                  - generic [ref=e282]:\\n                    - generic [ref=e283]:\\n                      - link \\\"Sławomir Dec, Verified Cybersecurity|CISSP\\\" [ref=e284] [cursor=pointer]:\\n                        - /url: https://www.linkedin.com/in/s%C5%82awomir-dec/\\n                        - generic [ref=e285]:\\n                          - generic [ref=e286]:\\n                            - figure [ref=e287]\\n                            - figure [ref=e288]\\n                          - generic [ref=e289]:\\n                            - paragraph [ref=e291]:\\n                              - generic [ref=e292]: Sławomir Dec, Verified\\n                              - generic [ref=e293]:\\n                                - text: Sławomir Dec\\n                                - img [ref=e295]\\n                            - paragraph [ref=e298]: Cybersecurity|CISSP\\n                      - button \\\"Invite Sławomir Dec to connect\\\" [ref=e301] [cursor=pointer]:\\n                        - generic [ref=e302]:\\n                          - img [ref=e303]\\n                          - generic [ref=e306]: Connect\\n                    - button \\\"Remove Sławomir Dec as a suggestion\\\" [ref=e308] [cursor=pointer]:\\n                      - img [ref=e310]\\n                - listitem [ref=e313]:\\n                  - generic [ref=e314]:\\n                    - generic [ref=e315]:\\n                      - link \\\"Adam Szafara Helping businesses to raise its digital potential🌏\\\" [ref=e316] [cursor=pointer]:\\n                        - /url: https://www.linkedin.com/in/szafara/\\n                        - generic [ref=e317]:\\n                          - generic [ref=e318]:\\n                            - figure [ref=e319]\\n                            - figure [ref=e320]:\\n                              - img [ref=e321]\\n                          - generic [ref=e327]:\\n                            - paragraph [ref=e329]:\\n                              - generic [ref=e330]: Adam Szafara\\n                              - text: Adam Szafara\\n                            - paragraph [ref=e332]: Helping businesses to raise its digital potential🌏\\n                      - button \\\"Invite Adam Szafara to connect\\\" [ref=e335] [cursor=pointer]:\\n                        - generic [ref=e336]:\\n                          - img [ref=e337]\\n                          - generic [ref=e340]: Connect\\n                    - button \\\"Remove Adam Szafara as a suggestion\\\" [ref=e342] [cursor=pointer]:\\n                      - img [ref=e344]\\n                - listitem [ref=e347]:\\n                  - generic [ref=e348]:\\n                    - generic [ref=e349]:\\n                      - link \\\"Andrzej Jargiło Specjalista magazynier\\\" [ref=e350] [cursor=pointer]:\\n                        - /url: https://www.linkedin.com/in/andrzej-jargi%C5%82o-b6b546100/\\n                        - generic [ref=e351]:\\n                          - generic [ref=e352]:\\n                            - figure [ref=e353]\\n                            - figure [ref=e354]\\n                          - generic [ref=e355]:\\n                            - paragraph [ref=e357]:\\n                              - generic [ref=e358]: Andrzej Jargiło\\n                              - text: Andrzej Jargiło\\n                            - paragraph [ref=e360]: Specjalista magazynier\\n                      - button \\\"Invite Andrzej Jargiło to connect\\\" [ref=e363] [cursor=pointer]:\\n                        - generic [ref=e364]:\\n                          - img [ref=e365]\\n                          - generic [ref=e368]: Connect\\n                    - button \\\"Remove Andrzej Jargiło as a suggestion\\\" [ref=e370] [cursor=pointer]:\\n                      - img [ref=e372]\\n                - listitem [ref=e375]:\\n                  - generic [ref=e376]:\\n                    - generic [ref=e377]:\\n                      - link \\\"Marcin Owsianka, Verified Business Development Manager at Ledatel\\\" [ref=e378] [cursor=pointer]:\\n                        - /url: https://www.linkedin.com/in/marcin-owsianka/\\n                        - generic [ref=e379]:\\n                          - generic [ref=e380]:\\n                            - figure [ref=e381]\\n                            - figure [ref=e382]\\n                          - generic [ref=e383]:\\n                            - paragraph [ref=e385]:\\n                              - generic [ref=e386]: Marcin Owsianka, Verified\\n                              - generic [ref=e387]:\\n                                - text: Marcin Owsianka\\n                                - img [ref=e389]\\n                            - paragraph [ref=e392]: Business Development Manager at Ledatel\\n                      - button \\\"Invite Marcin Owsianka to connect\\\" [ref=e395] [cursor=pointer]:\\n                        - generic [ref=e396]:\\n                          - img [ref=e397]\\n                          - generic [ref=e400]: Connect\\n                    - button \\\"Remove Marcin Owsianka as a suggestion\\\" [ref=e402] [cursor=pointer]:\\n                      - img [ref=e404]\\n                - listitem [ref=e407]:\\n                  - generic [ref=e408]:\\n                    - generic [ref=e409]:\\n                      - link \\\"Natallia Zhalabkovich, Verified Data Engineering\\\" [ref=e410] [cursor=pointer]:\\n                        - /url: https://www.linkedin.com/in/natallia-zhalabkovich/\\n                        - generic [ref=e411]:\\n                          - generic [ref=e412]:\\n                            - figure [ref=e413]:\\n                              - img [ref=e414]\\n                            - figure [ref=e420]\\n                          - generic [ref=e421]:\\n                            - paragraph [ref=e423]:\\n                              - generic [ref=e424]: Natallia Zhalabkovich, Verified\\n                              - generic [ref=e425]:\\n                                - text: Natallia Zhalabkovich\\n                                - img [ref=e427]\\n                            - paragraph [ref=e430]: Data Engineering\\n                      - button \\\"Invite Natallia Zhalabkovich to connect\\\" [ref=e433] [cursor=pointer]:\\n                        - generic [ref=e434]:\\n                          - img [ref=e435]\\n                          - generic [ref=e438]: Connect\\n                    - button \\\"Remove Natallia Zhalabkovich as a suggestion\\\" [ref=e440] [cursor=pointer]:\\n                      - img [ref=e442]\\n                - listitem [ref=e445]:\\n                  - generic [ref=e446]:\\n                    - generic [ref=e447]:\\n                      - link \\\"Jerzy Lipiński, Verified Product Manager at Omnires\\\" [ref=e448] [cursor=pointer]:\\n                        - /url: https://www.linkedin.com/in/jerzylipinski/\\n                        - generic [ref=e449]:\\n                          - generic [ref=e450]:\\n                            - figure [ref=e451]\\n                            - figure [ref=e452]\\n                          - generic [ref=e453]:\\n                            - paragraph [ref=e455]:\\n                              - generic [ref=e456]: Jerzy Lipiński, Verified\\n                              - generic [ref=e457]:\\n                                - text: Jerzy Lipiński\\n                                - img [ref=e459]\\n                            - paragraph [ref=e462]: Product Manager at Omnires\\n                      - button \\\"Invite Jerzy Lipiński to connect\\\" [ref=e465] [cursor=pointer]:\\n                        - generic [ref=e466]:\\n                          - img [ref=e467]\\n                          - generic [ref=e470]: Connect\\n                    - button \\\"Remove Jerzy Lipiński as a suggestion\\\" [ref=e472] [cursor=pointer]:\\n                      - img [ref=e474]\\n                - listitem [ref=e477]:\\n                  - generic [ref=e478]:\\n                    - generic [ref=e479]:\\n                      - link \\\"Mustafa FIRINCI, Verified Sales Manager | 20+ Years in Retail & Customer Management | MBA | Based in Warsaw\\\" [ref=e480] [cursor=pointer]:\\n                        - /url: https://www.linkedin.com/in/mustafafirinci/\\n                        - generic [ref=e481]:\\n                          - generic [ref=e482]:\\n                            - figure [ref=e483]\\n                            - figure [ref=e484]\\n                          - generic [ref=e485]:\\n                            - paragraph [ref=e487]:\\n                              - generic [ref=e488]: Mustafa FIRINCI, Verified\\n                              - generic [ref=e489]:\\n                                - text: Mustafa FIRINCI\\n                                - img [ref=e491]\\n                            - paragraph [ref=e494]: Sales Manager | 20+ Years in Retail & Customer Management | MBA | Based in Warsaw\\n                      - button \\\"Invite Mustafa FIRINCI to connect\\\" [ref=e497] [cursor=pointer]:\\n                        - generic [ref=e498]:\\n                          - img [ref=e499]\\n                          - generic [ref=e502]: Connect\\n                    - button \\\"Remove Mustafa FIRINCI as a suggestion\\\" [ref=e504] [cursor=pointer]:\\n                      - img [ref=e506]\\n            - generic [ref=e510]:\\n              - generic [ref=e512]:\\n                - heading \\\"People you may know based on your recent activity\\\" [level=3] [ref=e513]\\n                - link \\\"Show all suggestions for People you may know based on your recent activity\\\" [ref=e514] [cursor=pointer]:\\n                  - /url: https://www.linkedin.com/mynetwork/grow/\\n                  - generic [ref=e516]: Show all\\n              - list [ref=e517]:\\n                - listitem [ref=e519]:\\n                  - generic [ref=e520]:\\n                    - generic [ref=e521]:\\n                      - link \\\"Trenton is open to work Trenton Murphy, Premium Salesperson @ 1800-Hansons | Sales, Resiliency\\\" [ref=e522] [cursor=pointer]:\\n                        - /url: https://www.linkedin.com/in/trenton-murphy-720280381/\\n                        - generic [ref=e523]:\\n                          - generic \\\"Trenton is open to work\\\" [ref=e524]:\\n                            - figure [ref=e525]:\\n                              - img [ref=e526]\\n                            - figure [ref=e532]\\n                          - generic [ref=e533]:\\n                            - paragraph [ref=e535]:\\n                              - generic [ref=e536]: Trenton Murphy, Premium\\n                              - generic [ref=e537]:\\n                                - text: Trenton Murphy\\n                                - img [ref=e539]\\n                            - paragraph [ref=e542]: Salesperson @ 1800-Hansons | Sales, Resiliency\\n                      - button \\\"Invite Trenton Murphy to connect\\\" [ref=e545] [cursor=pointer]:\\n                        - generic [ref=e546]:\\n                          - img [ref=e547]\\n                          - generic [ref=e550]: Connect\\n                    - button \\\"Remove Trenton Murphy as a suggestion\\\" [ref=e552] [cursor=pointer]:\\n                      - img [ref=e554]\\n                - listitem [ref=e557]:\\n                  - generic [ref=e558]:\\n                    - generic [ref=e559]:\\n                      - link \\\"Mary Joy Erestain Virtual Assistant / Social Media Manager\\\" [ref=e560] [cursor=pointer]:\\n                        - /url: https://www.linkedin.com/in/mary-joy-erestain-22b696227/\\n                        - generic [ref=e561]:\\n                          - generic [ref=e562]:\\n                            - figure [ref=e563]:\\n                              - img [ref=e564]\\n                            - figure [ref=e570]\\n                          - generic [ref=e571]:\\n                            - paragraph [ref=e573]:\\n                              - generic [ref=e574]: Mary Joy Erestain\\n                              - text: Mary Joy Erestain\\n                            - paragraph [ref=e576]: Virtual Assistant / Social Media Manager\\n                      - button \\\"Invite Mary Joy Erestain to connect\\\" [ref=e579] [cursor=pointer]:\\n                        - generic [ref=e580]:\\n                          - img [ref=e581]\\n                          - generic [ref=e584]: Connect\\n                    - button \\\"Remove Mary Joy Erestain as a suggestion\\\" [ref=e586] [cursor=pointer]:\\n                      - img [ref=e588]\\n                - listitem [ref=e591]:\\n                  - generic [ref=e592]:\\n                    - generic [ref=e593]:\\n                      - link \\\"Joseph N., Verified Accounting Professional in San Diego\\\" [ref=e594] [cursor=pointer]:\\n                        - /url: https://www.linkedin.com/in/joseph-n-33364b1aa/\\n                        - generic [ref=e595]:\\n                          - generic [ref=e596]:\\n                            - figure [ref=e597]\\n                            - figure [ref=e598]\\n                          - generic [ref=e599]:\\n                            - paragraph [ref=e601]:\\n                              - generic [ref=e602]: Joseph N., Verified\\n                              - generic [ref=e603]:\\n                                - text: Joseph N.\\n                                - img [ref=e605]\\n                            - paragraph [ref=e608]: Accounting Professional in San Diego\\n                      - button \\\"Invite Joseph N. to connect\\\" [ref=e611] [cursor=pointer]:\\n                        - generic [ref=e612]:\\n                          - img [ref=e613]\\n                          - generic [ref=e616]: Connect\\n                    - button \\\"Remove Joseph N. as a suggestion\\\" [ref=e618] [cursor=pointer]:\\n                      - img [ref=e620]\\n                - listitem [ref=e623]:\\n                  - generic [ref=e624]:\\n                    - generic [ref=e625]:\\n                      - link \\\"Lou is open to work Lou West, Verified Business Management Grad Passionate About Creative, Community-Driven Work | Digital Marketing & Strategy Enthusiast\\\" [ref=e626] [cursor=pointer]:\\n                        - /url: https://www.linkedin.com/in/lou-west/\\n                        - generic [ref=e627]:\\n                          - generic \\\"Lou is open to work\\\" [ref=e628]:\\n                            - figure [ref=e629]:\\n                              - img [ref=e630]\\n                            - figure [ref=e636]\\n                          - generic [ref=e637]:\\n                            - paragraph [ref=e639]:\\n                              - generic [ref=e640]: Lou West, Verified\\n                              - generic [ref=e641]:\\n                                - text: Lou West\\n                                - img [ref=e643]\\n                            - paragraph [ref=e646]: Business Management Grad Passionate About Creative, Community-Driven Work | Digital Marketing & Strategy Enthusiast\\n                      - button \\\"Invite Lou West to connect\\\" [ref=e649] [cursor=pointer]:\\n                        - generic [ref=e650]:\\n                          - img [ref=e651]\\n                          - generic [ref=e654]: Connect\\n                    - button \\\"Remove Lou West as a suggestion\\\" [ref=e656] [cursor=pointer]:\\n                      - img [ref=e658]\\n                - listitem [ref=e661]:\\n                  - generic [ref=e662]:\\n                    - generic [ref=e663]:\\n                      - link \\\"Jermaine Bruno --\\\" [ref=e664] [cursor=pointer]:\\n                        - /url: https://www.linkedin.com/in/jermaine-bruno-a914b8324/\\n                        - generic [ref=e665]:\\n                          - generic [ref=e666]:\\n                            - figure [ref=e667]\\n                            - figure [ref=e668]\\n                          - generic [ref=e669]:\\n                            - paragraph [ref=e671]:\\n                              - generic [ref=e672]: Jermaine Bruno\\n                              - text: Jermaine Bruno\\n                            - paragraph [ref=e674]: \\\"--\\\"\\n                      - button \\\"Invite Jermaine Bruno to connect\\\" [ref=e677] [cursor=pointer]:\\n                        - generic [ref=e678]:\\n                          - img [ref=e679]\\n                          - generic [ref=e682]: Connect\\n                    - button \\\"Remove Jermaine Bruno as a suggestion\\\" [ref=e684] [cursor=pointer]:\\n                      - img [ref=e686]\\n                - listitem [ref=e689]:\\n                  - generic [ref=e690]:\\n                    - generic [ref=e691]:\\n                      - link \\\"Kevin Geiger, Verified Co-Founder @ Blue Wave 🌊\\\" [ref=e692] [cursor=pointer]:\\n                        - /url: https://www.linkedin.com/in/kevin-geiger-03006023/\\n                        - generic [ref=e693]:\\n                          - generic [ref=e694]:\\n                            - figure [ref=e695]\\n                            - figure [ref=e696]\\n                          - generic [ref=e697]:\\n                            - paragraph [ref=e699]:\\n                              - generic [ref=e700]: Kevin Geiger, Verified\\n                              - generic [ref=e701]:\\n                                - text: Kevin Geiger\\n                                - img [ref=e703]\\n                            - paragraph [ref=e706]: Co-Founder @ Blue Wave 🌊\\n                      - button \\\"Invite Kevin Geiger to connect\\\" [ref=e709] [cursor=pointer]:\\n                        - generic [ref=e710]:\\n                          - img [ref=e711]\\n                          - generic [ref=e714]: Connect\\n                    - button \\\"Remove Kevin Geiger as a suggestion\\\" [ref=e716] [cursor=pointer]:\\n                      - img [ref=e718]\\n                - listitem [ref=e721]:\\n                  - generic [ref=e722]:\\n                    - generic [ref=e723]:\\n                      - link \\\"Juan Trejo, Verified Buyer | Aerospace & Manufacturing | Supply Chain Management\\\" [ref=e724] [cursor=pointer]:\\n                        - /url: https://www.linkedin.com/in/juan-trejo-1b916a32a/\\n                        - generic [ref=e725]:\\n                          - generic [ref=e726]:\\n                            - figure [ref=e727]\\n                            - figure [ref=e728]\\n                          - generic [ref=e729]:\\n                            - paragraph [ref=e731]:\\n                              - generic [ref=e732]: Juan Trejo, Verified\\n                              - generic [ref=e733]:\\n                                - text: Juan Trejo\\n                                - img [ref=e735]\\n                            - paragraph [ref=e738]: Buyer | Aerospace & Manufacturing | Supply Chain Management\\n                      - button \\\"Invite Juan Trejo to connect\\\" [ref=e741] [cursor=pointer]:\\n                        - generic [ref=e742]:\\n                          - img [ref=e743]\\n                          - generic [ref=e746]: Connect\\n                    - button \\\"Remove Juan Trejo as a suggestion\\\" [ref=e748] [cursor=pointer]:\\n                      - img [ref=e750]\\n                - listitem [ref=e753]:\\n                  - generic [ref=e754]:\\n                    - generic [ref=e755]:\\n                      - link \\\"Konrad Fijołek Prezydent Miasta Rzeszów\\\" [ref=e756] [cursor=pointer]:\\n                        - /url: https://www.linkedin.com/in/konradfijo%C5%82ek/\\n                        - generic [ref=e757]:\\n                          - generic [ref=e758]:\\n                            - figure [ref=e759]\\n                            - figure [ref=e760]\\n                          - generic [ref=e761]:\\n                            - paragraph [ref=e763]:\\n                              - generic [ref=e764]: Konrad Fijołek\\n                              - text: Konrad Fijołek\\n                            - paragraph [ref=e766]: Prezydent Miasta Rzeszów\\n                      - button \\\"Invite Konrad Fijołek to connect\\\" [ref=e769] [cursor=pointer]:\\n                        - generic [ref=e770]:\\n                          - img [ref=e771]\\n                          - generic [ref=e774]: Connect\\n                    - button \\\"Remove Konrad Fijołek as a suggestion\\\" [ref=e776] [cursor=pointer]:\\n                      - img [ref=e778]\\n            - generic [ref=e782]:\\n              - generic [ref=e784]:\\n                - heading \\\"Popular on LinkedIn\\\" [level=3] [ref=e785]\\n                - link \\\"Show all suggestions for Popular on LinkedIn\\\" [ref=e786] [cursor=pointer]:\\n                  - /url: https://www.linkedin.com/mynetwork/grow/\\n                  - generic [ref=e788]: Show all\\n              - list [ref=e789]:\\n                - listitem [ref=e791]:\\n                  - generic [ref=e792]:\\n                    - generic [ref=e793]:\\n                      - link \\\"Tomasz Rożek, PhD Nauka To Lubie\\\" [ref=e794] [cursor=pointer]:\\n                        - /url: https://www.linkedin.com/in/tomasz-ro%C5%BCek-phd-303b1b6/\\n                        - generic [ref=e795]:\\n                          - generic [ref=e796]:\\n                            - figure [ref=e797]:\\n                              - img [ref=e798]\\n                            - figure [ref=e804]\\n                          - generic [ref=e805]:\\n                            - paragraph [ref=e807]:\\n                              - generic [ref=e808]: Tomasz Rożek, PhD\\n                              - text: Tomasz Rożek, PhD\\n                            - paragraph [ref=e810]: Nauka To Lubie\\n                      - generic [ref=e811]:\\n                        - paragraph [ref=e814]: 83,898 followers\\n                        - button \\\"Follow Tomasz Rożek, PhD\\\" [ref=e816] [cursor=pointer]:\\n                          - generic [ref=e817]:\\n                            - img [ref=e818]\\n                            - generic [ref=e821]: Follow\\n                    - button \\\"Remove Tomasz Rożek, PhD as a suggestion\\\" [ref=e823] [cursor=pointer]:\\n                      - img [ref=e825]\\n                - listitem [ref=e828]:\\n                  - generic [ref=e829]:\\n                    - generic [ref=e830]:\\n                      - link \\\"Szymon Szczesniak, Premium CEO at CodeTwo / JSON at HRejterzy\\\" [ref=e831] [cursor=pointer]:\\n                        - /url: https://www.linkedin.com/in/codetwojson/\\n                        - generic [ref=e832]:\\n                          - generic [ref=e833]:\\n                            - figure [ref=e834]:\\n                              - img [ref=e835]\\n                            - figure [ref=e841]\\n                          - generic [ref=e842]:\\n                            - paragraph [ref=e844]:\\n                              - generic [ref=e845]: Szymon Szczesniak, Premium\\n                              - generic [ref=e846]:\\n                                - text: Szymon Szczesniak\\n                                - img [ref=e848]\\n                            - paragraph [ref=e851]: CEO at CodeTwo / JSON at HRejterzy\\n                      - generic [ref=e852]:\\n                        - paragraph [ref=e855]: 185,375 followers\\n                        - button \\\"Follow Szymon Szczesniak\\\" [ref=e857] [cursor=pointer]:\\n                          - generic [ref=e858]:\\n                            - img [ref=e859]\\n                            - generic [ref=e862]: Follow\\n                    - button \\\"Remove Szymon Szczesniak as a suggestion\\\" [ref=e864] [cursor=pointer]:\\n                      - img [ref=e866]\\n                - listitem [ref=e869]:\\n                  - generic [ref=e870]:\\n                    - generic [ref=e871]:\\n                      - link \\\"Maciej Sawicki, Verified Async orgs & Remote-first leadership | Founder inStreamly | Gaming & new tech\\\" [ref=e872] [cursor=pointer]:\\n                        - /url: https://www.linkedin.com/in/maciejsawiksawicki/\\n                        - generic [ref=e873]:\\n                          - generic [ref=e874]:\\n                            - figure [ref=e875]\\n                            - figure [ref=e876]\\n                          - generic [ref=e877]:\\n                            - paragraph [ref=e879]:\\n                              - generic [ref=e880]: Maciej Sawicki, Verified\\n                              - generic [ref=e881]:\\n                                - text: Maciej Sawicki\\n                                - img [ref=e883]\\n                            - paragraph [ref=e886]: Async orgs & Remote-first leadership | Founder inStreamly | Gaming & new tech\\n                      - generic [ref=e887]:\\n                        - paragraph [ref=e890]: 18,229 followers\\n                        - button \\\"Follow Maciej Sawicki\\\" [ref=e892] [cursor=pointer]:\\n                          - generic [ref=e893]:\\n                            - img [ref=e894]\\n                            - generic [ref=e897]: Follow\\n                    - button \\\"Remove Maciej Sawicki as a suggestion\\\" [ref=e899] [cursor=pointer]:\\n                      - img [ref=e901]\\n                - listitem [ref=e904]:\\n                  - generic [ref=e905]:\\n                    - generic [ref=e906]:\\n                      - link \\\"Dr Maciej Kawecki, Verified Founder of This is it | This Is World President of the Lem Institute\\\" [ref=e907] [cursor=pointer]:\\n                        - /url: https://www.linkedin.com/in/maciejkawecki/\\n                        - generic [ref=e908]:\\n                          - generic [ref=e909]:\\n                            - figure [ref=e910]\\n                            - figure [ref=e911]:\\n                              - img [ref=e912]\\n                          - generic [ref=e918]:\\n                            - paragraph [ref=e920]:\\n                              - generic [ref=e921]: Dr Maciej Kawecki, Verified\\n                              - generic [ref=e922]:\\n                                - text: Dr Maciej Kawecki\\n                                - img [ref=e924]\\n                            - paragraph [ref=e927]: Founder of This is it | This Is World President of the Lem Institute\\n                      - generic [ref=e928]:\\n                        - paragraph [ref=e931]: 177,045 followers\\n                        - button \\\"Follow Dr Maciej Kawecki\\\" [ref=e933] [cursor=pointer]:\\n                          - generic [ref=e934]:\\n                            - img [ref=e935]\\n                            - generic [ref=e938]: Follow\\n                    - button \\\"Remove Dr Maciej Kawecki as a suggestion\\\" [ref=e940] [cursor=pointer]:\\n                      - img [ref=e942]\\n                - listitem [ref=e945]:\\n                  - generic [ref=e946]:\\n                    - generic [ref=e947]:\\n                      - link \\\"Martyna Wojciechowska, Premium Journalist, filmmaker, activist, founder of UNAWEZA Foundation\\\" [ref=e948] [cursor=pointer]:\\n                        - /url: https://www.linkedin.com/in/martyna-wojciechowska-world/en/\\n                        - generic [ref=e949]:\\n                          - generic [ref=e950]:\\n                            - figure [ref=e951]\\n                            - figure [ref=e952]\\n                          - generic [ref=e953]:\\n                            - paragraph [ref=e955]:\\n                              - generic [ref=e956]: Martyna Wojciechowska, Premium\\n                              - generic [ref=e957]:\\n                                - text: Martyna Wojciechowska\\n                                - img [ref=e959]\\n                            - paragraph [ref=e962]: Journalist, filmmaker, activist, founder of UNAWEZA Foundation\\n                      - generic [ref=e963]:\\n                        - paragraph [ref=e966]: 79,346 followers\\n                        - button \\\"Follow Martyna Wojciechowska\\\" [ref=e968] [cursor=pointer]:\\n                          - generic [ref=e969]:\\n                            - img [ref=e970]\\n                            - generic [ref=e973]: Follow\\n                    - button \\\"Remove Martyna Wojciechowska as a suggestion\\\" [ref=e975] [cursor=pointer]:\\n                      - img [ref=e977]\\n                - listitem [ref=e980]:\\n                  - generic [ref=e981]:\\n                    - generic [ref=e982]:\\n                      - link \\\"Kinga Szostko, Premium 📱 Analiza i monitoring social mediów 🌿 OSINT 🚨 Przemoc rówieśnicza ⚠️ Ochrona dzieci w sieci 🌐 Portal bezpiecznedziecko.org 🫴 Fundacja Prospoleczna.org 📲 Aplikacja KidsAlert 🫆\\\" [ref=e983] [cursor=pointer]:\\n                        - /url: https://www.linkedin.com/in/kinga-szostko-985b65220/\\n                        - generic [ref=e984]:\\n                          - generic [ref=e985]:\\n                            - figure [ref=e986]\\n                            - figure [ref=e987]\\n                          - generic [ref=e988]:\\n                            - paragraph [ref=e990]:\\n                              - generic [ref=e991]: Kinga Szostko, Premium\\n                              - generic [ref=e992]:\\n                                - text: Kinga Szostko\\n                                - img [ref=e994]\\n                            - paragraph [ref=e997]: 📱 Analiza i monitoring social mediów 🌿 OSINT 🚨 Przemoc rówieśnicza ⚠️ Ochrona dzieci w sieci 🌐 Portal bezpiecznedziecko.org 🫴 Fundacja Prospoleczna.org 📲 Aplikacja KidsAlert 🫆\\n                      - generic [ref=e998]:\\n                        - paragraph [ref=e1001]: 11,163 followers\\n                        - button \\\"Follow Kinga Szostko\\\" [ref=e1003] [cursor=pointer]:\\n                          - generic [ref=e1004]:\\n                            - img [ref=e1005]\\n                            - generic [ref=e1008]: Follow\\n                    - button \\\"Remove Kinga Szostko as a suggestion\\\" [ref=e1010] [cursor=pointer]:\\n                      - img [ref=e1012]\\n            - button \\\"Load more\\\" [ref=e1015] [cursor=pointer]:\\n              - generic [ref=e1017]: Load more\\n  - generic:\\n    - generic:\\n      - generic:\\n        - generic:\\n          - complementary:\\n            - generic [ref=e1019]:\\n              - generic [ref=e1021] [cursor=pointer]:\\n                - generic [ref=e1022]:\\n                  - img \\\"Petr Petrovich\\\" [ref=e1023]\\n                  - generic [ref=e1025]: Status is online\\n                - button \\\"You are on the messaging overlay. Press enter to open the list of conversations.\\\" [ref=e1026]:\\n                  - generic [ref=e1027]:\\n                    - generic [ref=e1028]: Messaging\\n                    - generic [ref=e1029]: You are on the messaging overlay. Press enter to open the list of conversations.\\n              - generic [ref=e1030]:\\n                - button \\\"Open messenger dropdown menu\\\" [ref=e1032] [cursor=pointer]:\\n                  - img \\\"Open messenger dropdown menu\\\" [ref=e1033]\\n                - button \\\"Compose message\\\" [ref=e1036] [cursor=pointer]:\\n                  - img [ref=e1037]\\n                  - generic [ref=e1039]: Compose message\\n                - button \\\"You are on the messaging overlay. Press enter to open the list of conversations.\\\" [ref=e1040] [cursor=pointer]:\\n                  - img [ref=e1041]\\n                  - generic [ref=e1043]: You are on the messaging overlay. Press enter to open the list of conversations.\\n          - complementary \\\"AI-powered assistant to get help with your career, jobs etc\\\"\\n  - iframe [ref=e1044]:\\n    - generic [active] [ref=f207e1]:\\n      - generic:\\n        - region \\\"Toast message\\\":\\n          - heading \\\"0 notifications total\\\" [level=2] [ref=f207e3]\\n          - alert\\n      - region [ref=f207e4]\\n      - generic [ref=f207e5]:\\n        - generic [ref=f207e7]:\\n          - button \\\"Skip to search\\\" [ref=f207e8] [cursor=pointer]:\\n            - generic [ref=f207e9]: Skip to search\\n          - button \\\"Skip to main content\\\" [ref=f207e10] [cursor=pointer]:\\n            - generic [ref=f207e11]: Skip to main content\\n          - button \\\"Keyboard shortcuts\\\" [ref=f207e12] [cursor=pointer]:\\n            - generic [ref=f207e13]: Keyboard shortcuts\\n          - button \\\"Close jump menu\\\" [ref=f207e14] [cursor=pointer]:\\n            - img [ref=f207e15]\\n            - generic [ref=f207e17]: Close jump menu\\n        - banner \\\"Global Navigation\\\" [ref=f207e18]:\\n          - generic [ref=f207e19]:\\n            - link \\\"LinkedIn\\\" [ref=f207e20] [cursor=pointer]:\\n              - /url: https://www.linkedin.com/feed/?nis=true\\n              - img \\\"LinkedIn\\\" [ref=f207e23]:\\n                - img [ref=f207e24]\\n            - generic [ref=f207e28]:\\n              - combobox \\\"Search\\\" [ref=f207e29]\\n              - generic:\\n                - img\\n            - navigation \\\"Primary Navigation\\\" [ref=f207e30]:\\n              - list [ref=f207e31]:\\n                - listitem [ref=f207e32]:\\n                  - link \\\"new feed updates notifications Home\\\" [ref=f207e33] [cursor=pointer]:\\n                    - /url: https://www.linkedin.com/feed/?nis=true&\\n                    - generic [ref=f207e34]:\\n                      - generic [ref=f207e37]: new feed updates notifications\\n                      - img [ref=f207e41]\\n                    - generic \\\"Home\\\" [ref=f207e43]\\n                - listitem [ref=f207e44]:\\n                  - link \\\"My Network\\\" [ref=f207e45] [cursor=pointer]:\\n                    - /url: https://www.linkedin.com/mynetwork/?\\n                    - img [ref=f207e49]\\n                    - generic \\\"My Network\\\" [ref=f207e51]\\n                - listitem [ref=f207e52]:\\n                  - link \\\"Jobs\\\" [ref=f207e53] [cursor=pointer]:\\n                    - /url: https://www.linkedin.com/jobs/?\\n                    - img [ref=f207e57]\\n                    - generic \\\"Jobs\\\" [ref=f207e59]\\n                - listitem [ref=f207e60]:\\n                  - link \\\"Messaging\\\" [ref=f207e61] [cursor=pointer]:\\n                    - /url: https://www.linkedin.com/messaging/?\\n                    - img [ref=f207e65]\\n                    - generic \\\"Messaging\\\" [ref=f207e67]\\n                - listitem [ref=f207e68]:\\n                  - link \\\"Notifications\\\" [ref=f207e69] [cursor=pointer]:\\n                    - /url: https://www.linkedin.com/notifications/?\\n                    - img [ref=f207e73]\\n                    - generic \\\"Notifications\\\" [ref=f207e75]\\n                - listitem [ref=f207e76]:\\n                  - button \\\"Petr Petrovich Me\\\" [ref=f207e78] [cursor=pointer]:\\n                    - img \\\"Petr Petrovich\\\" [ref=f207e79]\\n                    - generic [ref=f207e80]:\\n                      - text: Me\\n                      - img [ref=f207e81]\\n                - listitem [ref=f207e83]:\\n                  - button \\\"For Business\\\" [ref=f207e85] [cursor=pointer]:\\n                    - img [ref=f207e89]\\n                    - generic \\\"For Business\\\" [ref=f207e91]:\\n                      - text: For Business\\n                      - img [ref=f207e92]\\n                - listitem [ref=f207e94]:\\n                  - link \\\"Try Premium for zł 0\\\" [ref=f207e96] [cursor=pointer]:\\n                    - /url: javascript:void(0)\\n                    - generic [ref=f207e97]:\\n                      - img [ref=f207e98]\\n                      - generic [ref=f207e100]: Try Premium for zł 0\",\n  \"refs\": {\n    \"e2\": {\n      \"role\": \"generic\"\n    },\n    \"e3\": {\n      \"role\": \"heading\",\n      \"name\": \"0 notifications\"\n    },\n    \"e4\": {\n      \"role\": \"generic\"\n    },\n    \"e5\": {\n      \"role\": \"button\"\n    },\n    \"e7\": {\n      \"role\": \"generic\"\n    },\n    \"e8\": {\n      \"role\": \"button\"\n    },\n    \"e10\": {\n      \"role\": \"img\"\n    },\n    \"e12\": {\n      \"role\": \"generic\"\n    },\n    \"e14\": {\n      \"role\": \"banner\"\n    },\n    \"e17\": {\n      \"role\": \"generic\"\n    },\n    \"e18\": {\n      \"role\": \"button\",\n      \"name\": \"LinkedIn\"\n    },\n    \"e19\": {\n      \"role\": \"img\",\n      \"name\": \"LinkedIn\"\n    },\n    \"e22\": {\n      \"role\": \"search\"\n    },\n    \"e23\": {\n      \"role\": \"generic\"\n    },\n    \"e25\": {\n      \"role\": \"img\"\n    },\n    \"e27\": {\n      \"role\": \"textbox\",\n      \"name\": \"Search\"\n    },\n    \"e29\": {\n      \"role\": \"generic\"\n    },\n    \"e34\": {\n      \"role\": \"figure\"\n    },\n    \"e37\": {\n      \"role\": \"navigation\"\n    },\n    \"e38\": {\n      \"role\": \"list\"\n    },\n    \"e39\": {\n      \"role\": \"listitem\"\n    },\n    \"e40\": {\n      \"role\": \"button\",\n      \"name\": \"Home, 1 new notification\"\n    },\n    \"e42\": {\n      \"role\": \"img\"\n    },\n    \"e46\": {\n      \"role\": \"generic\"\n    },\n    \"e47\": {\n      \"role\": \"listitem\"\n    },\n    \"e48\": {\n      \"role\": \"link\",\n      \"name\": \"My Network, 0 new notifications\"\n    },\n    \"e50\": {\n      \"role\": \"img\"\n    },\n    \"e53\": {\n      \"role\": \"generic\"\n    },\n    \"e54\": {\n      \"role\": \"listitem\"\n    },\n    \"e55\": {\n      \"role\": \"button\",\n      \"name\": \"Jobs, 0 new notifications\"\n    },\n    \"e57\": {\n      \"role\": \"img\"\n    },\n    \"e60\": {\n      \"role\": \"generic\"\n    },\n    \"e61\": {\n      \"role\": \"listitem\"\n    },\n    \"e62\": {\n      \"role\": \"link\",\n      \"name\": \"Messaging, 0 new notifications\"\n    },\n    \"e64\": {\n      \"role\": \"img\"\n    },\n    \"e67\": {\n      \"role\": \"generic\"\n    },\n    \"e68\": {\n      \"role\": \"listitem\"\n    },\n    \"e69\": {\n      \"role\": \"link\",\n      \"name\": \"Notifications, 0 new notifications\"\n    },\n    \"e71\": {\n      \"role\": \"img\"\n    },\n    \"e74\": {\n      \"role\": \"generic\"\n    },\n    \"e75\": {\n      \"role\": \"listitem\"\n    },\n    \"e76\": {\n      \"role\": \"button\",\n      \"name\": \"Me\"\n    },\n    \"e78\": {\n      \"role\": \"figure\"\n    },\n    \"e80\": {\n      \"role\": \"generic\"\n    },\n    \"e81\": {\n      \"role\": \"img\"\n    },\n    \"e84\": {\n      \"role\": \"generic\"\n    },\n    \"e85\": {\n      \"role\": \"navigation\"\n    },\n    \"e86\": {\n      \"role\": \"list\"\n    },\n    \"e87\": {\n      \"role\": \"listitem\"\n    },\n    \"e88\": {\n      \"role\": \"button\",\n      \"name\": \"For Business\"\n    },\n    \"e90\": {\n      \"role\": \"img\"\n    },\n    \"e93\": {\n      \"role\": \"generic\"\n    },\n    \"e94\": {\n      \"role\": \"img\"\n    },\n    \"e97\": {\n      \"role\": \"link\",\n      \"name\": \"Try Premium for zł 0\"\n    },\n    \"e98\": {\n      \"role\": \"generic\"\n    },\n    \"e99\": {\n      \"role\": \"img\"\n    },\n    \"e103\": {\n      \"role\": \"paragraph\"\n    },\n    \"e105\": {\n      \"role\": \"main\"\n    },\n    \"e107\": {\n      \"role\": \"generic\"\n    },\n    \"e111\": {\n      \"role\": \"generic\"\n    },\n    \"e116\": {\n      \"role\": \"generic\"\n    },\n    \"e117\": {\n      \"role\": \"generic\"\n    },\n    \"e118\": {\n      \"role\": \"paragraph\"\n    },\n    \"e119\": {\n      \"role\": \"generic\"\n    },\n    \"e120\": {\n      \"role\": \"generic\"\n    },\n    \"e121\": {\n      \"role\": \"paragraph\"\n    },\n    \"e122\": {\n      \"role\": \"paragraph\"\n    },\n    \"e123\": {\n      \"role\": \"link\",\n      \"name\": \"0 Connections\"\n    },\n    \"e124\": {\n      \"role\": \"generic\"\n    },\n    \"e125\": {\n      \"role\": \"paragraph\"\n    },\n    \"e126\": {\n      \"role\": \"paragraph\"\n    },\n    \"e127\": {\n      \"role\": \"link\",\n      \"name\": \"0 Following\"\n    },\n    \"e128\": {\n      \"role\": \"generic\"\n    },\n    \"e129\": {\n      \"role\": \"paragraph\"\n    },\n    \"e130\": {\n      \"role\": \"paragraph\"\n    },\n    \"e132\": {\n      \"role\": \"button\",\n      \"name\": \"Show more\"\n    },\n    \"e133\": {\n      \"role\": \"generic\"\n    },\n    \"e134\": {\n      \"role\": \"img\"\n    },\n    \"e136\": {\n      \"role\": \"generic\"\n    },\n    \"e139\": {\n      \"role\": \"iframe\"\n    },\n    \"e140\": {\n      \"role\": \"generic\"\n    },\n    \"e141\": {\n      \"role\": \"generic\"\n    },\n    \"e142\": {\n      \"role\": \"link\",\n      \"name\": \"About\"\n    },\n    \"e143\": {\n      \"role\": \"paragraph\"\n    },\n    \"e144\": {\n      \"role\": \"link\",\n      \"name\": \"Accessibility\"\n    },\n    \"e145\": {\n      \"role\": \"paragraph\"\n    },\n    \"e146\": {\n      \"role\": \"link\",\n      \"name\": \"Help Center\"\n    },\n    \"e147\": {\n      \"role\": \"paragraph\"\n    },\n    \"e148\": {\n      \"role\": \"button\",\n      \"name\": \"Privacy & Terms\"\n    },\n    \"e149\": {\n      \"role\": \"generic\"\n    },\n    \"e150\": {\n      \"role\": \"paragraph\"\n    },\n    \"e151\": {\n      \"role\": \"img\"\n    },\n    \"e153\": {\n      \"role\": \"link\",\n      \"name\": \"Ad Choices\"\n    },\n    \"e154\": {\n      \"role\": \"paragraph\"\n    },\n    \"e155\": {\n      \"role\": \"link\",\n      \"name\": \"Advertising\"\n    },\n    \"e156\": {\n      \"role\": \"paragraph\"\n    },\n    \"e157\": {\n      \"role\": \"button\",\n      \"name\": \"Business Services\"\n    },\n    \"e158\": {\n      \"role\": \"generic\"\n    },\n    \"e159\": {\n      \"role\": \"paragraph\"\n    },\n    \"e160\": {\n      \"role\": \"img\"\n    },\n    \"e162\": {\n      \"role\": \"link\",\n      \"name\": \"Get the LinkedIn app\"\n    },\n    \"e163\": {\n      \"role\": \"paragraph\"\n    },\n    \"e164\": {\n      \"role\": \"link\",\n      \"name\": \"More\"\n    },\n    \"e165\": {\n      \"role\": \"paragraph\"\n    },\n    \"e166\": {\n      \"role\": \"generic\"\n    },\n    \"e167\": {\n      \"role\": \"img\"\n    },\n    \"e169\": {\n      \"role\": \"paragraph\"\n    },\n    \"e173\": {\n      \"role\": \"generic\"\n    },\n    \"e180\": {\n      \"role\": \"generic\"\n    },\n    \"e181\": {\n      \"role\": \"generic\"\n    },\n    \"e182\": {\n      \"role\": \"paragraph\"\n    },\n    \"e183\": {\n      \"role\": \"paragraph\"\n    },\n    \"e184\": {\n      \"role\": \"generic\"\n    },\n    \"e185\": {\n      \"role\": \"generic\"\n    },\n    \"e188\": {\n      \"role\": \"link\",\n      \"name\": \"1\"\n    },\n    \"e191\": {\n      \"role\": \"paragraph\"\n    },\n    \"e194\": {\n      \"role\": \"link\",\n      \"name\": \"2\"\n    },\n    \"e197\": {\n      \"role\": \"paragraph\"\n    },\n    \"e200\": {\n      \"role\": \"link\",\n      \"name\": \"3\"\n    },\n    \"e203\": {\n      \"role\": \"paragraph\"\n    },\n    \"e206\": {\n      \"role\": \"link\",\n      \"name\": \"4\"\n    },\n    \"e209\": {\n      \"role\": \"paragraph\"\n    },\n    \"e212\": {\n      \"role\": \"link\",\n      \"name\": \"5\"\n    },\n    \"e215\": {\n      \"role\": \"paragraph\"\n    },\n    \"e216\": {\n      \"role\": \"link\",\n      \"name\": \"Search for people you know\"\n    },\n    \"e217\": {\n      \"role\": \"generic\"\n    },\n    \"e218\": {\n      \"role\": \"img\"\n    },\n    \"e220\": {\n      \"role\": \"generic\"\n    },\n    \"e225\": {\n      \"role\": \"generic\"\n    },\n    \"e226\": {\n      \"role\": \"generic\"\n    },\n    \"e228\": {\n      \"role\": \"heading\",\n      \"name\": \"No pending invitations\"\n    },\n    \"e229\": {\n      \"role\": \"link\",\n      \"name\": \"Manage all invitations\"\n    },\n    \"e231\": {\n      \"role\": \"generic\"\n    },\n    \"e234\": {\n      \"role\": \"generic\"\n    },\n    \"e236\": {\n      \"role\": \"generic\"\n    },\n    \"e237\": {\n      \"role\": \"heading\",\n      \"name\": \"People you may know in Warsaw Metropolitan Area\"\n    },\n    \"e238\": {\n      \"role\": \"link\",\n      \"name\": \"Show all suggestions for People you may know in Warsaw Metropolitan Area\"\n    },\n    \"e240\": {\n      \"role\": \"generic\"\n    },\n    \"e241\": {\n      \"role\": \"list\"\n    },\n    \"e243\": {\n      \"role\": \"listitem\"\n    },\n    \"e244\": {\n      \"role\": \"generic\"\n    },\n    \"e245\": {\n      \"role\": \"generic\"\n    },\n    \"e246\": {\n      \"role\": \"link\",\n      \"name\": \"Jakub P., Premium IT Service Delivery Management\"\n    },\n    \"e247\": {\n      \"role\": \"generic\"\n    },\n    \"e248\": {\n      \"role\": \"generic\"\n    },\n    \"e249\": {\n      \"role\": \"figure\"\n    },\n    \"e250\": {\n      \"role\": \"figure\"\n    },\n    \"e251\": {\n      \"role\": \"img\"\n    },\n    \"e257\": {\n      \"role\": \"generic\"\n    },\n    \"e259\": {\n      \"role\": \"paragraph\"\n    },\n    \"e260\": {\n      \"role\": \"generic\"\n    },\n    \"e261\": {\n      \"role\": \"generic\"\n    },\n    \"e263\": {\n      \"role\": \"img\"\n    },\n    \"e266\": {\n      \"role\": \"paragraph\"\n    },\n    \"e269\": {\n      \"role\": \"button\",\n      \"name\": \"Invite Jakub P. to connect\"\n    },\n    \"e270\": {\n      \"role\": \"generic\"\n    },\n    \"e271\": {\n      \"role\": \"img\"\n    },\n    \"e274\": {\n      \"role\": \"generic\"\n    },\n    \"e276\": {\n      \"role\": \"button\",\n      \"name\": \"Remove Jakub P. as a suggestion\"\n    },\n    \"e278\": {\n      \"role\": \"img\"\n    },\n    \"e281\": {\n      \"role\": \"listitem\"\n    },\n    \"e282\": {\n      \"role\": \"generic\"\n    },\n    \"e283\": {\n      \"role\": \"generic\"\n    },\n    \"e284\": {\n      \"role\": \"link\",\n      \"name\": \"Sławomir Dec, Verified Cybersecurity|CISSP\"\n    },\n    \"e285\": {\n      \"role\": \"generic\"\n    },\n    \"e286\": {\n      \"role\": \"generic\"\n    },\n    \"e287\": {\n      \"role\": \"figure\"\n    },\n    \"e288\": {\n      \"role\": \"figure\"\n    },\n    \"e289\": {\n      \"role\": \"generic\"\n    },\n    \"e291\": {\n      \"role\": \"paragraph\"\n    },\n    \"e292\": {\n      \"role\": \"generic\"\n    },\n    \"e293\": {\n      \"role\": \"generic\"\n    },\n    \"e295\": {\n      \"role\": \"img\"\n    },\n    \"e298\": {\n      \"role\": \"paragraph\"\n    },\n    \"e301\": {\n      \"role\": \"button\",\n      \"name\": \"Invite Sławomir Dec to connect\"\n    },\n    \"e302\": {\n      \"role\": \"generic\"\n    },\n    \"e303\": {\n      \"role\": \"img\"\n    },\n    \"e306\": {\n      \"role\": \"generic\"\n    },\n    \"e308\": {\n      \"role\": \"button\",\n      \"name\": \"Remove Sławomir Dec as a suggestion\"\n    },\n    \"e310\": {\n      \"role\": \"img\"\n    },\n    \"e313\": {\n      \"role\": \"listitem\"\n    },\n    \"e314\": {\n      \"role\": \"generic\"\n    },\n    \"e315\": {\n      \"role\": \"generic\"\n    },\n    \"e316\": {\n      \"role\": \"link\",\n      \"name\": \"Adam Szafara Helping businesses to raise its digital potential🌏\"\n    },\n    \"e317\": {\n      \"role\": \"generic\"\n    },\n    \"e318\": {\n      \"role\": \"generic\"\n    },\n    \"e319\": {\n      \"role\": \"figure\"\n    },\n    \"e320\": {\n      \"role\": \"figure\"\n    },\n    \"e321\": {\n      \"role\": \"img\"\n    },\n    \"e327\": {\n      \"role\": \"generic\"\n    },\n    \"e329\": {\n      \"role\": \"paragraph\"\n    },\n    \"e330\": {\n      \"role\": \"generic\"\n    },\n    \"e332\": {\n      \"role\": \"paragraph\"\n    },\n    \"e335\": {\n      \"role\": \"button\",\n      \"name\": \"Invite Adam Szafara to connect\"\n    },\n    \"e336\": {\n      \"role\": \"generic\"\n    },\n    \"e337\": {\n      \"role\": \"img\"\n    },\n    \"e340\": {\n      \"role\": \"generic\"\n    },\n    \"e342\": {\n      \"role\": \"button\",\n      \"name\": \"Remove Adam Szafara as a suggestion\"\n    },\n    \"e344\": {\n      \"role\": \"img\"\n    },\n    \"e347\": {\n      \"role\": \"listitem\"\n    },\n    \"e348\": {\n      \"role\": \"generic\"\n    },\n    \"e349\": {\n      \"role\": \"generic\"\n    },\n    \"e350\": {\n      \"role\": \"link\",\n      \"name\": \"Andrzej Jargiło Specjalista magazynier\"\n    },\n    \"e351\": {\n      \"role\": \"generic\"\n    },\n    \"e352\": {\n      \"role\": \"generic\"\n    },\n    \"e353\": {\n      \"role\": \"figure\"\n    },\n    \"e354\": {\n      \"role\": \"figure\"\n    },\n    \"e355\": {\n      \"role\": \"generic\"\n    },\n    \"e357\": {\n      \"role\": \"paragraph\"\n    },\n    \"e358\": {\n      \"role\": \"generic\"\n    },\n    \"e360\": {\n      \"role\": \"paragraph\"\n    },\n    \"e363\": {\n      \"role\": \"button\",\n      \"name\": \"Invite Andrzej Jargiło to connect\"\n    },\n    \"e364\": {\n      \"role\": \"generic\"\n    },\n    \"e365\": {\n      \"role\": \"img\"\n    },\n    \"e368\": {\n      \"role\": \"generic\"\n    },\n    \"e370\": {\n      \"role\": \"button\",\n      \"name\": \"Remove Andrzej Jargiło as a suggestion\"\n    },\n    \"e372\": {\n      \"role\": \"img\"\n    },\n    \"e375\": {\n      \"role\": \"listitem\"\n    },\n    \"e376\": {\n      \"role\": \"generic\"\n    },\n    \"e377\": {\n      \"role\": \"generic\"\n    },\n    \"e378\": {\n      \"role\": \"link\",\n      \"name\": \"Marcin Owsianka, Verified Business Development Manager at Ledatel\"\n    },\n    \"e379\": {\n      \"role\": \"generic\"\n    },\n    \"e380\": {\n      \"role\": \"generic\"\n    },\n    \"e381\": {\n      \"role\": \"figure\"\n    },\n    \"e382\": {\n      \"role\": \"figure\"\n    },\n    \"e383\": {\n      \"role\": \"generic\"\n    },\n    \"e385\": {\n      \"role\": \"paragraph\"\n    },\n    \"e386\": {\n      \"role\": \"generic\"\n    },\n    \"e387\": {\n      \"role\": \"generic\"\n    },\n    \"e389\": {\n      \"role\": \"img\"\n    },\n    \"e392\": {\n      \"role\": \"paragraph\"\n    },\n    \"e395\": {\n      \"role\": \"button\",\n      \"name\": \"Invite Marcin Owsianka to connect\"\n    },\n    \"e396\": {\n      \"role\": \"generic\"\n    },\n    \"e397\": {\n      \"role\": \"img\"\n    },\n    \"e400\": {\n      \"role\": \"generic\"\n    },\n    \"e402\": {\n      \"role\": \"button\",\n      \"name\": \"Remove Marcin Owsianka as a suggestion\"\n    },\n    \"e404\": {\n      \"role\": \"img\"\n    },\n    \"e407\": {\n      \"role\": \"listitem\"\n    },\n    \"e408\": {\n      \"role\": \"generic\"\n    },\n    \"e409\": {\n      \"role\": \"generic\"\n    },\n    \"e410\": {\n      \"role\": \"link\",\n      \"name\": \"Natallia Zhalabkovich, Verified Data Engineering\"\n    },\n    \"e411\": {\n      \"role\": \"generic\"\n    },\n    \"e412\": {\n      \"role\": \"generic\"\n    },\n    \"e413\": {\n      \"role\": \"figure\"\n    },\n    \"e414\": {\n      \"role\": \"img\"\n    },\n    \"e420\": {\n      \"role\": \"figure\"\n    },\n    \"e421\": {\n      \"role\": \"generic\"\n    },\n    \"e423\": {\n      \"role\": \"paragraph\"\n    },\n    \"e424\": {\n      \"role\": \"generic\"\n    },\n    \"e425\": {\n      \"role\": \"generic\"\n    },\n    \"e427\": {\n      \"role\": \"img\"\n    },\n    \"e430\": {\n      \"role\": \"paragraph\"\n    },\n    \"e433\": {\n      \"role\": \"button\",\n      \"name\": \"Invite Natallia Zhalabkovich to connect\"\n    },\n    \"e434\": {\n      \"role\": \"generic\"\n    },\n    \"e435\": {\n      \"role\": \"img\"\n    },\n    \"e438\": {\n      \"role\": \"generic\"\n    },\n    \"e440\": {\n      \"role\": \"button\",\n      \"name\": \"Remove Natallia Zhalabkovich as a suggestion\"\n    },\n    \"e442\": {\n      \"role\": \"img\"\n    },\n    \"e445\": {\n      \"role\": \"listitem\"\n    },\n    \"e446\": {\n      \"role\": \"generic\"\n    },\n    \"e447\": {\n      \"role\": \"generic\"\n    },\n    \"e448\": {\n      \"role\": \"link\",\n      \"name\": \"Jerzy Lipiński, Verified Product Manager at Omnires\"\n    },\n    \"e449\": {\n      \"role\": \"generic\"\n    },\n    \"e450\": {\n      \"role\": \"generic\"\n    },\n    \"e451\": {\n      \"role\": \"figure\"\n    },\n    \"e452\": {\n      \"role\": \"figure\"\n    },\n    \"e453\": {\n      \"role\": \"generic\"\n    },\n    \"e455\": {\n      \"role\": \"paragraph\"\n    },\n    \"e456\": {\n      \"role\": \"generic\"\n    },\n    \"e457\": {\n      \"role\": \"generic\"\n    },\n    \"e459\": {\n      \"role\": \"img\"\n    },\n    \"e462\": {\n      \"role\": \"paragraph\"\n    },\n    \"e465\": {\n      \"role\": \"button\",\n      \"name\": \"Invite Jerzy Lipiński to connect\"\n    },\n    \"e466\": {\n      \"role\": \"generic\"\n    },\n    \"e467\": {\n      \"role\": \"img\"\n    },\n    \"e470\": {\n      \"role\": \"generic\"\n    },\n    \"e472\": {\n      \"role\": \"button\",\n      \"name\": \"Remove Jerzy Lipiński as a suggestion\"\n    },\n    \"e474\": {\n      \"role\": \"img\"\n    },\n    \"e477\": {\n      \"role\": \"listitem\"\n    },\n    \"e478\": {\n      \"role\": \"generic\"\n    },\n    \"e479\": {\n      \"role\": \"generic\"\n    },\n    \"e480\": {\n      \"role\": \"link\",\n      \"name\": \"Mustafa FIRINCI, Verified Sales Manager | 20+ Years in Retail & Customer Management | MBA | Based in Warsaw\"\n    },\n    \"e481\": {\n      \"role\": \"generic\"\n    },\n    \"e482\": {\n      \"role\": \"generic\"\n    },\n    \"e483\": {\n      \"role\": \"figure\"\n    },\n    \"e484\": {\n      \"role\": \"figure\"\n    },\n    \"e485\": {\n      \"role\": \"generic\"\n    },\n    \"e487\": {\n      \"role\": \"paragraph\"\n    },\n    \"e488\": {\n      \"role\": \"generic\"\n    },\n    \"e489\": {\n      \"role\": \"generic\"\n    },\n    \"e491\": {\n      \"role\": \"img\"\n    },\n    \"e494\": {\n      \"role\": \"paragraph\"\n    },\n    \"e497\": {\n      \"role\": \"button\",\n      \"name\": \"Invite Mustafa FIRINCI to connect\"\n    },\n    \"e498\": {\n      \"role\": \"generic\"\n    },\n    \"e499\": {\n      \"role\": \"img\"\n    },\n    \"e502\": {\n      \"role\": \"generic\"\n    },\n    \"e504\": {\n      \"role\": \"button\",\n      \"name\": \"Remove Mustafa FIRINCI as a suggestion\"\n    },\n    \"e506\": {\n      \"role\": \"img\"\n    },\n    \"e510\": {\n      \"role\": \"generic\"\n    },\n    \"e512\": {\n      \"role\": \"generic\"\n    },\n    \"e513\": {\n      \"role\": \"heading\",\n      \"name\": \"People you may know based on your recent activity\"\n    },\n    \"e514\": {\n      \"role\": \"link\",\n      \"name\": \"Show all suggestions for People you may know based on your recent activity\"\n    },\n    \"e516\": {\n      \"role\": \"generic\"\n    },\n    \"e517\": {\n      \"role\": \"list\"\n    },\n    \"e519\": {\n      \"role\": \"listitem\"\n    },\n    \"e520\": {\n      \"role\": \"generic\"\n    },\n    \"e521\": {\n      \"role\": \"generic\"\n    },\n    \"e522\": {\n      \"role\": \"link\",\n      \"name\": \"Trenton is open to work Trenton Murphy, Premium Salesperson @ 1800-Hansons | Sales, Resiliency\"\n    },\n    \"e523\": {\n      \"role\": \"generic\"\n    },\n    \"e524\": {\n      \"role\": \"generic\",\n      \"name\": \"Trenton is open to work\"\n    },\n    \"e525\": {\n      \"role\": \"figure\"\n    },\n    \"e526\": {\n      \"role\": \"img\"\n    },\n    \"e532\": {\n      \"role\": \"figure\"\n    },\n    \"e533\": {\n      \"role\": \"generic\"\n    },\n    \"e535\": {\n      \"role\": \"paragraph\"\n    },\n    \"e536\": {\n      \"role\": \"generic\"\n    },\n    \"e537\": {\n      \"role\": \"generic\"\n    },\n    \"e539\": {\n      \"role\": \"img\"\n    },\n    \"e542\": {\n      \"role\": \"paragraph\"\n    },\n    \"e545\": {\n      \"role\": \"button\",\n      \"name\": \"Invite Trenton Murphy to connect\"\n    },\n    \"e546\": {\n      \"role\": \"generic\"\n    },\n    \"e547\": {\n      \"role\": \"img\"\n    },\n    \"e550\": {\n      \"role\": \"generic\"\n    },\n    \"e552\": {\n      \"role\": \"button\",\n      \"name\": \"Remove Trenton Murphy as a suggestion\"\n    },\n    \"e554\": {\n      \"role\": \"img\"\n    },\n    \"e557\": {\n      \"role\": \"listitem\"\n    },\n    \"e558\": {\n      \"role\": \"generic\"\n    },\n    \"e559\": {\n      \"role\": \"generic\"\n    },\n    \"e560\": {\n      \"role\": \"link\",\n      \"name\": \"Mary Joy Erestain Virtual Assistant / Social Media Manager\"\n    },\n    \"e561\": {\n      \"role\": \"generic\"\n    },\n    \"e562\": {\n      \"role\": \"generic\"\n    },\n    \"e563\": {\n      \"role\": \"figure\"\n    },\n    \"e564\": {\n      \"role\": \"img\"\n    },\n    \"e570\": {\n      \"role\": \"figure\"\n    },\n    \"e571\": {\n      \"role\": \"generic\"\n    },\n    \"e573\": {\n      \"role\": \"paragraph\"\n    },\n    \"e574\": {\n      \"role\": \"generic\"\n    },\n    \"e576\": {\n      \"role\": \"paragraph\"\n    },\n    \"e579\": {\n      \"role\": \"button\",\n      \"name\": \"Invite Mary Joy Erestain to connect\"\n    },\n    \"e580\": {\n      \"role\": \"generic\"\n    },\n    \"e581\": {\n      \"role\": \"img\"\n    },\n    \"e584\": {\n      \"role\": \"generic\"\n    },\n    \"e586\": {\n      \"role\": \"button\",\n      \"name\": \"Remove Mary Joy Erestain as a suggestion\"\n    },\n    \"e588\": {\n      \"role\": \"img\"\n    },\n    \"e591\": {\n      \"role\": \"listitem\"\n    },\n    \"e592\": {\n      \"role\": \"generic\"\n    },\n    \"e593\": {\n      \"role\": \"generic\"\n    },\n    \"e594\": {\n      \"role\": \"link\",\n      \"name\": \"Joseph N., Verified Accounting Professional in San Diego\"\n    },\n    \"e595\": {\n      \"role\": \"generic\"\n    },\n    \"e596\": {\n      \"role\": \"generic\"\n    },\n    \"e597\": {\n      \"role\": \"figure\"\n    },\n    \"e598\": {\n      \"role\": \"figure\"\n    },\n    \"e599\": {\n      \"role\": \"generic\"\n    },\n    \"e601\": {\n      \"role\": \"paragraph\"\n    },\n    \"e602\": {\n      \"role\": \"generic\"\n    },\n    \"e603\": {\n      \"role\": \"generic\"\n    },\n    \"e605\": {\n      \"role\": \"img\"\n    },\n    \"e608\": {\n      \"role\": \"paragraph\"\n    },\n    \"e611\": {\n      \"role\": \"button\",\n      \"name\": \"Invite Joseph N. to connect\"\n    },\n    \"e612\": {\n      \"role\": \"generic\"\n    },\n    \"e613\": {\n      \"role\": \"img\"\n    },\n    \"e616\": {\n      \"role\": \"generic\"\n    },\n    \"e618\": {\n      \"role\": \"button\",\n      \"name\": \"Remove Joseph N. as a suggestion\"\n    },\n    \"e620\": {\n      \"role\": \"img\"\n    },\n    \"e623\": {\n      \"role\": \"listitem\"\n    },\n    \"e624\": {\n      \"role\": \"generic\"\n    },\n    \"e625\": {\n      \"role\": \"generic\"\n    },\n    \"e626\": {\n      \"role\": \"link\",\n      \"name\": \"Lou is open to work Lou West, Verified Business Management Grad Passionate About Creative, Community-Driven Work | Digital Marketing & Strategy Enthusiast\"\n    },\n    \"e627\": {\n      \"role\": \"generic\"\n    },\n    \"e628\": {\n      \"role\": \"generic\",\n      \"name\": \"Lou is open to work\"\n    },\n    \"e629\": {\n      \"role\": \"figure\"\n    },\n    \"e630\": {\n      \"role\": \"img\"\n    },\n    \"e636\": {\n      \"role\": \"figure\"\n    },\n    \"e637\": {\n      \"role\": \"generic\"\n    },\n    \"e639\": {\n      \"role\": \"paragraph\"\n    },\n    \"e640\": {\n      \"role\": \"generic\"\n    },\n    \"e641\": {\n      \"role\": \"generic\"\n    },\n    \"e643\": {\n      \"role\": \"img\"\n    },\n    \"e646\": {\n      \"role\": \"paragraph\"\n    },\n    \"e649\": {\n      \"role\": \"button\",\n      \"name\": \"Invite Lou West to connect\"\n    },\n    \"e650\": {\n      \"role\": \"generic\"\n    },\n    \"e651\": {\n      \"role\": \"img\"\n    },\n    \"e654\": {\n      \"role\": \"generic\"\n    },\n    \"e656\": {\n      \"role\": \"button\",\n      \"name\": \"Remove Lou West as a suggestion\"\n    },\n    \"e658\": {\n      \"role\": \"img\"\n    },\n    \"e661\": {\n      \"role\": \"listitem\"\n    },\n    \"e662\": {\n      \"role\": \"generic\"\n    },\n    \"e663\": {\n      \"role\": \"generic\"\n    },\n    \"e664\": {\n      \"role\": \"link\",\n      \"name\": \"Jermaine Bruno --\"\n    },\n    \"e665\": {\n      \"role\": \"generic\"\n    },\n    \"e666\": {\n      \"role\": \"generic\"\n    },\n    \"e667\": {\n      \"role\": \"figure\"\n    },\n    \"e668\": {\n      \"role\": \"figure\"\n    },\n    \"e669\": {\n      \"role\": \"generic\"\n    },\n    \"e671\": {\n      \"role\": \"paragraph\"\n    },\n    \"e672\": {\n      \"role\": \"generic\"\n    },\n    \"e674\": {\n      \"role\": \"paragraph\"\n    },\n    \"e677\": {\n      \"role\": \"button\",\n      \"name\": \"Invite Jermaine Bruno to connect\"\n    },\n    \"e678\": {\n      \"role\": \"generic\"\n    },\n    \"e679\": {\n      \"role\": \"img\"\n    },\n    \"e682\": {\n      \"role\": \"generic\"\n    },\n    \"e684\": {\n      \"role\": \"button\",\n      \"name\": \"Remove Jermaine Bruno as a suggestion\"\n    },\n    \"e686\": {\n      \"role\": \"img\"\n    },\n    \"e689\": {\n      \"role\": \"listitem\"\n    },\n    \"e690\": {\n      \"role\": \"generic\"\n    },\n    \"e691\": {\n      \"role\": \"generic\"\n    },\n    \"e692\": {\n      \"role\": \"link\",\n      \"name\": \"Kevin Geiger, Verified Co-Founder @ Blue Wave 🌊\"\n    },\n    \"e693\": {\n      \"role\": \"generic\"\n    },\n    \"e694\": {\n      \"role\": \"generic\"\n    },\n    \"e695\": {\n      \"role\": \"figure\"\n    },\n    \"e696\": {\n      \"role\": \"figure\"\n    },\n    \"e697\": {\n      \"role\": \"generic\"\n    },\n    \"e699\": {\n      \"role\": \"paragraph\"\n    },\n    \"e700\": {\n      \"role\": \"generic\"\n    },\n    \"e701\": {\n      \"role\": \"generic\"\n    },\n    \"e703\": {\n      \"role\": \"img\"\n    },\n    \"e706\": {\n      \"role\": \"paragraph\"\n    },\n    \"e709\": {\n      \"role\": \"button\",\n      \"name\": \"Invite Kevin Geiger to connect\"\n    },\n    \"e710\": {\n      \"role\": \"generic\"\n    },\n    \"e711\": {\n      \"role\": \"img\"\n    },\n    \"e714\": {\n      \"role\": \"generic\"\n    },\n    \"e716\": {\n      \"role\": \"button\",\n      \"name\": \"Remove Kevin Geiger as a suggestion\"\n    },\n    \"e718\": {\n      \"role\": \"img\"\n    },\n    \"e721\": {\n      \"role\": \"listitem\"\n    },\n    \"e722\": {\n      \"role\": \"generic\"\n    },\n    \"e723\": {\n      \"role\": \"generic\"\n    },\n    \"e724\": {\n      \"role\": \"link\",\n      \"name\": \"Juan Trejo, Verified Buyer | Aerospace & Manufacturing | Supply Chain Management\"\n    },\n    \"e725\": {\n      \"role\": \"generic\"\n    },\n    \"e726\": {\n      \"role\": \"generic\"\n    },\n    \"e727\": {\n      \"role\": \"figure\"\n    },\n    \"e728\": {\n      \"role\": \"figure\"\n    },\n    \"e729\": {\n      \"role\": \"generic\"\n    },\n    \"e731\": {\n      \"role\": \"paragraph\"\n    },\n    \"e732\": {\n      \"role\": \"generic\"\n    },\n    \"e733\": {\n      \"role\": \"generic\"\n    },\n    \"e735\": {\n      \"role\": \"img\"\n    },\n    \"e738\": {\n      \"role\": \"paragraph\"\n    },\n    \"e741\": {\n      \"role\": \"button\",\n      \"name\": \"Invite Juan Trejo to connect\"\n    },\n    \"e742\": {\n      \"role\": \"generic\"\n    },\n    \"e743\": {\n      \"role\": \"img\"\n    },\n    \"e746\": {\n      \"role\": \"generic\"\n    },\n    \"e748\": {\n      \"role\": \"button\",\n      \"name\": \"Remove Juan Trejo as a suggestion\"\n    },\n    \"e750\": {\n      \"role\": \"img\"\n    },\n    \"e753\": {\n      \"role\": \"listitem\"\n    },\n    \"e754\": {\n      \"role\": \"generic\"\n    },\n    \"e755\": {\n      \"role\": \"generic\"\n    },\n    \"e756\": {\n      \"role\": \"link\",\n      \"name\": \"Konrad Fijołek Prezydent Miasta Rzeszów\"\n    },\n    \"e757\": {\n      \"role\": \"generic\"\n    },\n    \"e758\": {\n      \"role\": \"generic\"\n    },\n    \"e759\": {\n      \"role\": \"figure\"\n    },\n    \"e760\": {\n      \"role\": \"figure\"\n    },\n    \"e761\": {\n      \"role\": \"generic\"\n    },\n    \"e763\": {\n      \"role\": \"paragraph\"\n    },\n    \"e764\": {\n      \"role\": \"generic\"\n    },\n    \"e766\": {\n      \"role\": \"paragraph\"\n    },\n    \"e769\": {\n      \"role\": \"button\",\n      \"name\": \"Invite Konrad Fijołek to connect\"\n    },\n    \"e770\": {\n      \"role\": \"generic\"\n    },\n    \"e771\": {\n      \"role\": \"img\"\n    },\n    \"e774\": {\n      \"role\": \"generic\"\n    },\n    \"e776\": {\n      \"role\": \"button\",\n      \"name\": \"Remove Konrad Fijołek as a suggestion\"\n    },\n    \"e778\": {\n      \"role\": \"img\"\n    },\n    \"e782\": {\n      \"role\": \"generic\"\n    },\n    \"e784\": {\n      \"role\": \"generic\"\n    },\n    \"e785\": {\n      \"role\": \"heading\",\n      \"name\": \"Popular on LinkedIn\"\n    },\n    \"e786\": {\n      \"role\": \"link\",\n      \"name\": \"Show all suggestions for Popular on LinkedIn\"\n    },\n    \"e788\": {\n      \"role\": \"generic\"\n    },\n    \"e789\": {\n      \"role\": \"list\"\n    },\n    \"e791\": {\n      \"role\": \"listitem\"\n    },\n    \"e792\": {\n      \"role\": \"generic\"\n    },\n    \"e793\": {\n      \"role\": \"generic\"\n    },\n    \"e794\": {\n      \"role\": \"link\",\n      \"name\": \"Tomasz Rożek, PhD Nauka To Lubie\"\n    },\n    \"e795\": {\n      \"role\": \"generic\"\n    },\n    \"e796\": {\n      \"role\": \"generic\"\n    },\n    \"e797\": {\n      \"role\": \"figure\"\n    },\n    \"e798\": {\n      \"role\": \"img\"\n    },\n    \"e804\": {\n      \"role\": \"figure\"\n    },\n    \"e805\": {\n      \"role\": \"generic\"\n    },\n    \"e807\": {\n      \"role\": \"paragraph\"\n    },\n    \"e808\": {\n      \"role\": \"generic\"\n    },\n    \"e810\": {\n      \"role\": \"paragraph\"\n    },\n    \"e811\": {\n      \"role\": \"generic\"\n    },\n    \"e814\": {\n      \"role\": \"paragraph\"\n    },\n    \"e816\": {\n      \"role\": \"button\",\n      \"name\": \"Follow Tomasz Rożek, PhD\"\n    },\n    \"e817\": {\n      \"role\": \"generic\"\n    },\n    \"e818\": {\n      \"role\": \"img\"\n    },\n    \"e821\": {\n      \"role\": \"generic\"\n    },\n    \"e823\": {\n      \"role\": \"button\",\n      \"name\": \"Remove Tomasz Rożek, PhD as a suggestion\"\n    },\n    \"e825\": {\n      \"role\": \"img\"\n    },\n    \"e828\": {\n      \"role\": \"listitem\"\n    },\n    \"e829\": {\n      \"role\": \"generic\"\n    },\n    \"e830\": {\n      \"role\": \"generic\"\n    },\n    \"e831\": {\n      \"role\": \"link\",\n      \"name\": \"Szymon Szczesniak, Premium CEO at CodeTwo / JSON at HRejterzy\"\n    },\n    \"e832\": {\n      \"role\": \"generic\"\n    },\n    \"e833\": {\n      \"role\": \"generic\"\n    },\n    \"e834\": {\n      \"role\": \"figure\"\n    },\n    \"e835\": {\n      \"role\": \"img\"\n    },\n    \"e841\": {\n      \"role\": \"figure\"\n    },\n    \"e842\": {\n      \"role\": \"generic\"\n    },\n    \"e844\": {\n      \"role\": \"paragraph\"\n    },\n    \"e845\": {\n      \"role\": \"generic\"\n    },\n    \"e846\": {\n      \"role\": \"generic\"\n    },\n    \"e848\": {\n      \"role\": \"img\"\n    },\n    \"e851\": {\n      \"role\": \"paragraph\"\n    },\n    \"e852\": {\n      \"role\": \"generic\"\n    },\n    \"e855\": {\n      \"role\": \"paragraph\"\n    },\n    \"e857\": {\n      \"role\": \"button\",\n      \"name\": \"Follow Szymon Szczesniak\"\n    },\n    \"e858\": {\n      \"role\": \"generic\"\n    },\n    \"e859\": {\n      \"role\": \"img\"\n    },\n    \"e862\": {\n      \"role\": \"generic\"\n    },\n    \"e864\": {\n      \"role\": \"button\",\n      \"name\": \"Remove Szymon Szczesniak as a suggestion\"\n    },\n    \"e866\": {\n      \"role\": \"img\"\n    },\n    \"e869\": {\n      \"role\": \"listitem\"\n    },\n    \"e870\": {\n      \"role\": \"generic\"\n    },\n    \"e871\": {\n      \"role\": \"generic\"\n    },\n    \"e872\": {\n      \"role\": \"link\",\n      \"name\": \"Maciej Sawicki, Verified Async orgs & Remote-first leadership | Founder inStreamly | Gaming & new tech\"\n    },\n    \"e873\": {\n      \"role\": \"generic\"\n    },\n    \"e874\": {\n      \"role\": \"generic\"\n    },\n    \"e875\": {\n      \"role\": \"figure\"\n    },\n    \"e876\": {\n      \"role\": \"figure\"\n    },\n    \"e877\": {\n      \"role\": \"generic\"\n    },\n    \"e879\": {\n      \"role\": \"paragraph\"\n    },\n    \"e880\": {\n      \"role\": \"generic\"\n    },\n    \"e881\": {\n      \"role\": \"generic\"\n    },\n    \"e883\": {\n      \"role\": \"img\"\n    },\n    \"e886\": {\n      \"role\": \"paragraph\"\n    },\n    \"e887\": {\n      \"role\": \"generic\"\n    },\n    \"e890\": {\n      \"role\": \"paragraph\"\n    },\n    \"e892\": {\n      \"role\": \"button\",\n      \"name\": \"Follow Maciej Sawicki\"\n    },\n    \"e893\": {\n      \"role\": \"generic\"\n    },\n    \"e894\": {\n      \"role\": \"img\"\n    },\n    \"e897\": {\n      \"role\": \"generic\"\n    },\n    \"e899\": {\n      \"role\": \"button\",\n      \"name\": \"Remove Maciej Sawicki as a suggestion\"\n    },\n    \"e901\": {\n      \"role\": \"img\"\n    },\n    \"e904\": {\n      \"role\": \"listitem\"\n    },\n    \"e905\": {\n      \"role\": \"generic\"\n    },\n    \"e906\": {\n      \"role\": \"generic\"\n    },\n    \"e907\": {\n      \"role\": \"link\",\n      \"name\": \"Dr Maciej Kawecki, Verified Founder of This is it | This Is World President of the Lem Institute\"\n    },\n    \"e908\": {\n      \"role\": \"generic\"\n    },\n    \"e909\": {\n      \"role\": \"generic\"\n    },\n    \"e910\": {\n      \"role\": \"figure\"\n    },\n    \"e911\": {\n      \"role\": \"figure\"\n    },\n    \"e912\": {\n      \"role\": \"img\"\n    },\n    \"e918\": {\n      \"role\": \"generic\"\n    },\n    \"e920\": {\n      \"role\": \"paragraph\"\n    },\n    \"e921\": {\n      \"role\": \"generic\"\n    },\n    \"e922\": {\n      \"role\": \"generic\"\n    },\n    \"e924\": {\n      \"role\": \"img\"\n    },\n    \"e927\": {\n      \"role\": \"paragraph\"\n    },\n    \"e928\": {\n      \"role\": \"generic\"\n    },\n    \"e931\": {\n      \"role\": \"paragraph\"\n    },\n    \"e933\": {\n      \"role\": \"button\",\n      \"name\": \"Follow Dr Maciej Kawecki\"\n    },\n    \"e934\": {\n      \"role\": \"generic\"\n    },\n    \"e935\": {\n      \"role\": \"img\"\n    },\n    \"e938\": {\n      \"role\": \"generic\"\n    },\n    \"e940\": {\n      \"role\": \"button\",\n      \"name\": \"Remove Dr Maciej Kawecki as a suggestion\"\n    },\n    \"e942\": {\n      \"role\": \"img\"\n    },\n    \"e945\": {\n      \"role\": \"listitem\"\n    },\n    \"e946\": {\n      \"role\": \"generic\"\n    },\n    \"e947\": {\n      \"role\": \"generic\"\n    },\n    \"e948\": {\n      \"role\": \"link\",\n      \"name\": \"Martyna Wojciechowska, Premium Journalist, filmmaker, activist, founder of UNAWEZA Foundation\"\n    },\n    \"e949\": {\n      \"role\": \"generic\"\n    },\n    \"e950\": {\n      \"role\": \"generic\"\n    },\n    \"e951\": {\n      \"role\": \"figure\"\n    },\n    \"e952\": {\n      \"role\": \"figure\"\n    },\n    \"e953\": {\n      \"role\": \"generic\"\n    },\n    \"e955\": {\n      \"role\": \"paragraph\"\n    },\n    \"e956\": {\n      \"role\": \"generic\"\n    },\n    \"e957\": {\n      \"role\": \"generic\"\n    },\n    \"e959\": {\n      \"role\": \"img\"\n    },\n    \"e962\": {\n      \"role\": \"paragraph\"\n    },\n    \"e963\": {\n      \"role\": \"generic\"\n    },\n    \"e966\": {\n      \"role\": \"paragraph\"\n    },\n    \"e968\": {\n      \"role\": \"button\",\n      \"name\": \"Follow Martyna Wojciechowska\"\n    },\n    \"e969\": {\n      \"role\": \"generic\"\n    },\n    \"e970\": {\n      \"role\": \"img\"\n    },\n    \"e973\": {\n      \"role\": \"generic\"\n    },\n    \"e975\": {\n      \"role\": \"button\",\n      \"name\": \"Remove Martyna Wojciechowska as a suggestion\"\n    },\n    \"e977\": {\n      \"role\": \"img\"\n    },\n    \"e980\": {\n      \"role\": \"listitem\"\n    },\n    \"e981\": {\n      \"role\": \"generic\"\n    },\n    \"e982\": {\n      \"role\": \"generic\"\n    },\n    \"e983\": {\n      \"role\": \"link\",\n      \"name\": \"Kinga Szostko, Premium 📱 Analiza i monitoring social mediów 🌿 OSINT 🚨 Przemoc rówieśnicza ⚠️ Ochrona dzieci w sieci 🌐 Portal bezpiecznedziecko.org 🫴 Fundacja Prospoleczna.org 📲 Aplikacja KidsAlert 🫆\"\n    },\n    \"e984\": {\n      \"role\": \"generic\"\n    },\n    \"e985\": {\n      \"role\": \"generic\"\n    },\n    \"e986\": {\n      \"role\": \"figure\"\n    },\n    \"e987\": {\n      \"role\": \"figure\"\n    },\n    \"e988\": {\n      \"role\": \"generic\"\n    },\n    \"e990\": {\n      \"role\": \"paragraph\"\n    },\n    \"e991\": {\n      \"role\": \"generic\"\n    },\n    \"e992\": {\n      \"role\": \"generic\"\n    },\n    \"e994\": {\n      \"role\": \"img\"\n    },\n    \"e997\": {\n      \"role\": \"paragraph\"\n    },\n    \"e998\": {\n      \"role\": \"generic\"\n    },\n    \"e1001\": {\n      \"role\": \"paragraph\"\n    },\n    \"e1003\": {\n      \"role\": \"button\",\n      \"name\": \"Follow Kinga Szostko\"\n    },\n    \"e1004\": {\n      \"role\": \"generic\"\n    },\n    \"e1005\": {\n      \"role\": \"img\"\n    },\n    \"e1008\": {\n      \"role\": \"generic\"\n    },\n    \"e1010\": {\n      \"role\": \"button\",\n      \"name\": \"Remove Kinga Szostko as a suggestion\"\n    },\n    \"e1012\": {\n      \"role\": \"img\"\n    },\n    \"e1015\": {\n      \"role\": \"button\",\n      \"name\": \"Load more\"\n    },\n    \"e1017\": {\n      \"role\": \"generic\"\n    },\n    \"e1019\": {\n      \"role\": \"generic\"\n    },\n    \"e1021\": {\n      \"role\": \"generic\"\n    },\n    \"e1022\": {\n      \"role\": \"generic\"\n    },\n    \"e1023\": {\n      \"role\": \"img\",\n      \"name\": \"Petr Petrovich\"\n    },\n    \"e1025\": {\n      \"role\": \"generic\"\n    },\n    \"e1026\": {\n      \"role\": \"button\",\n      \"name\": \"You are on the messaging overlay. Press enter to open the list of conversations.\"\n    },\n    \"e1027\": {\n      \"role\": \"generic\"\n    },\n    \"e1028\": {\n      \"role\": \"generic\"\n    },\n    \"e1029\": {\n      \"role\": \"generic\"\n    },\n    \"e1030\": {\n      \"role\": \"generic\"\n    },\n    \"e1032\": {\n      \"role\": \"button\",\n      \"name\": \"Open messenger dropdown menu\"\n    },\n    \"e1033\": {\n      \"role\": \"img\",\n      \"name\": \"Open messenger dropdown menu\"\n    },\n    \"e1036\": {\n      \"role\": \"button\",\n      \"name\": \"Compose message\"\n    },\n    \"e1037\": {\n      \"role\": \"img\"\n    },\n    \"e1039\": {\n      \"role\": \"generic\"\n    },\n    \"e1040\": {\n      \"role\": \"button\",\n      \"name\": \"You are on the messaging overlay. Press enter to open the list of conversations.\"\n    },\n    \"e1041\": {\n      \"role\": \"img\"\n    },\n    \"e1043\": {\n      \"role\": \"generic\"\n    },\n    \"e1044\": {\n      \"role\": \"iframe\"\n    }\n  }\n}","stderr":""}
[2026-03-16T02:06:27.148Z] COMMAND {"command":"C:\\nvm4w\\nodejs\\node.exe","commandArgs":["C:\\nvm4w\\nodejs\\node_modules\\openclaw\\openclaw.mjs","browser","--browser-profile","chrome","--token","[masked]","snapshot","--target-id","90639ED977B1BEF43E8F48BE5157CF53","--limit","800","--json"],"openClawArgs":["browser","--browser-profile","chrome","--token","[masked]","snapshot","--target-id","90639ED977B1BEF43E8F48BE5157CF53","--limit","800","--json"],"expectsJson":true}
[2026-03-16T02:06:28.696Z] RESPONSE {"command":"C:\\nvm4w\\nodejs\\node.exe","commandArgs":["C:\\nvm4w\\nodejs\\node_modules\\openclaw\\openclaw.mjs","browser","--browser-profile","chrome","--token","[masked]","snapshot","--target-id","90639ED977B1BEF43E8F48BE5157CF53","--limit","800","--json"],"exitCode":0,"stdout":"{\n  \"ok\": true,\n  \"format\": \"ai\",\n  \"targetId\": \"90639ED977B1BEF43E8F48BE5157CF53\",\n  \"url\": \"https://www.linkedin.com/feed/\",\n  \"snapshot\": \"- generic [ref=e2]:\\n  - heading \\\"0 notifications\\\" [level=2] [ref=e3]\\n  - generic [ref=e4]:\\n    - generic:\\n      - button [ref=e5] [cursor=pointer]:\\n        - generic [ref=e7]: Skip to main content\\n      - button [ref=e8] [cursor=pointer]:\\n        - img [ref=e10]\\n    - generic [ref=e12]:\\n      - banner [ref=e14]:\\n        - generic [ref=e17]:\\n          - button \\\"LinkedIn\\\" [ref=e18] [cursor=pointer]:\\n            - img \\\"LinkedIn\\\" [ref=e19]\\n          - search [ref=e22]:\\n            - generic [ref=e23]:\\n              - img [ref=e25]\\n              - textbox \\\"Search\\\" [ref=e27]\\n          - generic [ref=e29]:\\n            - figure [ref=e34]\\n            - navigation [ref=e37]:\\n              - list [ref=e38]:\\n                - listitem [ref=e39]:\\n                  - button \\\"Home, 1 new notification\\\" [ref=e40] [cursor=pointer]:\\n                    - img [ref=e42]\\n                    - generic [ref=e46]: Home\\n                - listitem [ref=e47]:\\n                  - link \\\"My Network, 0 new notifications\\\" [ref=e48] [cursor=pointer]:\\n                    - /url: https://www.linkedin.com/mynetwork\\n                    - img [ref=e50]\\n                    - generic [ref=e53]: My Network\\n                - listitem [ref=e54]:\\n                  - button \\\"Jobs, 0 new notifications\\\" [ref=e55] [cursor=pointer]:\\n                    - img [ref=e57]\\n                    - generic [ref=e60]: Jobs\\n                - listitem [ref=e61]:\\n                  - link \\\"Messaging, 0 new notifications\\\" [ref=e62] [cursor=pointer]:\\n                    - /url: https://www.linkedin.com/messaging/\\n                    - img [ref=e64]\\n                    - generic [ref=e67]: Messaging\\n                - listitem [ref=e68]:\\n                  - link \\\"Notifications, 0 new notifications\\\" [ref=e69] [cursor=pointer]:\\n                    - /url: https://www.linkedin.com/notifications/\\n                    - img [ref=e71]\\n                    - generic [ref=e74]: Notifications\\n                - listitem [ref=e75]:\\n                  - button \\\"Me\\\" [ref=e76] [cursor=pointer]:\\n                    - figure [ref=e78]\\n                    - generic [ref=e80]:\\n                      - text: Me\\n                      - img [ref=e81]\\n            - generic [ref=e84]:\\n              - navigation [ref=e85]:\\n                - list [ref=e86]:\\n                  - listitem [ref=e87]:\\n                    - button \\\"For Business\\\" [ref=e88] [cursor=pointer]:\\n                      - img [ref=e90]\\n                      - generic [ref=e93]:\\n                        - text: For Business\\n                        - img [ref=e94]\\n              - link \\\"Try Premium for zł 0\\\" [ref=e97] [cursor=pointer]:\\n                - /url: https://www.linkedin.com/premium/products/?upsellOrderOrigin=Tracking%3Av1%3Apremium_nav_upsell_text%3ANav%3AIn-Product&referenceId=0WkMh2eIT4GQNg053WkXyg%3D%3D&isSS=false\\n                - generic [ref=e98]:\\n                  - img [ref=e99]\\n                  - paragraph [ref=e103]: Try Premium for zł 0\\n      - main [ref=e105]:\\n        - generic [ref=e107]:\\n          - generic [ref=e111]:\\n            - generic [ref=e116]:\\n              - generic [ref=e117]:\\n                - paragraph [ref=e118]: Network overview\\n                - generic [ref=e119]:\\n                  - generic [ref=e120]:\\n                    - paragraph [ref=e121]: \\\"0\\\"\\n                    - paragraph [ref=e122]: Invites sent\\n                  - link \\\"0 Connections\\\" [ref=e123] [cursor=pointer]:\\n                    - /url: https://www.linkedin.com/mynetwork/invite-connect/connections\\n                    - generic [ref=e124]:\\n                      - paragraph [ref=e125]: \\\"0\\\"\\n                      - paragraph [ref=e126]: Connections\\n                  - link \\\"0 Following\\\" [ref=e127] [cursor=pointer]:\\n                    - /url: https://www.linkedin.com/mynetwork/network-manager/people-follow/?filterType=member\\n                    - generic [ref=e128]:\\n                      - paragraph [ref=e129]: \\\"0\\\"\\n                      - paragraph [ref=e130]: Following\\n              - button \\\"Show more\\\" [ref=e132] [cursor=pointer]:\\n                - generic [ref=e133]:\\n                  - img [ref=e134]\\n                  - generic [ref=e136]: Show more\\n            - iframe [ref=e139]:\\n              - link \\\"Advertise on LinkedIn\\\" [ref=f218e3] [cursor=pointer]:\\n                - /url: https://www.linkedin.com/jobs/?trk=li_FA_global_careers_jobsgtm_jsFA_v1&mcid=6899045044465016833\\n                - img \\\"Advertise on LinkedIn\\\" [ref=f218e4]\\n            - generic [ref=e140]:\\n              - generic [ref=e141]:\\n                - link \\\"About\\\" [ref=e142] [cursor=pointer]:\\n                  - /url: https://about.linkedin.com/\\n                  - paragraph [ref=e143]: About\\n                - link \\\"Accessibility\\\" [ref=e144] [cursor=pointer]:\\n                  - /url: https://www.linkedin.com/accessibility/\\n                  - paragraph [ref=e145]: Accessibility\\n                - link \\\"Help Center\\\" [ref=e146] [cursor=pointer]:\\n                  - /url: https://www.linkedin.com/help/linkedin/\\n                  - paragraph [ref=e147]: Help Center\\n                - button \\\"Privacy & Terms\\\" [ref=e148] [cursor=pointer]:\\n                  - generic [ref=e149]:\\n                    - paragraph [ref=e150]: Privacy & Terms\\n                    - img [ref=e151]\\n                - link \\\"Ad Choices\\\" [ref=e153] [cursor=pointer]:\\n                  - /url: https://www.linkedin.com/help/linkedin/answer/62931/\\n                  - paragraph [ref=e154]: Ad Choices\\n                - link \\\"Advertising\\\" [ref=e155] [cursor=pointer]:\\n                  - /url: https://www.linkedin.com/ad/start/?trk=n_nav_ads_rr\\n                  - paragraph [ref=e156]: Advertising\\n                - button \\\"Business Services\\\" [ref=e157] [cursor=pointer]:\\n                  - generic [ref=e158]:\\n                    - paragraph [ref=e159]: Business Services\\n                    - img [ref=e160]\\n                - link \\\"Get the LinkedIn app\\\" [ref=e162] [cursor=pointer]:\\n                  - /url: https://www.linkedin.com/mobile/\\n                  - paragraph [ref=e163]: Get the LinkedIn app\\n                - link \\\"More\\\" [ref=e164] [cursor=pointer]:\\n                  - /url: https://www.linkedin.com/mynetwork/grow/\\n                  - paragraph [ref=e165]: More\\n              - generic [ref=e166]:\\n                - img [ref=e167]\\n                - paragraph [ref=e169]: LinkedIn Corporation © 2026\\n          - generic [ref=e173]:\\n            - generic [ref=e180]:\\n              - generic [ref=e181]:\\n                - paragraph [ref=e182]: Invite 5 of your colleagues to connect today\\n                - paragraph [ref=e183]: More connections means more opportunities. Start with friends, teammates, and managers.\\n              - generic [ref=e184]:\\n                - generic [ref=e185]:\\n                  - link \\\"1\\\" [ref=e188] [cursor=pointer]:\\n                    - /url: https://www.linkedin.com/mynetwork/upload-contacts-auth/?importOrigin=MyNetworkOnboarding\\n                    - paragraph [ref=e191]: \\\"1\\\"\\n                  - link \\\"2\\\" [ref=e194] [cursor=pointer]:\\n                    - /url: https://www.linkedin.com/mynetwork/upload-contacts-auth/?importOrigin=MyNetworkOnboarding\\n                    - paragraph [ref=e197]: \\\"2\\\"\\n                  - link \\\"3\\\" [ref=e200] [cursor=pointer]:\\n                    - /url: https://www.linkedin.com/mynetwork/upload-contacts-auth/?importOrigin=MyNetworkOnboarding\\n                    - paragraph [ref=e203]: \\\"3\\\"\\n                  - link \\\"4\\\" [ref=e206] [cursor=pointer]:\\n                    - /url: https://www.linkedin.com/mynetwork/upload-contacts-auth/?importOrigin=MyNetworkOnboarding\\n                    - paragraph [ref=e209]: \\\"4\\\"\\n                  - link \\\"5\\\" [ref=e212] [cursor=pointer]:\\n                    - /url: https://www.linkedin.com/mynetwork/upload-contacts-auth/?importOrigin=MyNetworkOnboarding\\n                    - paragraph [ref=e215]: \\\"5\\\"\\n                - link \\\"Search for people you know\\\" [ref=e216] [cursor=pointer]:\\n                  - /url: https://www.linkedin.com/mynetwork/grow/\\n                  - generic [ref=e217]:\\n                    - img [ref=e218]\\n                    - generic [ref=e220]: Search for people you know\\n            - generic [ref=e225]:\\n              - generic [ref=e226]:\\n                - heading \\\"No pending invitations\\\" [level=2] [ref=e228]\\n                - link \\\"Manage all invitations\\\" [ref=e229] [cursor=pointer]:\\n                  - /url: https://www.linkedin.com/mynetwork/invitation-manager/\\n                  - generic [ref=e231]: Manage\\n              - list\\n            - generic [ref=e234]:\\n              - generic [ref=e236]:\\n                - heading \\\"People you may know in Warsaw Metropolitan Area\\\" [level=3] [ref=e237]\\n                - link \\\"Show all suggestions for People you may know in Warsaw Metropolitan Area\\\" [ref=e238] [cursor=pointer]:\\n                  - /url: https://www.linkedin.com/mynetwork/grow/\\n                  - generic [ref=e240]: Show all\\n              - list [ref=e241]:\\n                - listitem [ref=e243]:\\n                  - generic [ref=e244]:\\n                    - generic [ref=e245]:\\n                      - link \\\"Jakub P., Premium IT Service Delivery Management\\\" [ref=e246] [cursor=pointer]:\\n                        - /url: https://www.linkedin.com/in/jakubpacholski/\\n                        - generic [ref=e247]:\\n                          - generic [ref=e248]:\\n                            - figure [ref=e249]\\n                            - figure [ref=e250]:\\n                              - img [ref=e251]\\n                          - generic [ref=e257]:\\n                            - paragraph [ref=e259]:\\n                              - generic [ref=e260]: Jakub P., Premium\\n                              - generic [ref=e261]:\\n                                - text: Jakub P.\\n                                - img [ref=e263]\\n                            - paragraph [ref=e266]: IT Service Delivery Management\\n                      - button \\\"Invite Jakub P. to connect\\\" [ref=e269] [cursor=pointer]:\\n                        - generic [ref=e270]:\\n                          - img [ref=e271]\\n                          - generic [ref=e274]: Connect\\n                    - button \\\"Remove Jakub P. as a suggestion\\\" [ref=e276] [cursor=pointer]:\\n                      - img [ref=e278]\\n                - listitem [ref=e281]:\\n                  - generic [ref=e282]:\\n                    - generic [ref=e283]:\\n                      - link \\\"Sławomir Dec, Verified Cybersecurity|CISSP\\\" [ref=e284] [cursor=pointer]:\\n                        - /url: https://www.linkedin.com/in/s%C5%82awomir-dec/\\n                        - generic [ref=e285]:\\n                          - generic [ref=e286]:\\n                            - figure [ref=e287]\\n                            - figure [ref=e288]\\n                          - generic [ref=e289]:\\n                            - paragraph [ref=e291]:\\n                              - generic [ref=e292]: Sławomir Dec, Verified\\n                              - generic [ref=e293]:\\n                                - text: Sławomir Dec\\n                                - img [ref=e295]\\n                            - paragraph [ref=e298]: Cybersecurity|CISSP\\n                      - button \\\"Invite Sławomir Dec to connect\\\" [ref=e301] [cursor=pointer]:\\n                        - generic [ref=e302]:\\n                          - img [ref=e303]\\n                          - generic [ref=e306]: Connect\\n                    - button \\\"Remove Sławomir Dec as a suggestion\\\" [ref=e308] [cursor=pointer]:\\n                      - img [ref=e310]\\n                - listitem [ref=e313]:\\n                  - generic [ref=e314]:\\n                    - generic [ref=e315]:\\n                      - link \\\"Adam Szafara Helping businesses to raise its digital potential🌏\\\" [ref=e316] [cursor=pointer]:\\n                        - /url: https://www.linkedin.com/in/szafara/\\n                        - generic [ref=e317]:\\n                          - generic [ref=e318]:\\n                            - figure [ref=e319]\\n                            - figure [ref=e320]:\\n                              - img [ref=e321]\\n                          - generic [ref=e327]:\\n                            - paragraph [ref=e329]:\\n                              - generic [ref=e330]: Adam Szafara\\n                              - text: Adam Szafara\\n                            - paragraph [ref=e332]: Helping businesses to raise its digital potential🌏\\n                      - button \\\"Invite Adam Szafara to connect\\\" [ref=e335] [cursor=pointer]:\\n                        - generic [ref=e336]:\\n                          - img [ref=e337]\\n                          - generic [ref=e340]: Connect\\n                    - button \\\"Remove Adam Szafara as a suggestion\\\" [ref=e342] [cursor=pointer]:\\n                      - img [ref=e344]\\n                - listitem [ref=e347]:\\n                  - generic [ref=e348]:\\n                    - generic [ref=e349]:\\n                      - link \\\"Andrzej Jargiło Specjalista magazynier\\\" [ref=e350] [cursor=pointer]:\\n                        - /url: https://www.linkedin.com/in/andrzej-jargi%C5%82o-b6b546100/\\n                        - generic [ref=e351]:\\n                          - generic [ref=e352]:\\n                            - figure [ref=e353]\\n                            - figure [ref=e354]\\n                          - generic [ref=e355]:\\n                            - paragraph [ref=e357]:\\n                              - generic [ref=e358]: Andrzej Jargiło\\n                              - text: Andrzej Jargiło\\n                            - paragraph [ref=e360]: Specjalista magazynier\\n                      - button \\\"Invite Andrzej Jargiło to connect\\\" [ref=e363] [cursor=pointer]:\\n                        - generic [ref=e364]:\\n                          - img [ref=e365]\\n                          - generic [ref=e368]: Connect\\n                    - button \\\"Remove Andrzej Jargiło as a suggestion\\\" [ref=e370] [cursor=pointer]:\\n                      - img [ref=e372]\\n                - listitem [ref=e375]:\\n                  - generic [ref=e376]:\\n                    - generic [ref=e377]:\\n                      - link \\\"Marcin Owsianka, Verified Business Development Manager at Ledatel\\\" [ref=e378] [cursor=pointer]:\\n                        - /url: https://www.linkedin.com/in/marcin-owsianka/\\n                        - generic [ref=e379]:\\n                          - generic [ref=e380]:\\n                            - figure [ref=e381]\\n                            - figure [ref=e382]\\n                          - generic [ref=e383]:\\n                            - paragraph [ref=e385]:\\n                              - generic [ref=e386]: Marcin Owsianka, Verified\\n                              - generic [ref=e387]:\\n                                - text: Marcin Owsianka\\n                                - img [ref=e389]\\n                            - paragraph [ref=e392]: Business Development Manager at Ledatel\\n                      - button \\\"Invite Marcin Owsianka to connect\\\" [ref=e395] [cursor=pointer]:\\n                        - generic [ref=e396]:\\n                          - img [ref=e397]\\n                          - generic [ref=e400]: Connect\\n                    - button \\\"Remove Marcin Owsianka as a suggestion\\\" [ref=e402] [cursor=pointer]:\\n                      - img [ref=e404]\\n                - listitem [ref=e407]:\\n                  - generic [ref=e408]:\\n                    - generic [ref=e409]:\\n                      - link \\\"Natallia Zhalabkovich, Verified Data Engineering\\\" [ref=e410] [cursor=pointer]:\\n                        - /url: https://www.linkedin.com/in/natallia-zhalabkovich/\\n                        - generic [ref=e411]:\\n                          - generic [ref=e412]:\\n                            - figure [ref=e413]:\\n                              - img [ref=e414]\\n                            - figure [ref=e420]\\n                          - generic [ref=e421]:\\n                            - paragraph [ref=e423]:\\n                              - generic [ref=e424]: Natallia Zhalabkovich, Verified\\n                              - generic [ref=e425]:\\n                                - text: Natallia Zhalabkovich\\n                                - img [ref=e427]\\n                            - paragraph [ref=e430]: Data Engineering\\n                      - button \\\"Invite Natallia Zhalabkovich to connect\\\" [ref=e433] [cursor=pointer]:\\n                        - generic [ref=e434]:\\n                          - img [ref=e435]\\n                          - generic [ref=e438]: Connect\\n                    - button \\\"Remove Natallia Zhalabkovich as a suggestion\\\" [ref=e440] [cursor=pointer]:\\n                      - img [ref=e442]\\n                - listitem [ref=e445]:\\n                  - generic [ref=e446]:\\n                    - generic [ref=e447]:\\n                      - link \\\"Jerzy Lipiński, Verified Product Manager at Omnires\\\" [ref=e448] [cursor=pointer]:\\n                        - /url: https://www.linkedin.com/in/jerzylipinski/\\n                        - generic [ref=e449]:\\n                          - generic [ref=e450]:\\n                            - figure [ref=e451]\\n                            - figure [ref=e452]\\n                          - generic [ref=e453]:\\n                            - paragraph [ref=e455]:\\n                              - generic [ref=e456]: Jerzy Lipiński, Verified\\n                              - generic [ref=e457]:\\n                                - text: Jerzy Lipiński\\n                                - img [ref=e459]\\n                            - paragraph [ref=e462]: Product Manager at Omnires\\n                      - button \\\"Invite Jerzy Lipiński to connect\\\" [ref=e465] [cursor=pointer]:\\n                        - generic [ref=e466]:\\n                          - img [ref=e467]\\n                          - generic [ref=e470]: Connect\\n                    - button \\\"Remove Jerzy Lipiński as a suggestion\\\" [ref=e472] [cursor=pointer]:\\n                      - img [ref=e474]\\n                - listitem [ref=e477]:\\n                  - generic [ref=e478]:\\n                    - generic [ref=e479]:\\n                      - link \\\"Mustafa FIRINCI, Verified Sales Manager | 20+ Years in Retail & Customer Management | MBA | Based in Warsaw\\\" [ref=e480] [cursor=pointer]:\\n                        - /url: https://www.linkedin.com/in/mustafafirinci/\\n                        - generic [ref=e481]:\\n                          - generic [ref=e482]:\\n                            - figure [ref=e483]\\n                            - figure [ref=e484]\\n                          - generic [ref=e485]:\\n                            - paragraph [ref=e487]:\\n                              - generic [ref=e488]: Mustafa FIRINCI, Verified\\n                              - generic [ref=e489]:\\n                                - text: Mustafa FIRINCI\\n                                - img [ref=e491]\\n                            - paragraph [ref=e494]: Sales Manager | 20+ Years in Retail & Customer Management | MBA | Based in Warsaw\\n                      - button \\\"Invite Mustafa FIRINCI to connect\\\" [ref=e497] [cursor=pointer]:\\n                        - generic [ref=e498]:\\n                          - img [ref=e499]\\n                          - generic [ref=e502]: Connect\\n                    - button \\\"Remove Mustafa FIRINCI as a suggestion\\\" [ref=e504] [cursor=pointer]:\\n                      - img [ref=e506]\\n            - generic [ref=e510]:\\n              - generic [ref=e512]:\\n                - heading \\\"People you may know based on your recent activity\\\" [level=3] [ref=e513]\\n                - link \\\"Show all suggestions for People you may know based on your recent activity\\\" [ref=e514] [cursor=pointer]:\\n                  - /url: https://www.linkedin.com/mynetwork/grow/\\n                  - generic [ref=e516]: Show all\\n              - list [ref=e517]:\\n                - listitem [ref=e519]:\\n                  - generic [ref=e520]:\\n                    - generic [ref=e521]:\\n                      - link \\\"Trenton is open to work Trenton Murphy, Premium Salesperson @ 1800-Hansons | Sales, Resiliency\\\" [ref=e522] [cursor=pointer]:\\n                        - /url: https://www.linkedin.com/in/trenton-murphy-720280381/\\n                        - generic [ref=e523]:\\n                          - generic \\\"Trenton is open to work\\\" [ref=e524]:\\n                            - figure [ref=e525]:\\n                              - img [ref=e526]\\n                            - figure [ref=e532]\\n                          - generic [ref=e533]:\\n                            - paragraph [ref=e535]:\\n                              - generic [ref=e536]: Trenton Murphy, Premium\\n                              - generic [ref=e537]:\\n                                - text: Trenton Murphy\\n                                - img [ref=e539]\\n                            - paragraph [ref=e542]: Salesperson @ 1800-Hansons | Sales, Resiliency\\n                      - button \\\"Invite Trenton Murphy to connect\\\" [ref=e545] [cursor=pointer]:\\n                        - generic [ref=e546]:\\n                          - img [ref=e547]\\n                          - generic [ref=e550]: Connect\\n                    - button \\\"Remove Trenton Murphy as a suggestion\\\" [ref=e552] [cursor=pointer]:\\n                      - img [ref=e554]\\n                - listitem [ref=e557]:\\n                  - generic [ref=e558]:\\n                    - generic [ref=e559]:\\n                      - link \\\"Mary Joy Erestain Virtual Assistant / Social Media Manager\\\" [ref=e560] [cursor=pointer]:\\n                        - /url: https://www.linkedin.com/in/mary-joy-erestain-22b696227/\\n                        - generic [ref=e561]:\\n                          - generic [ref=e562]:\\n                            - figure [ref=e563]:\\n                              - img [ref=e564]\\n                            - figure [ref=e570]\\n                          - generic [ref=e571]:\\n                            - paragraph [ref=e573]:\\n                              - generic [ref=e574]: Mary Joy Erestain\\n                              - text: Mary Joy Erestain\\n                            - paragraph [ref=e576]: Virtual Assistant / Social Media Manager\\n                      - button \\\"Invite Mary Joy Erestain to connect\\\" [ref=e579] [cursor=pointer]:\\n                        - generic [ref=e580]:\\n                          - img [ref=e581]\\n                          - generic [ref=e584]: Connect\\n                    - button \\\"Remove Mary Joy Erestain as a suggestion\\\" [ref=e586] [cursor=pointer]:\\n                      - img [ref=e588]\\n                - listitem [ref=e591]:\\n                  - generic [ref=e592]:\\n                    - generic [ref=e593]:\\n                      - link \\\"Joseph N., Verified Accounting Professional in San Diego\\\" [ref=e594] [cursor=pointer]:\\n                        - /url: https://www.linkedin.com/in/joseph-n-33364b1aa/\\n                        - generic [ref=e595]:\\n                          - generic [ref=e596]:\\n                            - figure [ref=e597]\\n                            - figure [ref=e598]\\n                          - generic [ref=e599]:\\n                            - paragraph [ref=e601]:\\n                              - generic [ref=e602]: Joseph N., Verified\\n                              - generic [ref=e603]:\\n                                - text: Joseph N.\\n                                - img [ref=e605]\\n                            - paragraph [ref=e608]: Accounting Professional in San Diego\\n                      - button \\\"Invite Joseph N. to connect\\\" [ref=e611] [cursor=pointer]:\\n                        - generic [ref=e612]:\\n                          - img [ref=e613]\\n                          - generic [ref=e616]: Connect\\n                    - button \\\"Remove Joseph N. as a suggestion\\\" [ref=e618] [cursor=pointer]:\\n                      - img [ref=e620]\\n                - listitem [ref=e623]:\\n                  - generic [ref=e624]:\\n                    - generic [ref=e625]:\\n                      - link \\\"Lou is open to work Lou West, Verified Business Management Grad Passionate About Creative, Community-Driven Work | Digital Marketing & Strategy Enthusiast\\\" [ref=e626] [cursor=pointer]:\\n                        - /url: https://www.linkedin.com/in/lou-west/\\n                        - generic [ref=e627]:\\n                          - generic \\\"Lou is open to work\\\" [ref=e628]:\\n                            - figure [ref=e629]:\\n                              - img [ref=e630]\\n                            - figure [ref=e636]\\n                          - generic [ref=e637]:\\n                            - paragraph [ref=e639]:\\n                              - generic [ref=e640]: Lou West, Verified\\n                              - generic [ref=e641]:\\n                                - text: Lou West\\n                                - img [ref=e643]\\n                            - paragraph [ref=e646]: Business Management Grad Passionate About Creative, Community-Driven Work | Digital Marketing & Strategy Enthusiast\\n                      - button \\\"Invite Lou West to connect\\\" [ref=e649] [cursor=pointer]:\\n                        - generic [ref=e650]:\\n                          - img [ref=e651]\\n                          - generic [ref=e654]: Connect\\n                    - button \\\"Remove Lou West as a suggestion\\\" [ref=e656] [cursor=pointer]:\\n                      - img [ref=e658]\\n                - listitem [ref=e661]:\\n                  - generic [ref=e662]:\\n                    - generic [ref=e663]:\\n                      - link \\\"Jermaine Bruno --\\\" [ref=e664] [cursor=pointer]:\\n                        - /url: https://www.linkedin.com/in/jermaine-bruno-a914b8324/\\n                        - generic [ref=e665]:\\n                          - generic [ref=e666]:\\n                            - figure [ref=e667]\\n                            - figure [ref=e668]\\n                          - generic [ref=e669]:\\n                            - paragraph [ref=e671]:\\n                              - generic [ref=e672]: Jermaine Bruno\\n                              - text: Jermaine Bruno\\n                            - paragraph [ref=e674]: \\\"--\\\"\\n                      - button \\\"Invite Jermaine Bruno to connect\\\" [ref=e677] [cursor=pointer]:\\n                        - generic [ref=e678]:\\n                          - img [ref=e679]\\n                          - generic [ref=e682]: Connect\\n                    - button \\\"Remove Jermaine Bruno as a suggestion\\\" [ref=e684] [cursor=pointer]:\\n                      - img [ref=e686]\\n                - listitem [ref=e689]:\\n                  - generic [ref=e690]:\\n                    - generic [ref=e691]:\\n                      - link \\\"Kevin Geiger, Verified Co-Founder @ Blue Wave 🌊\\\" [ref=e692] [cursor=pointer]:\\n                        - /url: https://www.linkedin.com/in/kevin-geiger-03006023/\\n                        - generic [ref=e693]:\\n                          - generic [ref=e694]:\\n                            - figure [ref=e695]\\n                            - figure [ref=e696]\\n                          - generic [ref=e697]:\\n                            - paragraph [ref=e699]:\\n                              - generic [ref=e700]: Kevin Geiger, Verified\\n                              - generic [ref=e701]:\\n                                - text: Kevin Geiger\\n                                - img [ref=e703]\\n                            - paragraph [ref=e706]: Co-Founder @ Blue Wave 🌊\\n                      - button \\\"Invite Kevin Geiger to connect\\\" [ref=e709] [cursor=pointer]:\\n                        - generic [ref=e710]:\\n                          - img [ref=e711]\\n                          - generic [ref=e714]: Connect\\n                    - button \\\"Remove Kevin Geiger as a suggestion\\\" [ref=e716] [cursor=pointer]:\\n                      - img [ref=e718]\\n                - listitem [ref=e721]:\\n                  - generic [ref=e722]:\\n                    - generic [ref=e723]:\\n                      - link \\\"Juan Trejo, Verified Buyer | Aerospace & Manufacturing | Supply Chain Management\\\" [ref=e724] [cursor=pointer]:\\n                        - /url: https://www.linkedin.com/in/juan-trejo-1b916a32a/\\n                        - generic [ref=e725]:\\n                          - generic [ref=e726]:\\n                            - figure [ref=e727]\\n                            - figure [ref=e728]\\n                          - generic [ref=e729]:\\n                            - paragraph [ref=e731]:\\n                              - generic [ref=e732]: Juan Trejo, Verified\\n                              - generic [ref=e733]:\\n                                - text: Juan Trejo\\n                                - img [ref=e735]\\n                            - paragraph [ref=e738]: Buyer | Aerospace & Manufacturing | Supply Chain Management\\n                      - button \\\"Invite Juan Trejo to connect\\\" [ref=e741] [cursor=pointer]:\\n                        - generic [ref=e742]:\\n                          - img [ref=e743]\\n                          - generic [ref=e746]: Connect\\n                    - button \\\"Remove Juan Trejo as a suggestion\\\" [ref=e748] [cursor=pointer]:\\n                      - img [ref=e750]\\n                - listitem [ref=e753]:\\n                  - generic [ref=e754]:\\n                    - generic [ref=e755]:\\n                      - link \\\"Konrad Fijołek Prezydent Miasta Rzeszów\\\" [ref=e756] [cursor=pointer]:\\n                        - /url: https://www.linkedin.com/in/konradfijo%C5%82ek/\\n                        - generic [ref=e757]:\\n                          - generic [ref=e758]:\\n                            - figure [ref=e759]\\n                            - figure [ref=e760]\\n                          - generic [ref=e761]:\\n                            - paragraph [ref=e763]:\\n                              - generic [ref=e764]: Konrad Fijołek\\n                              - text: Konrad Fijołek\\n                            - paragraph [ref=e766]: Prezydent Miasta Rzeszów\\n                      - button \\\"Invite Konrad Fijołek to connect\\\" [ref=e769] [cursor=pointer]:\\n                        - generic [ref=e770]:\\n                          - img [ref=e771]\\n                          - generic [ref=e774]: Connect\\n                    - button \\\"Remove Konrad Fijołek as a suggestion\\\" [ref=e776] [cursor=pointer]:\\n                      - img [ref=e778]\\n            - generic [ref=e782]:\\n              - generic [ref=e784]:\\n                - heading \\\"Popular on LinkedIn\\\" [level=3] [ref=e785]\\n                - link \\\"Show all suggestions for Popular on LinkedIn\\\" [ref=e786] [cursor=pointer]:\\n                  - /url: https://www.linkedin.com/mynetwork/grow/\\n                  - generic [ref=e788]: Show all\\n              - list [ref=e789]:\\n                - listitem [ref=e791]:\\n                  - generic [ref=e792]:\\n                    - generic [ref=e793]:\\n                      - link \\\"Tomasz Rożek, PhD Nauka To Lubie\\\" [ref=e794] [cursor=pointer]:\\n                        - /url: https://www.linkedin.com/in/tomasz-ro%C5%BCek-phd-303b1b6/\\n                        - generic [ref=e795]:\\n                          - generic [ref=e796]:\\n                            - figure [ref=e797]:\\n                              - img [ref=e798]\\n                            - figure [ref=e804]\\n                          - generic [ref=e805]:\\n                            - paragraph [ref=e807]:\\n                              - generic [ref=e808]: Tomasz Rożek, PhD\\n                              - text: Tomasz Rożek, PhD\\n                            - paragraph [ref=e810]: Nauka To Lubie\\n                      - generic [ref=e811]:\\n                        - paragraph [ref=e814]: 83,898 followers\\n                        - button \\\"Follow Tomasz Rożek, PhD\\\" [ref=e816] [cursor=pointer]:\\n                          - generic [ref=e817]:\\n                            - img [ref=e818]\\n                            - generic [ref=e821]: Follow\\n                    - button \\\"Remove Tomasz Rożek, PhD as a suggestion\\\" [ref=e823] [cursor=pointer]:\\n                      - img [ref=e825]\\n                - listitem [ref=e828]:\\n                  - generic [ref=e829]:\\n                    - generic [ref=e830]:\\n                      - link \\\"Szymon Szczesniak, Premium CEO at CodeTwo / JSON at HRejterzy\\\" [ref=e831] [cursor=pointer]:\\n                        - /url: https://www.linkedin.com/in/codetwojson/\\n                        - generic [ref=e832]:\\n                          - generic [ref=e833]:\\n                            - figure [ref=e834]:\\n                              - img [ref=e835]\\n                            - figure [ref=e841]\\n                          - generic [ref=e842]:\\n                            - paragraph [ref=e844]:\\n                              - generic [ref=e845]: Szymon Szczesniak, Premium\\n                              - generic [ref=e846]:\\n                                - text: Szymon Szczesniak\\n                                - img [ref=e848]\\n                            - paragraph [ref=e851]: CEO at CodeTwo / JSON at HRejterzy\\n                      - generic [ref=e852]:\\n                        - paragraph [ref=e855]: 185,375 followers\\n                        - button \\\"Follow Szymon Szczesniak\\\" [ref=e857] [cursor=pointer]:\\n                          - generic [ref=e858]:\\n                            - img [ref=e859]\\n                            - generic [ref=e862]: Follow\\n                    - button \\\"Remove Szymon Szczesniak as a suggestion\\\" [ref=e864] [cursor=pointer]:\\n                      - img [ref=e866]\\n                - listitem [ref=e869]:\\n                  - generic [ref=e870]:\\n                    - generic [ref=e871]:\\n                      - link \\\"Maciej Sawicki, Verified Async orgs & Remote-first leadership | Founder inStreamly | Gaming & new tech\\\" [ref=e872] [cursor=pointer]:\\n                        - /url: https://www.linkedin.com/in/maciejsawiksawicki/\\n                        - generic [ref=e873]:\\n                          - generic [ref=e874]:\\n                            - figure [ref=e875]\\n                            - figure [ref=e876]\\n                          - generic [ref=e877]:\\n                            - paragraph [ref=e879]:\\n                              - generic [ref=e880]: Maciej Sawicki, Verified\\n                              - generic [ref=e881]:\\n                                - text: Maciej Sawicki\\n                                - img [ref=e883]\\n                            - paragraph [ref=e886]: Async orgs & Remote-first leadership | Founder inStreamly | Gaming & new tech\\n                      - generic [ref=e887]:\\n                        - paragraph [ref=e890]: 18,229 followers\\n                        - button \\\"Follow Maciej Sawicki\\\" [ref=e892] [cursor=pointer]:\\n                          - generic [ref=e893]:\\n                            - img [ref=e894]\\n                            - generic [ref=e897]: Follow\\n                    - button \\\"Remove Maciej Sawicki as a suggestion\\\" [ref=e899] [cursor=pointer]:\\n                      - img [ref=e901]\\n                - listitem [ref=e904]:\\n                  - generic [ref=e905]:\\n                    - generic [ref=e906]:\\n                      - link \\\"Dr Maciej Kawecki, Verified Founder of This is it | This Is World President of the Lem Institute\\\" [ref=e907] [cursor=pointer]:\\n                        - /url: https://www.linkedin.com/in/maciejkawecki/\\n                        - generic [ref=e908]:\\n                          - generic [ref=e909]:\\n                            - figure [ref=e910]\\n                            - figure [ref=e911]:\\n                              - img [ref=e912]\\n                          - generic [ref=e918]:\\n                            - paragraph [ref=e920]:\\n                              - generic [ref=e921]: Dr Maciej Kawecki, Verified\\n                              - generic [ref=e922]:\\n                                - text: Dr Maciej Kawecki\\n                                - img [ref=e924]\\n                            - paragraph [ref=e927]: Founder of This is it | This Is World President of the Lem Institute\\n                      - generic [ref=e928]:\\n                        - paragraph [ref=e931]: 177,045 followers\\n                        - button \\\"Follow Dr Maciej Kawecki\\\" [ref=e933] [cursor=pointer]:\\n                          - generic [ref=e934]:\\n                            - img [ref=e935]\\n                            - generic [ref=e938]: Follow\\n                    - button \\\"Remove Dr Maciej Kawecki as a suggestion\\\" [ref=e940] [cursor=pointer]:\\n                      - img [ref=e942]\\n                - listitem [ref=e945]:\\n                  - generic [ref=e946]:\\n                    - generic [ref=e947]:\\n                      - link \\\"Martyna Wojciechowska, Premium Journalist, filmmaker, activist, founder of UNAWEZA Foundation\\\" [ref=e948] [cursor=pointer]:\\n                        - /url: https://www.linkedin.com/in/martyna-wojciechowska-world/en/\\n                        - generic [ref=e949]:\\n                          - generic [ref=e950]:\\n                            - figure [ref=e951]\\n                            - figure [ref=e952]\\n                          - generic [ref=e953]:\\n                            - paragraph [ref=e955]:\\n                              - generic [ref=e956]: Martyna Wojciechowska, Premium\\n                              - generic [ref=e957]:\\n                                - text: Martyna Wojciechowska\\n                                - img [ref=e959]\\n                            - paragraph [ref=e962]: Journalist, filmmaker, activist, founder of UNAWEZA Foundation\\n                      - generic [ref=e963]:\\n                        - paragraph [ref=e966]: 79,346 followers\\n                        - button \\\"Follow Martyna Wojciechowska\\\" [ref=e968] [cursor=pointer]:\\n                          - generic [ref=e969]:\\n                            - img [ref=e970]\\n                            - generic [ref=e973]: Follow\\n                    - button \\\"Remove Martyna Wojciechowska as a suggestion\\\" [ref=e975] [cursor=pointer]:\\n                      - img [ref=e977]\\n                - listitem [ref=e980]:\\n                  - generic [ref=e981]:\\n                    - generic [ref=e982]:\\n                      - link \\\"Kinga Szostko, Premium 📱 Analiza i monitoring social mediów 🌿 OSINT 🚨 Przemoc rówieśnicza ⚠️ Ochrona dzieci w sieci 🌐 Portal bezpiecznedziecko.org 🫴 Fundacja Prospoleczna.org 📲 Aplikacja KidsAlert 🫆\\\" [ref=e983] [cursor=pointer]:\\n                        - /url: https://www.linkedin.com/in/kinga-szostko-985b65220/\\n                        - generic [ref=e984]:\\n                          - generic [ref=e985]:\\n                            - figure [ref=e986]\\n                            - figure [ref=e987]\\n                          - generic [ref=e988]:\\n                            - paragraph [ref=e990]:\\n                              - generic [ref=e991]: Kinga Szostko, Premium\\n                              - generic [ref=e992]:\\n                                - text: Kinga Szostko\\n                                - img [ref=e994]\\n                            - paragraph [ref=e997]: 📱 Analiza i monitoring social mediów 🌿 OSINT 🚨 Przemoc rówieśnicza ⚠️ Ochrona dzieci w sieci 🌐 Portal bezpiecznedziecko.org 🫴 Fundacja Prospoleczna.org 📲 Aplikacja KidsAlert 🫆\\n                      - generic [ref=e998]:\\n                        - paragraph [ref=e1001]: 11,163 followers\\n                        - button \\\"Follow Kinga Szostko\\\" [ref=e1003] [cursor=pointer]:\\n                          - generic [ref=e1004]:\\n                            - img [ref=e1005]\\n                            - generic [ref=e1008]: Follow\\n                    - button \\\"Remove Kinga Szostko as a suggestion\\\" [ref=e1010] [cursor=pointer]:\\n                      - img [ref=e1012]\\n            - button \\\"Load more\\\" [ref=e1015] [cursor=pointer]:\\n              - generic [ref=e1017]: Load more\\n  - generic:\\n    - generic:\\n      - generic:\\n        - generic:\\n          - complementary:\\n            - generic [ref=e1019]:\\n              - generic [ref=e1021] [cursor=pointer]:\\n                - generic [ref=e1022]:\\n                  - img \\\"Petr Petrovich\\\" [ref=e1023]\\n                  - generic [ref=e1025]: Status is online\\n                - button \\\"You are on the messaging overlay. Press enter to open the list of conversations.\\\" [ref=e1026]:\\n                  - generic [ref=e1027]:\\n                    - generic [ref=e1028]: Messaging\\n                    - generic [ref=e1029]: You are on the messaging overlay. Press enter to open the list of conversations.\\n              - generic [ref=e1030]:\\n                - button \\\"Open messenger dropdown menu\\\" [ref=e1032] [cursor=pointer]:\\n                  - img \\\"Open messenger dropdown menu\\\" [ref=e1033]\\n                - button \\\"Compose message\\\" [ref=e1036] [cursor=pointer]:\\n                  - img [ref=e1037]\\n                  - generic [ref=e1039]: Compose message\\n                - button \\\"You are on the messaging overlay. Press enter to open the list of conversations.\\\" [ref=e1040] [cursor=pointer]:\\n                  - img [ref=e1041]\\n                  - generic [ref=e1043]: You are on the messaging overlay. Press enter to open the list of conversations.\\n          - complementary \\\"AI-powered assistant to get help with your career, jobs etc\\\"\\n  - iframe [ref=e1044]:\\n    - generic [active] [ref=f207e1]:\\n      - generic:\\n        - region \\\"Toast message\\\":\\n          - heading \\\"0 notifications total\\\" [level=2] [ref=f207e3]\\n          - alert\\n      - region [ref=f207e4]\\n      - generic [ref=f207e5]:\\n        - generic [ref=f207e7]:\\n          - button \\\"Skip to search\\\" [ref=f207e8] [cursor=pointer]:\\n            - generic [ref=f207e9]: Skip to search\\n          - button \\\"Skip to main content\\\" [ref=f207e10] [cursor=pointer]:\\n            - generic [ref=f207e11]: Skip to main content\\n          - button \\\"Keyboard shortcuts\\\" [ref=f207e12] [cursor=pointer]:\\n            - generic [ref=f207e13]: Keyboard shortcuts\\n          - button \\\"Close jump menu\\\" [ref=f207e14] [cursor=pointer]:\\n            - img [ref=f207e15]\\n            - generic [ref=f207e17]: Close jump menu\\n        - banner \\\"Global Navigation\\\" [ref=f207e18]:\\n          - generic [ref=f207e19]:\\n            - link \\\"LinkedIn\\\" [ref=f207e20] [cursor=pointer]:\\n              - /url: https://www.linkedin.com/feed/?nis=true\\n              - img \\\"LinkedIn\\\" [ref=f207e23]:\\n                - img [ref=f207e24]\\n            - generic [ref=f207e28]:\\n              - combobox \\\"Search\\\" [ref=f207e29]\\n              - generic:\\n                - img\\n            - navigation \\\"Primary Navigation\\\" [ref=f207e30]:\\n              - list [ref=f207e31]:\\n                - listitem [ref=f207e32]:\\n                  - link \\\"new feed updates notifications Home\\\" [ref=f207e33] [cursor=pointer]:\\n                    - /url: https://www.linkedin.com/feed/?nis=true&\\n                    - generic [ref=f207e34]:\\n                      - generic [ref=f207e37]: new feed updates notifications\\n                      - img [ref=f207e41]\\n                    - generic \\\"Home\\\" [ref=f207e43]\\n                - listitem [ref=f207e44]:\\n                  - link \\\"My Network\\\" [ref=f207e45] [cursor=pointer]:\\n                    - /url: https://www.linkedin.com/mynetwork/?\\n                    - img [ref=f207e49]\\n                    - generic \\\"My Network\\\" [ref=f207e51]\\n                - listitem [ref=f207e52]:\\n                  - link \\\"Jobs\\\" [ref=f207e53] [cursor=pointer]:\\n                    - /url: https://www.linkedin.com/jobs/?\\n                    - img [ref=f207e57]\\n                    - generic \\\"Jobs\\\" [ref=f207e59]\\n                - listitem [ref=f207e60]:\\n                  - link \\\"Messaging\\\" [ref=f207e61] [cursor=pointer]:\\n                    - /url: https://www.linkedin.com/messaging/?\\n                    - img [ref=f207e65]\\n                    - generic \\\"Messaging\\\" [ref=f207e67]\\n                - listitem [ref=f207e68]:\\n                  - link \\\"Notifications\\\" [ref=f207e69] [cursor=pointer]:\\n                    - /url: https://www.linkedin.com/notifications/?\\n                    - img [ref=f207e73]\\n                    - generic \\\"Notifications\\\" [ref=f207e75]\\n                - listitem [ref=f207e76]:\\n                  - button \\\"Petr Petrovich Me\\\" [ref=f207e78] [cursor=pointer]:\\n                    - img \\\"Petr Petrovich\\\" [ref=f207e79]\\n                    - generic [ref=f207e80]:\\n                      - text: Me\\n                      - img [ref=f207e81]\\n                - listitem [ref=f207e83]:\\n                  - button \\\"For Business\\\" [ref=f207e85] [cursor=pointer]:\\n                    - img [ref=f207e89]\\n                    - generic \\\"For Business\\\" [ref=f207e91]:\\n                      - text: For Business\\n                      - img [ref=f207e92]\\n                - listitem [ref=f207e94]:\\n                  - link \\\"Try Premium for zł 0\\\" [ref=f207e96] [cursor=pointer]:\\n                    - /url: javascript:void(0)\\n                    - generic [ref=f207e97]:\\n                      - img [ref=f207e98]\\n                      - generic [ref=f207e100]: Try Premium for zł 0\",\n  \"refs\": {\n    \"e2\": {\n      \"role\": \"generic\"\n    },\n    \"e3\": {\n      \"role\": \"heading\",\n      \"name\": \"0 notifications\"\n    },\n    \"e4\": {\n      \"role\": \"generic\"\n    },\n    \"e5\": {\n      \"role\": \"button\"\n    },\n    \"e7\": {\n      \"role\": \"generic\"\n    },\n    \"e8\": {\n      \"role\": \"button\"\n    },\n    \"e10\": {\n      \"role\": \"img\"\n    },\n    \"e12\": {\n      \"role\": \"generic\"\n    },\n    \"e14\": {\n      \"role\": \"banner\"\n    },\n    \"e17\": {\n      \"role\": \"generic\"\n    },\n    \"e18\": {\n      \"role\": \"button\",\n      \"name\": \"LinkedIn\"\n    },\n    \"e19\": {\n      \"role\": \"img\",\n      \"name\": \"LinkedIn\"\n    },\n    \"e22\": {\n      \"role\": \"search\"\n    },\n    \"e23\": {\n      \"role\": \"generic\"\n    },\n    \"e25\": {\n      \"role\": \"img\"\n    },\n    \"e27\": {\n      \"role\": \"textbox\",\n      \"name\": \"Search\"\n    },\n    \"e29\": {\n      \"role\": \"generic\"\n    },\n    \"e34\": {\n      \"role\": \"figure\"\n    },\n    \"e37\": {\n      \"role\": \"navigation\"\n    },\n    \"e38\": {\n      \"role\": \"list\"\n    },\n    \"e39\": {\n      \"role\": \"listitem\"\n    },\n    \"e40\": {\n      \"role\": \"button\",\n      \"name\": \"Home, 1 new notification\"\n    },\n    \"e42\": {\n      \"role\": \"img\"\n    },\n    \"e46\": {\n      \"role\": \"generic\"\n    },\n    \"e47\": {\n      \"role\": \"listitem\"\n    },\n    \"e48\": {\n      \"role\": \"link\",\n      \"name\": \"My Network, 0 new notifications\"\n    },\n    \"e50\": {\n      \"role\": \"img\"\n    },\n    \"e53\": {\n      \"role\": \"generic\"\n    },\n    \"e54\": {\n      \"role\": \"listitem\"\n    },\n    \"e55\": {\n      \"role\": \"button\",\n      \"name\": \"Jobs, 0 new notifications\"\n    },\n    \"e57\": {\n      \"role\": \"img\"\n    },\n    \"e60\": {\n      \"role\": \"generic\"\n    },\n    \"e61\": {\n      \"role\": \"listitem\"\n    },\n    \"e62\": {\n      \"role\": \"link\",\n      \"name\": \"Messaging, 0 new notifications\"\n    },\n    \"e64\": {\n      \"role\": \"img\"\n    },\n    \"e67\": {\n      \"role\": \"generic\"\n    },\n    \"e68\": {\n      \"role\": \"listitem\"\n    },\n    \"e69\": {\n      \"role\": \"link\",\n      \"name\": \"Notifications, 0 new notifications\"\n    },\n    \"e71\": {\n      \"role\": \"img\"\n    },\n    \"e74\": {\n      \"role\": \"generic\"\n    },\n    \"e75\": {\n      \"role\": \"listitem\"\n    },\n    \"e76\": {\n      \"role\": \"button\",\n      \"name\": \"Me\"\n    },\n    \"e78\": {\n      \"role\": \"figure\"\n    },\n    \"e80\": {\n      \"role\": \"generic\"\n    },\n    \"e81\": {\n      \"role\": \"img\"\n    },\n    \"e84\": {\n      \"role\": \"generic\"\n    },\n    \"e85\": {\n      \"role\": \"navigation\"\n    },\n    \"e86\": {\n      \"role\": \"list\"\n    },\n    \"e87\": {\n      \"role\": \"listitem\"\n    },\n    \"e88\": {\n      \"role\": \"button\",\n      \"name\": \"For Business\"\n    },\n    \"e90\": {\n      \"role\": \"img\"\n    },\n    \"e93\": {\n      \"role\": \"generic\"\n    },\n    \"e94\": {\n      \"role\": \"img\"\n    },\n    \"e97\": {\n      \"role\": \"link\",\n      \"name\": \"Try Premium for zł 0\"\n    },\n    \"e98\": {\n      \"role\": \"generic\"\n    },\n    \"e99\": {\n      \"role\": \"img\"\n    },\n    \"e103\": {\n      \"role\": \"paragraph\"\n    },\n    \"e105\": {\n      \"role\": \"main\"\n    },\n    \"e107\": {\n      \"role\": \"generic\"\n    },\n    \"e111\": {\n      \"role\": \"generic\"\n    },\n    \"e116\": {\n      \"role\": \"generic\"\n    },\n    \"e117\": {\n      \"role\": \"generic\"\n    },\n    \"e118\": {\n      \"role\": \"paragraph\"\n    },\n    \"e119\": {\n      \"role\": \"generic\"\n    },\n    \"e120\": {\n      \"role\": \"generic\"\n    },\n    \"e121\": {\n      \"role\": \"paragraph\"\n    },\n    \"e122\": {\n      \"role\": \"paragraph\"\n    },\n    \"e123\": {\n      \"role\": \"link\",\n      \"name\": \"0 Connections\"\n    },\n    \"e124\": {\n      \"role\": \"generic\"\n    },\n    \"e125\": {\n      \"role\": \"paragraph\"\n    },\n    \"e126\": {\n      \"role\": \"paragraph\"\n    },\n    \"e127\": {\n      \"role\": \"link\",\n      \"name\": \"0 Following\"\n    },\n    \"e128\": {\n      \"role\": \"generic\"\n    },\n    \"e129\": {\n      \"role\": \"paragraph\"\n    },\n    \"e130\": {\n      \"role\": \"paragraph\"\n    },\n    \"e132\": {\n      \"role\": \"button\",\n      \"name\": \"Show more\"\n    },\n    \"e133\": {\n      \"role\": \"generic\"\n    },\n    \"e134\": {\n      \"role\": \"img\"\n    },\n    \"e136\": {\n      \"role\": \"generic\"\n    },\n    \"e139\": {\n      \"role\": \"iframe\"\n    },\n    \"e140\": {\n      \"role\": \"generic\"\n    },\n    \"e141\": {\n      \"role\": \"generic\"\n    },\n    \"e142\": {\n      \"role\": \"link\",\n      \"name\": \"About\"\n    },\n    \"e143\": {\n      \"role\": \"paragraph\"\n    },\n    \"e144\": {\n      \"role\": \"link\",\n      \"name\": \"Accessibility\"\n    },\n    \"e145\": {\n      \"role\": \"paragraph\"\n    },\n    \"e146\": {\n      \"role\": \"link\",\n      \"name\": \"Help Center\"\n    },\n    \"e147\": {\n      \"role\": \"paragraph\"\n    },\n    \"e148\": {\n      \"role\": \"button\",\n      \"name\": \"Privacy & Terms\"\n    },\n    \"e149\": {\n      \"role\": \"generic\"\n    },\n    \"e150\": {\n      \"role\": \"paragraph\"\n    },\n    \"e151\": {\n      \"role\": \"img\"\n    },\n    \"e153\": {\n      \"role\": \"link\",\n      \"name\": \"Ad Choices\"\n    },\n    \"e154\": {\n      \"role\": \"paragraph\"\n    },\n    \"e155\": {\n      \"role\": \"link\",\n      \"name\": \"Advertising\"\n    },\n    \"e156\": {\n      \"role\": \"paragraph\"\n    },\n    \"e157\": {\n      \"role\": \"button\",\n      \"name\": \"Business Services\"\n    },\n    \"e158\": {\n      \"role\": \"generic\"\n    },\n    \"e159\": {\n      \"role\": \"paragraph\"\n    },\n    \"e160\": {\n      \"role\": \"img\"\n    },\n    \"e162\": {\n      \"role\": \"link\",\n      \"name\": \"Get the LinkedIn app\"\n    },\n    \"e163\": {\n      \"role\": \"paragraph\"\n    },\n    \"e164\": {\n      \"role\": \"link\",\n      \"name\": \"More\"\n    },\n    \"e165\": {\n      \"role\": \"paragraph\"\n    },\n    \"e166\": {\n      \"role\": \"generic\"\n    },\n    \"e167\": {\n      \"role\": \"img\"\n    },\n    \"e169\": {\n      \"role\": \"paragraph\"\n    },\n    \"e173\": {\n      \"role\": \"generic\"\n    },\n    \"e180\": {\n      \"role\": \"generic\"\n    },\n    \"e181\": {\n      \"role\": \"generic\"\n    },\n    \"e182\": {\n      \"role\": \"paragraph\"\n    },\n    \"e183\": {\n      \"role\": \"paragraph\"\n    },\n    \"e184\": {\n      \"role\": \"generic\"\n    },\n    \"e185\": {\n      \"role\": \"generic\"\n    },\n    \"e188\": {\n      \"role\": \"link\",\n      \"name\": \"1\"\n    },\n    \"e191\": {\n      \"role\": \"paragraph\"\n    },\n    \"e194\": {\n      \"role\": \"link\",\n      \"name\": \"2\"\n    },\n    \"e197\": {\n      \"role\": \"paragraph\"\n    },\n    \"e200\": {\n      \"role\": \"link\",\n      \"name\": \"3\"\n    },\n    \"e203\": {\n      \"role\": \"paragraph\"\n    },\n    \"e206\": {\n      \"role\": \"link\",\n      \"name\": \"4\"\n    },\n    \"e209\": {\n      \"role\": \"paragraph\"\n    },\n    \"e212\": {\n      \"role\": \"link\",\n      \"name\": \"5\"\n    },\n    \"e215\": {\n      \"role\": \"paragraph\"\n    },\n    \"e216\": {\n      \"role\": \"link\",\n      \"name\": \"Search for people you know\"\n    },\n    \"e217\": {\n      \"role\": \"generic\"\n    },\n    \"e218\": {\n      \"role\": \"img\"\n    },\n    \"e220\": {\n      \"role\": \"generic\"\n    },\n    \"e225\": {\n      \"role\": \"generic\"\n    },\n    \"e226\": {\n      \"role\": \"generic\"\n    },\n    \"e228\": {\n      \"role\": \"heading\",\n      \"name\": \"No pending invitations\"\n    },\n    \"e229\": {\n      \"role\": \"link\",\n      \"name\": \"Manage all invitations\"\n    },\n    \"e231\": {\n      \"role\": \"generic\"\n    },\n    \"e234\": {\n      \"role\": \"generic\"\n    },\n    \"e236\": {\n      \"role\": \"generic\"\n    },\n    \"e237\": {\n      \"role\": \"heading\",\n      \"name\": \"People you may know in Warsaw Metropolitan Area\"\n    },\n    \"e238\": {\n      \"role\": \"link\",\n      \"name\": \"Show all suggestions for People you may know in Warsaw Metropolitan Area\"\n    },\n    \"e240\": {\n      \"role\": \"generic\"\n    },\n    \"e241\": {\n      \"role\": \"list\"\n    },\n    \"e243\": {\n      \"role\": \"listitem\"\n    },\n    \"e244\": {\n      \"role\": \"generic\"\n    },\n    \"e245\": {\n      \"role\": \"generic\"\n    },\n    \"e246\": {\n      \"role\": \"link\",\n      \"name\": \"Jakub P., Premium IT Service Delivery Management\"\n    },\n    \"e247\": {\n      \"role\": \"generic\"\n    },\n    \"e248\": {\n      \"role\": \"generic\"\n    },\n    \"e249\": {\n      \"role\": \"figure\"\n    },\n    \"e250\": {\n      \"role\": \"figure\"\n    },\n    \"e251\": {\n      \"role\": \"img\"\n    },\n    \"e257\": {\n      \"role\": \"generic\"\n    },\n    \"e259\": {\n      \"role\": \"paragraph\"\n    },\n    \"e260\": {\n      \"role\": \"generic\"\n    },\n    \"e261\": {\n      \"role\": \"generic\"\n    },\n    \"e263\": {\n      \"role\": \"img\"\n    },\n    \"e266\": {\n      \"role\": \"paragraph\"\n    },\n    \"e269\": {\n      \"role\": \"button\",\n      \"name\": \"Invite Jakub P. to connect\"\n    },\n    \"e270\": {\n      \"role\": \"generic\"\n    },\n    \"e271\": {\n      \"role\": \"img\"\n    },\n    \"e274\": {\n      \"role\": \"generic\"\n    },\n    \"e276\": {\n      \"role\": \"button\",\n      \"name\": \"Remove Jakub P. as a suggestion\"\n    },\n    \"e278\": {\n      \"role\": \"img\"\n    },\n    \"e281\": {\n      \"role\": \"listitem\"\n    },\n    \"e282\": {\n      \"role\": \"generic\"\n    },\n    \"e283\": {\n      \"role\": \"generic\"\n    },\n    \"e284\": {\n      \"role\": \"link\",\n      \"name\": \"Sławomir Dec, Verified Cybersecurity|CISSP\"\n    },\n    \"e285\": {\n      \"role\": \"generic\"\n    },\n    \"e286\": {\n      \"role\": \"generic\"\n    },\n    \"e287\": {\n      \"role\": \"figure\"\n    },\n    \"e288\": {\n      \"role\": \"figure\"\n    },\n    \"e289\": {\n      \"role\": \"generic\"\n    },\n    \"e291\": {\n      \"role\": \"paragraph\"\n    },\n    \"e292\": {\n      \"role\": \"generic\"\n    },\n    \"e293\": {\n      \"role\": \"generic\"\n    },\n    \"e295\": {\n      \"role\": \"img\"\n    },\n    \"e298\": {\n      \"role\": \"paragraph\"\n    },\n    \"e301\": {\n      \"role\": \"button\",\n      \"name\": \"Invite Sławomir Dec to connect\"\n    },\n    \"e302\": {\n      \"role\": \"generic\"\n    },\n    \"e303\": {\n      \"role\": \"img\"\n    },\n    \"e306\": {\n      \"role\": \"generic\"\n    },\n    \"e308\": {\n      \"role\": \"button\",\n      \"name\": \"Remove Sławomir Dec as a suggestion\"\n    },\n    \"e310\": {\n      \"role\": \"img\"\n    },\n    \"e313\": {\n      \"role\": \"listitem\"\n    },\n    \"e314\": {\n      \"role\": \"generic\"\n    },\n    \"e315\": {\n      \"role\": \"generic\"\n    },\n    \"e316\": {\n      \"role\": \"link\",\n      \"name\": \"Adam Szafara Helping businesses to raise its digital potential🌏\"\n    },\n    \"e317\": {\n      \"role\": \"generic\"\n    },\n    \"e318\": {\n      \"role\": \"generic\"\n    },\n    \"e319\": {\n      \"role\": \"figure\"\n    },\n    \"e320\": {\n      \"role\": \"figure\"\n    },\n    \"e321\": {\n      \"role\": \"img\"\n    },\n    \"e327\": {\n      \"role\": \"generic\"\n    },\n    \"e329\": {\n      \"role\": \"paragraph\"\n    },\n    \"e330\": {\n      \"role\": \"generic\"\n    },\n    \"e332\": {\n      \"role\": \"paragraph\"\n    },\n    \"e335\": {\n      \"role\": \"button\",\n      \"name\": \"Invite Adam Szafara to connect\"\n    },\n    \"e336\": {\n      \"role\": \"generic\"\n    },\n    \"e337\": {\n      \"role\": \"img\"\n    },\n    \"e340\": {\n      \"role\": \"generic\"\n    },\n    \"e342\": {\n      \"role\": \"button\",\n      \"name\": \"Remove Adam Szafara as a suggestion\"\n    },\n    \"e344\": {\n      \"role\": \"img\"\n    },\n    \"e347\": {\n      \"role\": \"listitem\"\n    },\n    \"e348\": {\n      \"role\": \"generic\"\n    },\n    \"e349\": {\n      \"role\": \"generic\"\n    },\n    \"e350\": {\n      \"role\": \"link\",\n      \"name\": \"Andrzej Jargiło Specjalista magazynier\"\n    },\n    \"e351\": {\n      \"role\": \"generic\"\n    },\n    \"e352\": {\n      \"role\": \"generic\"\n    },\n    \"e353\": {\n      \"role\": \"figure\"\n    },\n    \"e354\": {\n      \"role\": \"figure\"\n    },\n    \"e355\": {\n      \"role\": \"generic\"\n    },\n    \"e357\": {\n      \"role\": \"paragraph\"\n    },\n    \"e358\": {\n      \"role\": \"generic\"\n    },\n    \"e360\": {\n      \"role\": \"paragraph\"\n    },\n    \"e363\": {\n      \"role\": \"button\",\n      \"name\": \"Invite Andrzej Jargiło to connect\"\n    },\n    \"e364\": {\n      \"role\": \"generic\"\n    },\n    \"e365\": {\n      \"role\": \"img\"\n    },\n    \"e368\": {\n      \"role\": \"generic\"\n    },\n    \"e370\": {\n      \"role\": \"button\",\n      \"name\": \"Remove Andrzej Jargiło as a suggestion\"\n    },\n    \"e372\": {\n      \"role\": \"img\"\n    },\n    \"e375\": {\n      \"role\": \"listitem\"\n    },\n    \"e376\": {\n      \"role\": \"generic\"\n    },\n    \"e377\": {\n      \"role\": \"generic\"\n    },\n    \"e378\": {\n      \"role\": \"link\",\n      \"name\": \"Marcin Owsianka, Verified Business Development Manager at Ledatel\"\n    },\n    \"e379\": {\n      \"role\": \"generic\"\n    },\n    \"e380\": {\n      \"role\": \"generic\"\n    },\n    \"e381\": {\n      \"role\": \"figure\"\n    },\n    \"e382\": {\n      \"role\": \"figure\"\n    },\n    \"e383\": {\n      \"role\": \"generic\"\n    },\n    \"e385\": {\n      \"role\": \"paragraph\"\n    },\n    \"e386\": {\n      \"role\": \"generic\"\n    },\n    \"e387\": {\n      \"role\": \"generic\"\n    },\n    \"e389\": {\n      \"role\": \"img\"\n    },\n    \"e392\": {\n      \"role\": \"paragraph\"\n    },\n    \"e395\": {\n      \"role\": \"button\",\n      \"name\": \"Invite Marcin Owsianka to connect\"\n    },\n    \"e396\": {\n      \"role\": \"generic\"\n    },\n    \"e397\": {\n      \"role\": \"img\"\n    },\n    \"e400\": {\n      \"role\": \"generic\"\n    },\n    \"e402\": {\n      \"role\": \"button\",\n      \"name\": \"Remove Marcin Owsianka as a suggestion\"\n    },\n    \"e404\": {\n      \"role\": \"img\"\n    },\n    \"e407\": {\n      \"role\": \"listitem\"\n    },\n    \"e408\": {\n      \"role\": \"generic\"\n    },\n    \"e409\": {\n      \"role\": \"generic\"\n    },\n    \"e410\": {\n      \"role\": \"link\",\n      \"name\": \"Natallia Zhalabkovich, Verified Data Engineering\"\n    },\n    \"e411\": {\n      \"role\": \"generic\"\n    },\n    \"e412\": {\n      \"role\": \"generic\"\n    },\n    \"e413\": {\n      \"role\": \"figure\"\n    },\n    \"e414\": {\n      \"role\": \"img\"\n    },\n    \"e420\": {\n      \"role\": \"figure\"\n    },\n    \"e421\": {\n      \"role\": \"generic\"\n    },\n    \"e423\": {\n      \"role\": \"paragraph\"\n    },\n    \"e424\": {\n      \"role\": \"generic\"\n    },\n    \"e425\": {\n      \"role\": \"generic\"\n    },\n    \"e427\": {\n      \"role\": \"img\"\n    },\n    \"e430\": {\n      \"role\": \"paragraph\"\n    },\n    \"e433\": {\n      \"role\": \"button\",\n      \"name\": \"Invite Natallia Zhalabkovich to connect\"\n    },\n    \"e434\": {\n      \"role\": \"generic\"\n    },\n    \"e435\": {\n      \"role\": \"img\"\n    },\n    \"e438\": {\n      \"role\": \"generic\"\n    },\n    \"e440\": {\n      \"role\": \"button\",\n      \"name\": \"Remove Natallia Zhalabkovich as a suggestion\"\n    },\n    \"e442\": {\n      \"role\": \"img\"\n    },\n    \"e445\": {\n      \"role\": \"listitem\"\n    },\n    \"e446\": {\n      \"role\": \"generic\"\n    },\n    \"e447\": {\n      \"role\": \"generic\"\n    },\n    \"e448\": {\n      \"role\": \"link\",\n      \"name\": \"Jerzy Lipiński, Verified Product Manager at Omnires\"\n    },\n    \"e449\": {\n      \"role\": \"generic\"\n    },\n    \"e450\": {\n      \"role\": \"generic\"\n    },\n    \"e451\": {\n      \"role\": \"figure\"\n    },\n    \"e452\": {\n      \"role\": \"figure\"\n    },\n    \"e453\": {\n      \"role\": \"generic\"\n    },\n    \"e455\": {\n      \"role\": \"paragraph\"\n    },\n    \"e456\": {\n      \"role\": \"generic\"\n    },\n    \"e457\": {\n      \"role\": \"generic\"\n    },\n    \"e459\": {\n      \"role\": \"img\"\n    },\n    \"e462\": {\n      \"role\": \"paragraph\"\n    },\n    \"e465\": {\n      \"role\": \"button\",\n      \"name\": \"Invite Jerzy Lipiński to connect\"\n    },\n    \"e466\": {\n      \"role\": \"generic\"\n    },\n    \"e467\": {\n      \"role\": \"img\"\n    },\n    \"e470\": {\n      \"role\": \"generic\"\n    },\n    \"e472\": {\n      \"role\": \"button\",\n      \"name\": \"Remove Jerzy Lipiński as a suggestion\"\n    },\n    \"e474\": {\n      \"role\": \"img\"\n    },\n    \"e477\": {\n      \"role\": \"listitem\"\n    },\n    \"e478\": {\n      \"role\": \"generic\"\n    },\n    \"e479\": {\n      \"role\": \"generic\"\n    },\n    \"e480\": {\n      \"role\": \"link\",\n      \"name\": \"Mustafa FIRINCI, Verified Sales Manager | 20+ Years in Retail & Customer Management | MBA | Based in Warsaw\"\n    },\n    \"e481\": {\n      \"role\": \"generic\"\n    },\n    \"e482\": {\n      \"role\": \"generic\"\n    },\n    \"e483\": {\n      \"role\": \"figure\"\n    },\n    \"e484\": {\n      \"role\": \"figure\"\n    },\n    \"e485\": {\n      \"role\": \"generic\"\n    },\n    \"e487\": {\n      \"role\": \"paragraph\"\n    },\n    \"e488\": {\n      \"role\": \"generic\"\n    },\n    \"e489\": {\n      \"role\": \"generic\"\n    },\n    \"e491\": {\n      \"role\": \"img\"\n    },\n    \"e494\": {\n      \"role\": \"paragraph\"\n    },\n    \"e497\": {\n      \"role\": \"button\",\n      \"name\": \"Invite Mustafa FIRINCI to connect\"\n    },\n    \"e498\": {\n      \"role\": \"generic\"\n    },\n    \"e499\": {\n      \"role\": \"img\"\n    },\n    \"e502\": {\n      \"role\": \"generic\"\n    },\n    \"e504\": {\n      \"role\": \"button\",\n      \"name\": \"Remove Mustafa FIRINCI as a suggestion\"\n    },\n    \"e506\": {\n      \"role\": \"img\"\n    },\n    \"e510\": {\n      \"role\": \"generic\"\n    },\n    \"e512\": {\n      \"role\": \"generic\"\n    },\n    \"e513\": {\n      \"role\": \"heading\",\n      \"name\": \"People you may know based on your recent activity\"\n    },\n    \"e514\": {\n      \"role\": \"link\",\n      \"name\": \"Show all suggestions for People you may know based on your recent activity\"\n    },\n    \"e516\": {\n      \"role\": \"generic\"\n    },\n    \"e517\": {\n      \"role\": \"list\"\n    },\n    \"e519\": {\n      \"role\": \"listitem\"\n    },\n    \"e520\": {\n      \"role\": \"generic\"\n    },\n    \"e521\": {\n      \"role\": \"generic\"\n    },\n    \"e522\": {\n      \"role\": \"link\",\n      \"name\": \"Trenton is open to work Trenton Murphy, Premium Salesperson @ 1800-Hansons | Sales, Resiliency\"\n    },\n    \"e523\": {\n      \"role\": \"generic\"\n    },\n    \"e524\": {\n      \"role\": \"generic\",\n      \"name\": \"Trenton is open to work\"\n    },\n    \"e525\": {\n      \"role\": \"figure\"\n    },\n    \"e526\": {\n      \"role\": \"img\"\n    },\n    \"e532\": {\n      \"role\": \"figure\"\n    },\n    \"e533\": {\n      \"role\": \"generic\"\n    },\n    \"e535\": {\n      \"role\": \"paragraph\"\n    },\n    \"e536\": {\n      \"role\": \"generic\"\n    },\n    \"e537\": {\n      \"role\": \"generic\"\n    },\n    \"e539\": {\n      \"role\": \"img\"\n    },\n    \"e542\": {\n      \"role\": \"paragraph\"\n    },\n    \"e545\": {\n      \"role\": \"button\",\n      \"name\": \"Invite Trenton Murphy to connect\"\n    },\n    \"e546\": {\n      \"role\": \"generic\"\n    },\n    \"e547\": {\n      \"role\": \"img\"\n    },\n    \"e550\": {\n      \"role\": \"generic\"\n    },\n    \"e552\": {\n      \"role\": \"button\",\n      \"name\": \"Remove Trenton Murphy as a suggestion\"\n    },\n    \"e554\": {\n      \"role\": \"img\"\n    },\n    \"e557\": {\n      \"role\": \"listitem\"\n    },\n    \"e558\": {\n      \"role\": \"generic\"\n    },\n    \"e559\": {\n      \"role\": \"generic\"\n    },\n    \"e560\": {\n      \"role\": \"link\",\n      \"name\": \"Mary Joy Erestain Virtual Assistant / Social Media Manager\"\n    },\n    \"e561\": {\n      \"role\": \"generic\"\n    },\n    \"e562\": {\n      \"role\": \"generic\"\n    },\n    \"e563\": {\n      \"role\": \"figure\"\n    },\n    \"e564\": {\n      \"role\": \"img\"\n    },\n    \"e570\": {\n      \"role\": \"figure\"\n    },\n    \"e571\": {\n      \"role\": \"generic\"\n    },\n    \"e573\": {\n      \"role\": \"paragraph\"\n    },\n    \"e574\": {\n      \"role\": \"generic\"\n    },\n    \"e576\": {\n      \"role\": \"paragraph\"\n    },\n    \"e579\": {\n      \"role\": \"button\",\n      \"name\": \"Invite Mary Joy Erestain to connect\"\n    },\n    \"e580\": {\n      \"role\": \"generic\"\n    },\n    \"e581\": {\n      \"role\": \"img\"\n    },\n    \"e584\": {\n      \"role\": \"generic\"\n    },\n    \"e586\": {\n      \"role\": \"button\",\n      \"name\": \"Remove Mary Joy Erestain as a suggestion\"\n    },\n    \"e588\": {\n      \"role\": \"img\"\n    },\n    \"e591\": {\n      \"role\": \"listitem\"\n    },\n    \"e592\": {\n      \"role\": \"generic\"\n    },\n    \"e593\": {\n      \"role\": \"generic\"\n    },\n    \"e594\": {\n      \"role\": \"link\",\n      \"name\": \"Joseph N., Verified Accounting Professional in San Diego\"\n    },\n    \"e595\": {\n      \"role\": \"generic\"\n    },\n    \"e596\": {\n      \"role\": \"generic\"\n    },\n    \"e597\": {\n      \"role\": \"figure\"\n    },\n    \"e598\": {\n      \"role\": \"figure\"\n    },\n    \"e599\": {\n      \"role\": \"generic\"\n    },\n    \"e601\": {\n      \"role\": \"paragraph\"\n    },\n    \"e602\": {\n      \"role\": \"generic\"\n    },\n    \"e603\": {\n      \"role\": \"generic\"\n    },\n    \"e605\": {\n      \"role\": \"img\"\n    },\n    \"e608\": {\n      \"role\": \"paragraph\"\n    },\n    \"e611\": {\n      \"role\": \"button\",\n      \"name\": \"Invite Joseph N. to connect\"\n    },\n    \"e612\": {\n      \"role\": \"generic\"\n    },\n    \"e613\": {\n      \"role\": \"img\"\n    },\n    \"e616\": {\n      \"role\": \"generic\"\n    },\n    \"e618\": {\n      \"role\": \"button\",\n      \"name\": \"Remove Joseph N. as a suggestion\"\n    },\n    \"e620\": {\n      \"role\": \"img\"\n    },\n    \"e623\": {\n      \"role\": \"listitem\"\n    },\n    \"e624\": {\n      \"role\": \"generic\"\n    },\n    \"e625\": {\n      \"role\": \"generic\"\n    },\n    \"e626\": {\n      \"role\": \"link\",\n      \"name\": \"Lou is open to work Lou West, Verified Business Management Grad Passionate About Creative, Community-Driven Work | Digital Marketing & Strategy Enthusiast\"\n    },\n    \"e627\": {\n      \"role\": \"generic\"\n    },\n    \"e628\": {\n      \"role\": \"generic\",\n      \"name\": \"Lou is open to work\"\n    },\n    \"e629\": {\n      \"role\": \"figure\"\n    },\n    \"e630\": {\n      \"role\": \"img\"\n    },\n    \"e636\": {\n      \"role\": \"figure\"\n    },\n    \"e637\": {\n      \"role\": \"generic\"\n    },\n    \"e639\": {\n      \"role\": \"paragraph\"\n    },\n    \"e640\": {\n      \"role\": \"generic\"\n    },\n    \"e641\": {\n      \"role\": \"generic\"\n    },\n    \"e643\": {\n      \"role\": \"img\"\n    },\n    \"e646\": {\n      \"role\": \"paragraph\"\n    },\n    \"e649\": {\n      \"role\": \"button\",\n      \"name\": \"Invite Lou West to connect\"\n    },\n    \"e650\": {\n      \"role\": \"generic\"\n    },\n    \"e651\": {\n      \"role\": \"img\"\n    },\n    \"e654\": {\n      \"role\": \"generic\"\n    },\n    \"e656\": {\n      \"role\": \"button\",\n      \"name\": \"Remove Lou West as a suggestion\"\n    },\n    \"e658\": {\n      \"role\": \"img\"\n    },\n    \"e661\": {\n      \"role\": \"listitem\"\n    },\n    \"e662\": {\n      \"role\": \"generic\"\n    },\n    \"e663\": {\n      \"role\": \"generic\"\n    },\n    \"e664\": {\n      \"role\": \"link\",\n      \"name\": \"Jermaine Bruno --\"\n    },\n    \"e665\": {\n      \"role\": \"generic\"\n    },\n    \"e666\": {\n      \"role\": \"generic\"\n    },\n    \"e667\": {\n      \"role\": \"figure\"\n    },\n    \"e668\": {\n      \"role\": \"figure\"\n    },\n    \"e669\": {\n      \"role\": \"generic\"\n    },\n    \"e671\": {\n      \"role\": \"paragraph\"\n    },\n    \"e672\": {\n      \"role\": \"generic\"\n    },\n    \"e674\": {\n      \"role\": \"paragraph\"\n    },\n    \"e677\": {\n      \"role\": \"button\",\n      \"name\": \"Invite Jermaine Bruno to connect\"\n    },\n    \"e678\": {\n      \"role\": \"generic\"\n    },\n    \"e679\": {\n      \"role\": \"img\"\n    },\n    \"e682\": {\n      \"role\": \"generic\"\n    },\n    \"e684\": {\n      \"role\": \"button\",\n      \"name\": \"Remove Jermaine Bruno as a suggestion\"\n    },\n    \"e686\": {\n      \"role\": \"img\"\n    },\n    \"e689\": {\n      \"role\": \"listitem\"\n    },\n    \"e690\": {\n      \"role\": \"generic\"\n    },\n    \"e691\": {\n      \"role\": \"generic\"\n    },\n    \"e692\": {\n      \"role\": \"link\",\n      \"name\": \"Kevin Geiger, Verified Co-Founder @ Blue Wave 🌊\"\n    },\n    \"e693\": {\n      \"role\": \"generic\"\n    },\n    \"e694\": {\n      \"role\": \"generic\"\n    },\n    \"e695\": {\n      \"role\": \"figure\"\n    },\n    \"e696\": {\n      \"role\": \"figure\"\n    },\n    \"e697\": {\n      \"role\": \"generic\"\n    },\n    \"e699\": {\n      \"role\": \"paragraph\"\n    },\n    \"e700\": {\n      \"role\": \"generic\"\n    },\n    \"e701\": {\n      \"role\": \"generic\"\n    },\n    \"e703\": {\n      \"role\": \"img\"\n    },\n    \"e706\": {\n      \"role\": \"paragraph\"\n    },\n    \"e709\": {\n      \"role\": \"button\",\n      \"name\": \"Invite Kevin Geiger to connect\"\n    },\n    \"e710\": {\n      \"role\": \"generic\"\n    },\n    \"e711\": {\n      \"role\": \"img\"\n    },\n    \"e714\": {\n      \"role\": \"generic\"\n    },\n    \"e716\": {\n      \"role\": \"button\",\n      \"name\": \"Remove Kevin Geiger as a suggestion\"\n    },\n    \"e718\": {\n      \"role\": \"img\"\n    },\n    \"e721\": {\n      \"role\": \"listitem\"\n    },\n    \"e722\": {\n      \"role\": \"generic\"\n    },\n    \"e723\": {\n      \"role\": \"generic\"\n    },\n    \"e724\": {\n      \"role\": \"link\",\n      \"name\": \"Juan Trejo, Verified Buyer | Aerospace & Manufacturing | Supply Chain Management\"\n    },\n    \"e725\": {\n      \"role\": \"generic\"\n    },\n    \"e726\": {\n      \"role\": \"generic\"\n    },\n    \"e727\": {\n      \"role\": \"figure\"\n    },\n    \"e728\": {\n      \"role\": \"figure\"\n    },\n    \"e729\": {\n      \"role\": \"generic\"\n    },\n    \"e731\": {\n      \"role\": \"paragraph\"\n    },\n    \"e732\": {\n      \"role\": \"generic\"\n    },\n    \"e733\": {\n      \"role\": \"generic\"\n    },\n    \"e735\": {\n      \"role\": \"img\"\n    },\n    \"e738\": {\n      \"role\": \"paragraph\"\n    },\n    \"e741\": {\n      \"role\": \"button\",\n      \"name\": \"Invite Juan Trejo to connect\"\n    },\n    \"e742\": {\n      \"role\": \"generic\"\n    },\n    \"e743\": {\n      \"role\": \"img\"\n    },\n    \"e746\": {\n      \"role\": \"generic\"\n    },\n    \"e748\": {\n      \"role\": \"button\",\n      \"name\": \"Remove Juan Trejo as a suggestion\"\n    },\n    \"e750\": {\n      \"role\": \"img\"\n    },\n    \"e753\": {\n      \"role\": \"listitem\"\n    },\n    \"e754\": {\n      \"role\": \"generic\"\n    },\n    \"e755\": {\n      \"role\": \"generic\"\n    },\n    \"e756\": {\n      \"role\": \"link\",\n      \"name\": \"Konrad Fijołek Prezydent Miasta Rzeszów\"\n    },\n    \"e757\": {\n      \"role\": \"generic\"\n    },\n    \"e758\": {\n      \"role\": \"generic\"\n    },\n    \"e759\": {\n      \"role\": \"figure\"\n    },\n    \"e760\": {\n      \"role\": \"figure\"\n    },\n    \"e761\": {\n      \"role\": \"generic\"\n    },\n    \"e763\": {\n      \"role\": \"paragraph\"\n    },\n    \"e764\": {\n      \"role\": \"generic\"\n    },\n    \"e766\": {\n      \"role\": \"paragraph\"\n    },\n    \"e769\": {\n      \"role\": \"button\",\n      \"name\": \"Invite Konrad Fijołek to connect\"\n    },\n    \"e770\": {\n      \"role\": \"generic\"\n    },\n    \"e771\": {\n      \"role\": \"img\"\n    },\n    \"e774\": {\n      \"role\": \"generic\"\n    },\n    \"e776\": {\n      \"role\": \"button\",\n      \"name\": \"Remove Konrad Fijołek as a suggestion\"\n    },\n    \"e778\": {\n      \"role\": \"img\"\n    },\n    \"e782\": {\n      \"role\": \"generic\"\n    },\n    \"e784\": {\n      \"role\": \"generic\"\n    },\n    \"e785\": {\n      \"role\": \"heading\",\n      \"name\": \"Popular on LinkedIn\"\n    },\n    \"e786\": {\n      \"role\": \"link\",\n      \"name\": \"Show all suggestions for Popular on LinkedIn\"\n    },\n    \"e788\": {\n      \"role\": \"generic\"\n    },\n    \"e789\": {\n      \"role\": \"list\"\n    },\n    \"e791\": {\n      \"role\": \"listitem\"\n    },\n    \"e792\": {\n      \"role\": \"generic\"\n    },\n    \"e793\": {\n      \"role\": \"generic\"\n    },\n    \"e794\": {\n      \"role\": \"link\",\n      \"name\": \"Tomasz Rożek, PhD Nauka To Lubie\"\n    },\n    \"e795\": {\n      \"role\": \"generic\"\n    },\n    \"e796\": {\n      \"role\": \"generic\"\n    },\n    \"e797\": {\n      \"role\": \"figure\"\n    },\n    \"e798\": {\n      \"role\": \"img\"\n    },\n    \"e804\": {\n      \"role\": \"figure\"\n    },\n    \"e805\": {\n      \"role\": \"generic\"\n    },\n    \"e807\": {\n      \"role\": \"paragraph\"\n    },\n    \"e808\": {\n      \"role\": \"generic\"\n    },\n    \"e810\": {\n      \"role\": \"paragraph\"\n    },\n    \"e811\": {\n      \"role\": \"generic\"\n    },\n    \"e814\": {\n      \"role\": \"paragraph\"\n    },\n    \"e816\": {\n      \"role\": \"button\",\n      \"name\": \"Follow Tomasz Rożek, PhD\"\n    },\n    \"e817\": {\n      \"role\": \"generic\"\n    },\n    \"e818\": {\n      \"role\": \"img\"\n    },\n    \"e821\": {\n      \"role\": \"generic\"\n    },\n    \"e823\": {\n      \"role\": \"button\",\n      \"name\": \"Remove Tomasz Rożek, PhD as a suggestion\"\n    },\n    \"e825\": {\n      \"role\": \"img\"\n    },\n    \"e828\": {\n      \"role\": \"listitem\"\n    },\n    \"e829\": {\n      \"role\": \"generic\"\n    },\n    \"e830\": {\n      \"role\": \"generic\"\n    },\n    \"e831\": {\n      \"role\": \"link\",\n      \"name\": \"Szymon Szczesniak, Premium CEO at CodeTwo / JSON at HRejterzy\"\n    },\n    \"e832\": {\n      \"role\": \"generic\"\n    },\n    \"e833\": {\n      \"role\": \"generic\"\n    },\n    \"e834\": {\n      \"role\": \"figure\"\n    },\n    \"e835\": {\n      \"role\": \"img\"\n    },\n    \"e841\": {\n      \"role\": \"figure\"\n    },\n    \"e842\": {\n      \"role\": \"generic\"\n    },\n    \"e844\": {\n      \"role\": \"paragraph\"\n    },\n    \"e845\": {\n      \"role\": \"generic\"\n    },\n    \"e846\": {\n      \"role\": \"generic\"\n    },\n    \"e848\": {\n      \"role\": \"img\"\n    },\n    \"e851\": {\n      \"role\": \"paragraph\"\n    },\n    \"e852\": {\n      \"role\": \"generic\"\n    },\n    \"e855\": {\n      \"role\": \"paragraph\"\n    },\n    \"e857\": {\n      \"role\": \"button\",\n      \"name\": \"Follow Szymon Szczesniak\"\n    },\n    \"e858\": {\n      \"role\": \"generic\"\n    },\n    \"e859\": {\n      \"role\": \"img\"\n    },\n    \"e862\": {\n      \"role\": \"generic\"\n    },\n    \"e864\": {\n      \"role\": \"button\",\n      \"name\": \"Remove Szymon Szczesniak as a suggestion\"\n    },\n    \"e866\": {\n      \"role\": \"img\"\n    },\n    \"e869\": {\n      \"role\": \"listitem\"\n    },\n    \"e870\": {\n      \"role\": \"generic\"\n    },\n    \"e871\": {\n      \"role\": \"generic\"\n    },\n    \"e872\": {\n      \"role\": \"link\",\n      \"name\": \"Maciej Sawicki, Verified Async orgs & Remote-first leadership | Founder inStreamly | Gaming & new tech\"\n    },\n    \"e873\": {\n      \"role\": \"generic\"\n    },\n    \"e874\": {\n      \"role\": \"generic\"\n    },\n    \"e875\": {\n      \"role\": \"figure\"\n    },\n    \"e876\": {\n      \"role\": \"figure\"\n    },\n    \"e877\": {\n      \"role\": \"generic\"\n    },\n    \"e879\": {\n      \"role\": \"paragraph\"\n    },\n    \"e880\": {\n      \"role\": \"generic\"\n    },\n    \"e881\": {\n      \"role\": \"generic\"\n    },\n    \"e883\": {\n      \"role\": \"img\"\n    },\n    \"e886\": {\n      \"role\": \"paragraph\"\n    },\n    \"e887\": {\n      \"role\": \"generic\"\n    },\n    \"e890\": {\n      \"role\": \"paragraph\"\n    },\n    \"e892\": {\n      \"role\": \"button\",\n      \"name\": \"Follow Maciej Sawicki\"\n    },\n    \"e893\": {\n      \"role\": \"generic\"\n    },\n    \"e894\": {\n      \"role\": \"img\"\n    },\n    \"e897\": {\n      \"role\": \"generic\"\n    },\n    \"e899\": {\n      \"role\": \"button\",\n      \"name\": \"Remove Maciej Sawicki as a suggestion\"\n    },\n    \"e901\": {\n      \"role\": \"img\"\n    },\n    \"e904\": {\n      \"role\": \"listitem\"\n    },\n    \"e905\": {\n      \"role\": \"generic\"\n    },\n    \"e906\": {\n      \"role\": \"generic\"\n    },\n    \"e907\": {\n      \"role\": \"link\",\n      \"name\": \"Dr Maciej Kawecki, Verified Founder of This is it | This Is World President of the Lem Institute\"\n    },\n    \"e908\": {\n      \"role\": \"generic\"\n    },\n    \"e909\": {\n      \"role\": \"generic\"\n    },\n    \"e910\": {\n      \"role\": \"figure\"\n    },\n    \"e911\": {\n      \"role\": \"figure\"\n    },\n    \"e912\": {\n      \"role\": \"img\"\n    },\n    \"e918\": {\n      \"role\": \"generic\"\n    },\n    \"e920\": {\n      \"role\": \"paragraph\"\n    },\n    \"e921\": {\n      \"role\": \"generic\"\n    },\n    \"e922\": {\n      \"role\": \"generic\"\n    },\n    \"e924\": {\n      \"role\": \"img\"\n    },\n    \"e927\": {\n      \"role\": \"paragraph\"\n    },\n    \"e928\": {\n      \"role\": \"generic\"\n    },\n    \"e931\": {\n      \"role\": \"paragraph\"\n    },\n    \"e933\": {\n      \"role\": \"button\",\n      \"name\": \"Follow Dr Maciej Kawecki\"\n    },\n    \"e934\": {\n      \"role\": \"generic\"\n    },\n    \"e935\": {\n      \"role\": \"img\"\n    },\n    \"e938\": {\n      \"role\": \"generic\"\n    },\n    \"e940\": {\n      \"role\": \"button\",\n      \"name\": \"Remove Dr Maciej Kawecki as a suggestion\"\n    },\n    \"e942\": {\n      \"role\": \"img\"\n    },\n    \"e945\": {\n      \"role\": \"listitem\"\n    },\n    \"e946\": {\n      \"role\": \"generic\"\n    },\n    \"e947\": {\n      \"role\": \"generic\"\n    },\n    \"e948\": {\n      \"role\": \"link\",\n      \"name\": \"Martyna Wojciechowska, Premium Journalist, filmmaker, activist, founder of UNAWEZA Foundation\"\n    },\n    \"e949\": {\n      \"role\": \"generic\"\n    },\n    \"e950\": {\n      \"role\": \"generic\"\n    },\n    \"e951\": {\n      \"role\": \"figure\"\n    },\n    \"e952\": {\n      \"role\": \"figure\"\n    },\n    \"e953\": {\n      \"role\": \"generic\"\n    },\n    \"e955\": {\n      \"role\": \"paragraph\"\n    },\n    \"e956\": {\n      \"role\": \"generic\"\n    },\n    \"e957\": {\n      \"role\": \"generic\"\n    },\n    \"e959\": {\n      \"role\": \"img\"\n    },\n    \"e962\": {\n      \"role\": \"paragraph\"\n    },\n    \"e963\": {\n      \"role\": \"generic\"\n    },\n    \"e966\": {\n      \"role\": \"paragraph\"\n    },\n    \"e968\": {\n      \"role\": \"button\",\n      \"name\": \"Follow Martyna Wojciechowska\"\n    },\n    \"e969\": {\n      \"role\": \"generic\"\n    },\n    \"e970\": {\n      \"role\": \"img\"\n    },\n    \"e973\": {\n      \"role\": \"generic\"\n    },\n    \"e975\": {\n      \"role\": \"button\",\n      \"name\": \"Remove Martyna Wojciechowska as a suggestion\"\n    },\n    \"e977\": {\n      \"role\": \"img\"\n    },\n    \"e980\": {\n      \"role\": \"listitem\"\n    },\n    \"e981\": {\n      \"role\": \"generic\"\n    },\n    \"e982\": {\n      \"role\": \"generic\"\n    },\n    \"e983\": {\n      \"role\": \"link\",\n      \"name\": \"Kinga Szostko, Premium 📱 Analiza i monitoring social mediów 🌿 OSINT 🚨 Przemoc rówieśnicza ⚠️ Ochrona dzieci w sieci 🌐 Portal bezpiecznedziecko.org 🫴 Fundacja Prospoleczna.org 📲 Aplikacja KidsAlert 🫆\"\n    },\n    \"e984\": {\n      \"role\": \"generic\"\n    },\n    \"e985\": {\n      \"role\": \"generic\"\n    },\n    \"e986\": {\n      \"role\": \"figure\"\n    },\n    \"e987\": {\n      \"role\": \"figure\"\n    },\n    \"e988\": {\n      \"role\": \"generic\"\n    },\n    \"e990\": {\n      \"role\": \"paragraph\"\n    },\n    \"e991\": {\n      \"role\": \"generic\"\n    },\n    \"e992\": {\n      \"role\": \"generic\"\n    },\n    \"e994\": {\n      \"role\": \"img\"\n    },\n    \"e997\": {\n      \"role\": \"paragraph\"\n    },\n    \"e998\": {\n      \"role\": \"generic\"\n    },\n    \"e1001\": {\n      \"role\": \"paragraph\"\n    },\n    \"e1003\": {\n      \"role\": \"button\",\n      \"name\": \"Follow Kinga Szostko\"\n    },\n    \"e1004\": {\n      \"role\": \"generic\"\n    },\n    \"e1005\": {\n      \"role\": \"img\"\n    },\n    \"e1008\": {\n      \"role\": \"generic\"\n    },\n    \"e1010\": {\n      \"role\": \"button\",\n      \"name\": \"Remove Kinga Szostko as a suggestion\"\n    },\n    \"e1012\": {\n      \"role\": \"img\"\n    },\n    \"e1015\": {\n      \"role\": \"button\",\n      \"name\": \"Load more\"\n    },\n    \"e1017\": {\n      \"role\": \"generic\"\n    },\n    \"e1019\": {\n      \"role\": \"generic\"\n    },\n    \"e1021\": {\n      \"role\": \"generic\"\n    },\n    \"e1022\": {\n      \"role\": \"generic\"\n    },\n    \"e1023\": {\n      \"role\": \"img\",\n      \"name\": \"Petr Petrovich\"\n    },\n    \"e1025\": {\n      \"role\": \"generic\"\n    },\n    \"e1026\": {\n      \"role\": \"button\",\n      \"name\": \"You are on the messaging overlay. Press enter to open the list of conversations.\"\n    },\n    \"e1027\": {\n      \"role\": \"generic\"\n    },\n    \"e1028\": {\n      \"role\": \"generic\"\n    },\n    \"e1029\": {\n      \"role\": \"generic\"\n    },\n    \"e1030\": {\n      \"role\": \"generic\"\n    },\n    \"e1032\": {\n      \"role\": \"button\",\n      \"name\": \"Open messenger dropdown menu\"\n    },\n    \"e1033\": {\n      \"role\": \"img\",\n      \"name\": \"Open messenger dropdown menu\"\n    },\n    \"e1036\": {\n      \"role\": \"button\",\n      \"name\": \"Compose message\"\n    },\n    \"e1037\": {\n      \"role\": \"img\"\n    },\n    \"e1039\": {\n      \"role\": \"generic\"\n    },\n    \"e1040\": {\n      \"role\": \"button\",\n      \"name\": \"You are on the messaging overlay. Press enter to open the list of conversations.\"\n    },\n    \"e1041\": {\n      \"role\": \"img\"\n    },\n    \"e1043\": {\n      \"role\": \"generic\"\n    },\n    \"e1044\": {\n      \"role\": \"iframe\"\n    }\n  }\n}","stderr":""}
[2026-03-16T02:06:28.952Z] COMMAND {"command":"C:\\nvm4w\\nodejs\\node.exe","commandArgs":["C:\\nvm4w\\nodejs\\node_modules\\openclaw\\openclaw.mjs","browser","--browser-profile","chrome","--token","[masked]","snapshot","--target-id","90639ED977B1BEF43E8F48BE5157CF53","--limit","800","--json"],"openClawArgs":["browser","--browser-profile","chrome","--token","[masked]","snapshot","--target-id","90639ED977B1BEF43E8F48BE5157CF53","--limit","800","--json"],"expectsJson":true}
[2026-03-16T02:06:30.527Z] RESPONSE {"command":"C:\\nvm4w\\nodejs\\node.exe","commandArgs":["C:\\nvm4w\\nodejs\\node_modules\\openclaw\\openclaw.mjs","browser","--browser-profile","chrome","--token","[masked]","snapshot","--target-id","90639ED977B1BEF43E8F48BE5157CF53","--limit","800","--json"],"exitCode":0,"stdout":"{\n  \"ok\": true,\n  \"format\": \"ai\",\n  \"targetId\": \"90639ED977B1BEF43E8F48BE5157CF53\",\n  \"url\": \"https://www.linkedin.com/feed/\",\n  \"snapshot\": \"- generic [ref=e2]:\\n  - heading \\\"0 notifications\\\" [level=2] [ref=e3]\\n  - generic [ref=e4]:\\n    - generic:\\n      - button [ref=e5] [cursor=pointer]:\\n        - generic [ref=e7]: Skip to main content\\n      - button [ref=e8] [cursor=pointer]:\\n        - img [ref=e10]\\n    - generic [ref=e12]:\\n      - banner [ref=e14]:\\n        - generic [ref=e17]:\\n          - button \\\"LinkedIn\\\" [ref=e18] [cursor=pointer]:\\n            - img \\\"LinkedIn\\\" [ref=e19]\\n          - search [ref=e22]:\\n            - generic [ref=e23]:\\n              - img [ref=e25]\\n              - textbox \\\"Search\\\" [ref=e27]\\n          - generic [ref=e29]:\\n            - figure [ref=e34]\\n            - navigation [ref=e37]:\\n              - list [ref=e38]:\\n                - listitem [ref=e39]:\\n                  - button \\\"Home, 1 new notification\\\" [ref=e40] [cursor=pointer]:\\n                    - img [ref=e42]\\n                    - generic [ref=e46]: Home\\n                - listitem [ref=e47]:\\n                  - link \\\"My Network, 0 new notifications\\\" [ref=e48] [cursor=pointer]:\\n                    - /url: https://www.linkedin.com/mynetwork\\n                    - img [ref=e50]\\n                    - generic [ref=e53]: My Network\\n                - listitem [ref=e54]:\\n                  - button \\\"Jobs, 0 new notifications\\\" [ref=e55] [cursor=pointer]:\\n                    - img [ref=e57]\\n                    - generic [ref=e60]: Jobs\\n                - listitem [ref=e61]:\\n                  - link \\\"Messaging, 0 new notifications\\\" [ref=e62] [cursor=pointer]:\\n                    - /url: https://www.linkedin.com/messaging/\\n                    - img [ref=e64]\\n                    - generic [ref=e67]: Messaging\\n                - listitem [ref=e68]:\\n                  - link \\\"Notifications, 0 new notifications\\\" [ref=e69] [cursor=pointer]:\\n                    - /url: https://www.linkedin.com/notifications/\\n                    - img [ref=e71]\\n                    - generic [ref=e74]: Notifications\\n                - listitem [ref=e75]:\\n                  - button \\\"Me\\\" [ref=e76] [cursor=pointer]:\\n                    - figure [ref=e78]\\n                    - generic [ref=e80]:\\n                      - text: Me\\n                      - img [ref=e81]\\n            - generic [ref=e84]:\\n              - navigation [ref=e85]:\\n                - list [ref=e86]:\\n                  - listitem [ref=e87]:\\n                    - button \\\"For Business\\\" [ref=e88] [cursor=pointer]:\\n                      - img [ref=e90]\\n                      - generic [ref=e93]:\\n                        - text: For Business\\n                        - img [ref=e94]\\n              - link \\\"Try Premium for zł 0\\\" [ref=e97] [cursor=pointer]:\\n                - /url: https://www.linkedin.com/premium/products/?upsellOrderOrigin=Tracking%3Av1%3Apremium_nav_upsell_text%3ANav%3AIn-Product&referenceId=0WkMh2eIT4GQNg053WkXyg%3D%3D&isSS=false\\n                - generic [ref=e98]:\\n                  - img [ref=e99]\\n                  - paragraph [ref=e103]: Try Premium for zł 0\\n      - main [ref=e105]:\\n        - generic [ref=e107]:\\n          - generic [ref=e111]:\\n            - generic [ref=e116]:\\n              - generic [ref=e117]:\\n                - paragraph [ref=e118]: Network overview\\n                - generic [ref=e119]:\\n                  - generic [ref=e120]:\\n                    - paragraph [ref=e121]: \\\"0\\\"\\n                    - paragraph [ref=e122]: Invites sent\\n                  - link \\\"0 Connections\\\" [ref=e123] [cursor=pointer]:\\n                    - /url: https://www.linkedin.com/mynetwork/invite-connect/connections\\n                    - generic [ref=e124]:\\n                      - paragraph [ref=e125]: \\\"0\\\"\\n                      - paragraph [ref=e126]: Connections\\n                  - link \\\"0 Following\\\" [ref=e127] [cursor=pointer]:\\n                    - /url: https://www.linkedin.com/mynetwork/network-manager/people-follow/?filterType=member\\n                    - generic [ref=e128]:\\n                      - paragraph [ref=e129]: \\\"0\\\"\\n                      - paragraph [ref=e130]: Following\\n              - button \\\"Show more\\\" [ref=e132] [cursor=pointer]:\\n                - generic [ref=e133]:\\n                  - img [ref=e134]\\n                  - generic [ref=e136]: Show more\\n            - iframe [ref=e139]:\\n              - link \\\"Advertise on LinkedIn\\\" [ref=f218e3] [cursor=pointer]:\\n                - /url: https://www.linkedin.com/jobs/?trk=li_FA_global_careers_jobsgtm_jsFA_v1&mcid=6899045044465016833\\n                - img \\\"Advertise on LinkedIn\\\" [ref=f218e4]\\n            - generic [ref=e140]:\\n              - generic [ref=e141]:\\n                - link \\\"About\\\" [ref=e142] [cursor=pointer]:\\n                  - /url: https://about.linkedin.com/\\n                  - paragraph [ref=e143]: About\\n                - link \\\"Accessibility\\\" [ref=e144] [cursor=pointer]:\\n                  - /url: https://www.linkedin.com/accessibility/\\n                  - paragraph [ref=e145]: Accessibility\\n                - link \\\"Help Center\\\" [ref=e146] [cursor=pointer]:\\n                  - /url: https://www.linkedin.com/help/linkedin/\\n                  - paragraph [ref=e147]: Help Center\\n                - button \\\"Privacy & Terms\\\" [ref=e148] [cursor=pointer]:\\n                  - generic [ref=e149]:\\n                    - paragraph [ref=e150]: Privacy & Terms\\n                    - img [ref=e151]\\n                - link \\\"Ad Choices\\\" [ref=e153] [cursor=pointer]:\\n                  - /url: https://www.linkedin.com/help/linkedin/answer/62931/\\n                  - paragraph [ref=e154]: Ad Choices\\n                - link \\\"Advertising\\\" [ref=e155] [cursor=pointer]:\\n                  - /url: https://www.linkedin.com/ad/start/?trk=n_nav_ads_rr\\n                  - paragraph [ref=e156]: Advertising\\n                - button \\\"Business Services\\\" [ref=e157] [cursor=pointer]:\\n                  - generic [ref=e158]:\\n                    - paragraph [ref=e159]: Business Services\\n                    - img [ref=e160]\\n                - link \\\"Get the LinkedIn app\\\" [ref=e162] [cursor=pointer]:\\n                  - /url: https://www.linkedin.com/mobile/\\n                  - paragraph [ref=e163]: Get the LinkedIn app\\n                - link \\\"More\\\" [ref=e164] [cursor=pointer]:\\n                  - /url: https://www.linkedin.com/mynetwork/grow/\\n                  - paragraph [ref=e165]: More\\n              - generic [ref=e166]:\\n                - img [ref=e167]\\n                - paragraph [ref=e169]: LinkedIn Corporation © 2026\\n          - generic [ref=e173]:\\n            - generic [ref=e180]:\\n              - generic [ref=e181]:\\n                - paragraph [ref=e182]: Invite 5 of your colleagues to connect today\\n                - paragraph [ref=e183]: More connections means more opportunities. Start with friends, teammates, and managers.\\n              - generic [ref=e184]:\\n                - generic [ref=e185]:\\n                  - link \\\"1\\\" [ref=e188] [cursor=pointer]:\\n                    - /url: https://www.linkedin.com/mynetwork/upload-contacts-auth/?importOrigin=MyNetworkOnboarding\\n                    - paragraph [ref=e191]: \\\"1\\\"\\n                  - link \\\"2\\\" [ref=e194] [cursor=pointer]:\\n                    - /url: https://www.linkedin.com/mynetwork/upload-contacts-auth/?importOrigin=MyNetworkOnboarding\\n                    - paragraph [ref=e197]: \\\"2\\\"\\n                  - link \\\"3\\\" [ref=e200] [cursor=pointer]:\\n                    - /url: https://www.linkedin.com/mynetwork/upload-contacts-auth/?importOrigin=MyNetworkOnboarding\\n                    - paragraph [ref=e203]: \\\"3\\\"\\n                  - link \\\"4\\\" [ref=e206] [cursor=pointer]:\\n                    - /url: https://www.linkedin.com/mynetwork/upload-contacts-auth/?importOrigin=MyNetworkOnboarding\\n                    - paragraph [ref=e209]: \\\"4\\\"\\n                  - link \\\"5\\\" [ref=e212] [cursor=pointer]:\\n                    - /url: https://www.linkedin.com/mynetwork/upload-contacts-auth/?importOrigin=MyNetworkOnboarding\\n                    - paragraph [ref=e215]: \\\"5\\\"\\n                - link \\\"Search for people you know\\\" [ref=e216] [cursor=pointer]:\\n                  - /url: https://www.linkedin.com/mynetwork/grow/\\n                  - generic [ref=e217]:\\n                    - img [ref=e218]\\n                    - generic [ref=e220]: Search for people you know\\n            - generic [ref=e225]:\\n              - generic [ref=e226]:\\n                - heading \\\"No pending invitations\\\" [level=2] [ref=e228]\\n                - link \\\"Manage all invitations\\\" [ref=e229] [cursor=pointer]:\\n                  - /url: https://www.linkedin.com/mynetwork/invitation-manager/\\n                  - generic [ref=e231]: Manage\\n              - list\\n            - generic [ref=e234]:\\n              - generic [ref=e236]:\\n                - heading \\\"People you may know in Warsaw Metropolitan Area\\\" [level=3] [ref=e237]\\n                - link \\\"Show all suggestions for People you may know in Warsaw Metropolitan Area\\\" [ref=e238] [cursor=pointer]:\\n                  - /url: https://www.linkedin.com/mynetwork/grow/\\n                  - generic [ref=e240]: Show all\\n              - list [ref=e241]:\\n                - listitem [ref=e243]:\\n                  - generic [ref=e244]:\\n                    - generic [ref=e245]:\\n                      - link \\\"Jakub P., Premium IT Service Delivery Management\\\" [ref=e246] [cursor=pointer]:\\n                        - /url: https://www.linkedin.com/in/jakubpacholski/\\n                        - generic [ref=e247]:\\n                          - generic [ref=e248]:\\n                            - figure [ref=e249]\\n                            - figure [ref=e250]:\\n                              - img [ref=e251]\\n                          - generic [ref=e257]:\\n                            - paragraph [ref=e259]:\\n                              - generic [ref=e260]: Jakub P., Premium\\n                              - generic [ref=e261]:\\n                                - text: Jakub P.\\n                                - img [ref=e263]\\n                            - paragraph [ref=e266]: IT Service Delivery Management\\n                      - button \\\"Invite Jakub P. to connect\\\" [ref=e269] [cursor=pointer]:\\n                        - generic [ref=e270]:\\n                          - img [ref=e271]\\n                          - generic [ref=e274]: Connect\\n                    - button \\\"Remove Jakub P. as a suggestion\\\" [ref=e276] [cursor=pointer]:\\n                      - img [ref=e278]\\n                - listitem [ref=e281]:\\n                  - generic [ref=e282]:\\n                    - generic [ref=e283]:\\n                      - link \\\"Sławomir Dec, Verified Cybersecurity|CISSP\\\" [ref=e284] [cursor=pointer]:\\n                        - /url: https://www.linkedin.com/in/s%C5%82awomir-dec/\\n                        - generic [ref=e285]:\\n                          - generic [ref=e286]:\\n                            - figure [ref=e287]\\n                            - figure [ref=e288]\\n                          - generic [ref=e289]:\\n                            - paragraph [ref=e291]:\\n                              - generic [ref=e292]: Sławomir Dec, Verified\\n                              - generic [ref=e293]:\\n                                - text: Sławomir Dec\\n                                - img [ref=e295]\\n                            - paragraph [ref=e298]: Cybersecurity|CISSP\\n                      - button \\\"Invite Sławomir Dec to connect\\\" [ref=e301] [cursor=pointer]:\\n                        - generic [ref=e302]:\\n                          - img [ref=e303]\\n                          - generic [ref=e306]: Connect\\n                    - button \\\"Remove Sławomir Dec as a suggestion\\\" [ref=e308] [cursor=pointer]:\\n                      - img [ref=e310]\\n                - listitem [ref=e313]:\\n                  - generic [ref=e314]:\\n                    - generic [ref=e315]:\\n                      - link \\\"Adam Szafara Helping businesses to raise its digital potential🌏\\\" [ref=e316] [cursor=pointer]:\\n                        - /url: https://www.linkedin.com/in/szafara/\\n                        - generic [ref=e317]:\\n                          - generic [ref=e318]:\\n                            - figure [ref=e319]\\n                            - figure [ref=e320]:\\n                              - img [ref=e321]\\n                          - generic [ref=e327]:\\n                            - paragraph [ref=e329]:\\n                              - generic [ref=e330]: Adam Szafara\\n                              - text: Adam Szafara\\n                            - paragraph [ref=e332]: Helping businesses to raise its digital potential🌏\\n                      - button \\\"Invite Adam Szafara to connect\\\" [ref=e335] [cursor=pointer]:\\n                        - generic [ref=e336]:\\n                          - img [ref=e337]\\n                          - generic [ref=e340]: Connect\\n                    - button \\\"Remove Adam Szafara as a suggestion\\\" [ref=e342] [cursor=pointer]:\\n                      - img [ref=e344]\\n                - listitem [ref=e347]:\\n                  - generic [ref=e348]:\\n                    - generic [ref=e349]:\\n                      - link \\\"Andrzej Jargiło Specjalista magazynier\\\" [ref=e350] [cursor=pointer]:\\n                        - /url: https://www.linkedin.com/in/andrzej-jargi%C5%82o-b6b546100/\\n                        - generic [ref=e351]:\\n                          - generic [ref=e352]:\\n                            - figure [ref=e353]\\n                            - figure [ref=e354]\\n                          - generic [ref=e355]:\\n                            - paragraph [ref=e357]:\\n                              - generic [ref=e358]: Andrzej Jargiło\\n                              - text: Andrzej Jargiło\\n                            - paragraph [ref=e360]: Specjalista magazynier\\n                      - button \\\"Invite Andrzej Jargiło to connect\\\" [ref=e363] [cursor=pointer]:\\n                        - generic [ref=e364]:\\n                          - img [ref=e365]\\n                          - generic [ref=e368]: Connect\\n                    - button \\\"Remove Andrzej Jargiło as a suggestion\\\" [ref=e370] [cursor=pointer]:\\n                      - img [ref=e372]\\n                - listitem [ref=e375]:\\n                  - generic [ref=e376]:\\n                    - generic [ref=e377]:\\n                      - link \\\"Marcin Owsianka, Verified Business Development Manager at Ledatel\\\" [ref=e378] [cursor=pointer]:\\n                        - /url: https://www.linkedin.com/in/marcin-owsianka/\\n                        - generic [ref=e379]:\\n                          - generic [ref=e380]:\\n                            - figure [ref=e381]\\n                            - figure [ref=e382]\\n                          - generic [ref=e383]:\\n                            - paragraph [ref=e385]:\\n                              - generic [ref=e386]: Marcin Owsianka, Verified\\n                              - generic [ref=e387]:\\n                                - text: Marcin Owsianka\\n                                - img [ref=e389]\\n                            - paragraph [ref=e392]: Business Development Manager at Ledatel\\n                      - button \\\"Invite Marcin Owsianka to connect\\\" [ref=e395] [cursor=pointer]:\\n                        - generic [ref=e396]:\\n                          - img [ref=e397]\\n                          - generic [ref=e400]: Connect\\n                    - button \\\"Remove Marcin Owsianka as a suggestion\\\" [ref=e402] [cursor=pointer]:\\n                      - img [ref=e404]\\n                - listitem [ref=e407]:\\n                  - generic [ref=e408]:\\n                    - generic [ref=e409]:\\n                      - link \\\"Natallia Zhalabkovich, Verified Data Engineering\\\" [ref=e410] [cursor=pointer]:\\n                        - /url: https://www.linkedin.com/in/natallia-zhalabkovich/\\n                        - generic [ref=e411]:\\n                          - generic [ref=e412]:\\n                            - figure [ref=e413]:\\n                              - img [ref=e414]\\n                            - figure [ref=e420]\\n                          - generic [ref=e421]:\\n                            - paragraph [ref=e423]:\\n                              - generic [ref=e424]: Natallia Zhalabkovich, Verified\\n                              - generic [ref=e425]:\\n                                - text: Natallia Zhalabkovich\\n                                - img [ref=e427]\\n                            - paragraph [ref=e430]: Data Engineering\\n                      - button \\\"Invite Natallia Zhalabkovich to connect\\\" [ref=e433] [cursor=pointer]:\\n                        - generic [ref=e434]:\\n                          - img [ref=e435]\\n                          - generic [ref=e438]: Connect\\n                    - button \\\"Remove Natallia Zhalabkovich as a suggestion\\\" [ref=e440] [cursor=pointer]:\\n                      - img [ref=e442]\\n                - listitem [ref=e445]:\\n                  - generic [ref=e446]:\\n                    - generic [ref=e447]:\\n                      - link \\\"Jerzy Lipiński, Verified Product Manager at Omnires\\\" [ref=e448] [cursor=pointer]:\\n                        - /url: https://www.linkedin.com/in/jerzylipinski/\\n                        - generic [ref=e449]:\\n                          - generic [ref=e450]:\\n                            - figure [ref=e451]\\n                            - figure [ref=e452]\\n                          - generic [ref=e453]:\\n                            - paragraph [ref=e455]:\\n                              - generic [ref=e456]: Jerzy Lipiński, Verified\\n                              - generic [ref=e457]:\\n                                - text: Jerzy Lipiński\\n                                - img [ref=e459]\\n                            - paragraph [ref=e462]: Product Manager at Omnires\\n                      - button \\\"Invite Jerzy Lipiński to connect\\\" [ref=e465] [cursor=pointer]:\\n                        - generic [ref=e466]:\\n                          - img [ref=e467]\\n                          - generic [ref=e470]: Connect\\n                    - button \\\"Remove Jerzy Lipiński as a suggestion\\\" [ref=e472] [cursor=pointer]:\\n                      - img [ref=e474]\\n                - listitem [ref=e477]:\\n                  - generic [ref=e478]:\\n                    - generic [ref=e479]:\\n                      - link \\\"Mustafa FIRINCI, Verified Sales Manager | 20+ Years in Retail & Customer Management | MBA | Based in Warsaw\\\" [ref=e480] [cursor=pointer]:\\n                        - /url: https://www.linkedin.com/in/mustafafirinci/\\n                        - generic [ref=e481]:\\n                          - generic [ref=e482]:\\n                            - figure [ref=e483]\\n                            - figure [ref=e484]\\n                          - generic [ref=e485]:\\n                            - paragraph [ref=e487]:\\n                              - generic [ref=e488]: Mustafa FIRINCI, Verified\\n                              - generic [ref=e489]:\\n                                - text: Mustafa FIRINCI\\n                                - img [ref=e491]\\n                            - paragraph [ref=e494]: Sales Manager | 20+ Years in Retail & Customer Management | MBA | Based in Warsaw\\n                      - button \\\"Invite Mustafa FIRINCI to connect\\\" [ref=e497] [cursor=pointer]:\\n                        - generic [ref=e498]:\\n                          - img [ref=e499]\\n                          - generic [ref=e502]: Connect\\n                    - button \\\"Remove Mustafa FIRINCI as a suggestion\\\" [ref=e504] [cursor=pointer]:\\n                      - img [ref=e506]\\n            - generic [ref=e510]:\\n              - generic [ref=e512]:\\n                - heading \\\"People you may know based on your recent activity\\\" [level=3] [ref=e513]\\n                - link \\\"Show all suggestions for People you may know based on your recent activity\\\" [ref=e514] [cursor=pointer]:\\n                  - /url: https://www.linkedin.com/mynetwork/grow/\\n                  - generic [ref=e516]: Show all\\n              - list [ref=e517]:\\n                - listitem [ref=e519]:\\n                  - generic [ref=e520]:\\n                    - generic [ref=e521]:\\n                      - link \\\"Trenton is open to work Trenton Murphy, Premium Salesperson @ 1800-Hansons | Sales, Resiliency\\\" [ref=e522] [cursor=pointer]:\\n                        - /url: https://www.linkedin.com/in/trenton-murphy-720280381/\\n                        - generic [ref=e523]:\\n                          - generic \\\"Trenton is open to work\\\" [ref=e524]:\\n                            - figure [ref=e525]:\\n                              - img [ref=e526]\\n                            - figure [ref=e532]\\n                          - generic [ref=e533]:\\n                            - paragraph [ref=e535]:\\n                              - generic [ref=e536]: Trenton Murphy, Premium\\n                              - generic [ref=e537]:\\n                                - text: Trenton Murphy\\n                                - img [ref=e539]\\n                            - paragraph [ref=e542]: Salesperson @ 1800-Hansons | Sales, Resiliency\\n                      - button \\\"Invite Trenton Murphy to connect\\\" [ref=e545] [cursor=pointer]:\\n                        - generic [ref=e546]:\\n                          - img [ref=e547]\\n                          - generic [ref=e550]: Connect\\n                    - button \\\"Remove Trenton Murphy as a suggestion\\\" [ref=e552] [cursor=pointer]:\\n                      - img [ref=e554]\\n                - listitem [ref=e557]:\\n                  - generic [ref=e558]:\\n                    - generic [ref=e559]:\\n                      - link \\\"Mary Joy Erestain Virtual Assistant / Social Media Manager\\\" [ref=e560] [cursor=pointer]:\\n                        - /url: https://www.linkedin.com/in/mary-joy-erestain-22b696227/\\n                        - generic [ref=e561]:\\n                          - generic [ref=e562]:\\n                            - figure [ref=e563]:\\n                              - img [ref=e564]\\n                            - figure [ref=e570]\\n                          - generic [ref=e571]:\\n                            - paragraph [ref=e573]:\\n                              - generic [ref=e574]: Mary Joy Erestain\\n                              - text: Mary Joy Erestain\\n                            - paragraph [ref=e576]: Virtual Assistant / Social Media Manager\\n                      - button \\\"Invite Mary Joy Erestain to connect\\\" [ref=e579] [cursor=pointer]:\\n                        - generic [ref=e580]:\\n                          - img [ref=e581]\\n                          - generic [ref=e584]: Connect\\n                    - button \\\"Remove Mary Joy Erestain as a suggestion\\\" [ref=e586] [cursor=pointer]:\\n                      - img [ref=e588]\\n                - listitem [ref=e591]:\\n                  - generic [ref=e592]:\\n                    - generic [ref=e593]:\\n                      - link \\\"Joseph N., Verified Accounting Professional in San Diego\\\" [ref=e594] [cursor=pointer]:\\n                        - /url: https://www.linkedin.com/in/joseph-n-33364b1aa/\\n                        - generic [ref=e595]:\\n                          - generic [ref=e596]:\\n                            - figure [ref=e597]\\n                            - figure [ref=e598]\\n                          - generic [ref=e599]:\\n                            - paragraph [ref=e601]:\\n                              - generic [ref=e602]: Joseph N., Verified\\n                              - generic [ref=e603]:\\n                                - text: Joseph N.\\n                                - img [ref=e605]\\n                            - paragraph [ref=e608]: Accounting Professional in San Diego\\n                      - button \\\"Invite Joseph N. to connect\\\" [ref=e611] [cursor=pointer]:\\n                        - generic [ref=e612]:\\n                          - img [ref=e613]\\n                          - generic [ref=e616]: Connect\\n                    - button \\\"Remove Joseph N. as a suggestion\\\" [ref=e618] [cursor=pointer]:\\n                      - img [ref=e620]\\n                - listitem [ref=e623]:\\n                  - generic [ref=e624]:\\n                    - generic [ref=e625]:\\n                      - link \\\"Lou is open to work Lou West, Verified Business Management Grad Passionate About Creative, Community-Driven Work | Digital Marketing & Strategy Enthusiast\\\" [ref=e626] [cursor=pointer]:\\n                        - /url: https://www.linkedin.com/in/lou-west/\\n                        - generic [ref=e627]:\\n                          - generic \\\"Lou is open to work\\\" [ref=e628]:\\n                            - figure [ref=e629]:\\n                              - img [ref=e630]\\n                            - figure [ref=e636]\\n                          - generic [ref=e637]:\\n                            - paragraph [ref=e639]:\\n                              - generic [ref=e640]: Lou West, Verified\\n                              - generic [ref=e641]:\\n                                - text: Lou West\\n                                - img [ref=e643]\\n                            - paragraph [ref=e646]: Business Management Grad Passionate About Creative, Community-Driven Work | Digital Marketing & Strategy Enthusiast\\n                      - button \\\"Invite Lou West to connect\\\" [ref=e649] [cursor=pointer]:\\n                        - generic [ref=e650]:\\n                          - img [ref=e651]\\n                          - generic [ref=e654]: Connect\\n                    - button \\\"Remove Lou West as a suggestion\\\" [ref=e656] [cursor=pointer]:\\n                      - img [ref=e658]\\n                - listitem [ref=e661]:\\n                  - generic [ref=e662]:\\n                    - generic [ref=e663]:\\n                      - link \\\"Jermaine Bruno --\\\" [ref=e664] [cursor=pointer]:\\n                        - /url: https://www.linkedin.com/in/jermaine-bruno-a914b8324/\\n                        - generic [ref=e665]:\\n                          - generic [ref=e666]:\\n                            - figure [ref=e667]\\n                            - figure [ref=e668]\\n                          - generic [ref=e669]:\\n                            - paragraph [ref=e671]:\\n                              - generic [ref=e672]: Jermaine Bruno\\n                              - text: Jermaine Bruno\\n                            - paragraph [ref=e674]: \\\"--\\\"\\n                      - button \\\"Invite Jermaine Bruno to connect\\\" [ref=e677] [cursor=pointer]:\\n                        - generic [ref=e678]:\\n                          - img [ref=e679]\\n                          - generic [ref=e682]: Connect\\n                    - button \\\"Remove Jermaine Bruno as a suggestion\\\" [ref=e684] [cursor=pointer]:\\n                      - img [ref=e686]\\n                - listitem [ref=e689]:\\n                  - generic [ref=e690]:\\n                    - generic [ref=e691]:\\n                      - link \\\"Kevin Geiger, Verified Co-Founder @ Blue Wave 🌊\\\" [ref=e692] [cursor=pointer]:\\n                        - /url: https://www.linkedin.com/in/kevin-geiger-03006023/\\n                        - generic [ref=e693]:\\n                          - generic [ref=e694]:\\n                            - figure [ref=e695]\\n                            - figure [ref=e696]\\n                          - generic [ref=e697]:\\n                            - paragraph [ref=e699]:\\n                              - generic [ref=e700]: Kevin Geiger, Verified\\n                              - generic [ref=e701]:\\n                                - text: Kevin Geiger\\n                                - img [ref=e703]\\n                            - paragraph [ref=e706]: Co-Founder @ Blue Wave 🌊\\n                      - button \\\"Invite Kevin Geiger to connect\\\" [ref=e709] [cursor=pointer]:\\n                        - generic [ref=e710]:\\n                          - img [ref=e711]\\n                          - generic [ref=e714]: Connect\\n                    - button \\\"Remove Kevin Geiger as a suggestion\\\" [ref=e716] [cursor=pointer]:\\n                      - img [ref=e718]\\n                - listitem [ref=e721]:\\n                  - generic [ref=e722]:\\n                    - generic [ref=e723]:\\n                      - link \\\"Juan Trejo, Verified Buyer | Aerospace & Manufacturing | Supply Chain Management\\\" [ref=e724] [cursor=pointer]:\\n                        - /url: https://www.linkedin.com/in/juan-trejo-1b916a32a/\\n                        - generic [ref=e725]:\\n                          - generic [ref=e726]:\\n                            - figure [ref=e727]\\n                            - figure [ref=e728]\\n                          - generic [ref=e729]:\\n                            - paragraph [ref=e731]:\\n                              - generic [ref=e732]: Juan Trejo, Verified\\n                              - generic [ref=e733]:\\n                                - text: Juan Trejo\\n                                - img [ref=e735]\\n                            - paragraph [ref=e738]: Buyer | Aerospace & Manufacturing | Supply Chain Management\\n                      - button \\\"Invite Juan Trejo to connect\\\" [ref=e741] [cursor=pointer]:\\n                        - generic [ref=e742]:\\n                          - img [ref=e743]\\n                          - generic [ref=e746]: Connect\\n                    - button \\\"Remove Juan Trejo as a suggestion\\\" [ref=e748] [cursor=pointer]:\\n                      - img [ref=e750]\\n                - listitem [ref=e753]:\\n                  - generic [ref=e754]:\\n                    - generic [ref=e755]:\\n                      - link \\\"Konrad Fijołek Prezydent Miasta Rzeszów\\\" [ref=e756] [cursor=pointer]:\\n                        - /url: https://www.linkedin.com/in/konradfijo%C5%82ek/\\n                        - generic [ref=e757]:\\n                          - generic [ref=e758]:\\n                            - figure [ref=e759]\\n                            - figure [ref=e760]\\n                          - generic [ref=e761]:\\n                            - paragraph [ref=e763]:\\n                              - generic [ref=e764]: Konrad Fijołek\\n                              - text: Konrad Fijołek\\n                            - paragraph [ref=e766]: Prezydent Miasta Rzeszów\\n                      - button \\\"Invite Konrad Fijołek to connect\\\" [ref=e769] [cursor=pointer]:\\n                        - generic [ref=e770]:\\n                          - img [ref=e771]\\n                          - generic [ref=e774]: Connect\\n                    - button \\\"Remove Konrad Fijołek as a suggestion\\\" [ref=e776] [cursor=pointer]:\\n                      - img [ref=e778]\\n            - generic [ref=e782]:\\n              - generic [ref=e784]:\\n                - heading \\\"Popular on LinkedIn\\\" [level=3] [ref=e785]\\n                - link \\\"Show all suggestions for Popular on LinkedIn\\\" [ref=e786] [cursor=pointer]:\\n                  - /url: https://www.linkedin.com/mynetwork/grow/\\n                  - generic [ref=e788]: Show all\\n              - list [ref=e789]:\\n                - listitem [ref=e791]:\\n                  - generic [ref=e792]:\\n                    - generic [ref=e793]:\\n                      - link \\\"Tomasz Rożek, PhD Nauka To Lubie\\\" [ref=e794] [cursor=pointer]:\\n                        - /url: https://www.linkedin.com/in/tomasz-ro%C5%BCek-phd-303b1b6/\\n                        - generic [ref=e795]:\\n                          - generic [ref=e796]:\\n                            - figure [ref=e797]:\\n                              - img [ref=e798]\\n                            - figure [ref=e804]\\n                          - generic [ref=e805]:\\n                            - paragraph [ref=e807]:\\n                              - generic [ref=e808]: Tomasz Rożek, PhD\\n                              - text: Tomasz Rożek, PhD\\n                            - paragraph [ref=e810]: Nauka To Lubie\\n                      - generic [ref=e811]:\\n                        - paragraph [ref=e814]: 83,898 followers\\n                        - button \\\"Follow Tomasz Rożek, PhD\\\" [ref=e816] [cursor=pointer]:\\n                          - generic [ref=e817]:\\n                            - img [ref=e818]\\n                            - generic [ref=e821]: Follow\\n                    - button \\\"Remove Tomasz Rożek, PhD as a suggestion\\\" [ref=e823] [cursor=pointer]:\\n                      - img [ref=e825]\\n                - listitem [ref=e828]:\\n                  - generic [ref=e829]:\\n                    - generic [ref=e830]:\\n                      - link \\\"Szymon Szczesniak, Premium CEO at CodeTwo / JSON at HRejterzy\\\" [ref=e831] [cursor=pointer]:\\n                        - /url: https://www.linkedin.com/in/codetwojson/\\n                        - generic [ref=e832]:\\n                          - generic [ref=e833]:\\n                            - figure [ref=e834]:\\n                              - img [ref=e835]\\n                            - figure [ref=e841]\\n                          - generic [ref=e842]:\\n                            - paragraph [ref=e844]:\\n                              - generic [ref=e845]: Szymon Szczesniak, Premium\\n                              - generic [ref=e846]:\\n                                - text: Szymon Szczesniak\\n                                - img [ref=e848]\\n                            - paragraph [ref=e851]: CEO at CodeTwo / JSON at HRejterzy\\n                      - generic [ref=e852]:\\n                        - paragraph [ref=e855]: 185,375 followers\\n                        - button \\\"Follow Szymon Szczesniak\\\" [ref=e857] [cursor=pointer]:\\n                          - generic [ref=e858]:\\n                            - img [ref=e859]\\n                            - generic [ref=e862]: Follow\\n                    - button \\\"Remove Szymon Szczesniak as a suggestion\\\" [ref=e864] [cursor=pointer]:\\n                      - img [ref=e866]\\n                - listitem [ref=e869]:\\n                  - generic [ref=e870]:\\n                    - generic [ref=e871]:\\n                      - link \\\"Maciej Sawicki, Verified Async orgs & Remote-first leadership | Founder inStreamly | Gaming & new tech\\\" [ref=e872] [cursor=pointer]:\\n                        - /url: https://www.linkedin.com/in/maciejsawiksawicki/\\n                        - generic [ref=e873]:\\n                          - generic [ref=e874]:\\n                            - figure [ref=e875]\\n                            - figure [ref=e876]\\n                          - generic [ref=e877]:\\n                            - paragraph [ref=e879]:\\n                              - generic [ref=e880]: Maciej Sawicki, Verified\\n                              - generic [ref=e881]:\\n                                - text: Maciej Sawicki\\n                                - img [ref=e883]\\n                            - paragraph [ref=e886]: Async orgs & Remote-first leadership | Founder inStreamly | Gaming & new tech\\n                      - generic [ref=e887]:\\n                        - paragraph [ref=e890]: 18,229 followers\\n                        - button \\\"Follow Maciej Sawicki\\\" [ref=e892] [cursor=pointer]:\\n                          - generic [ref=e893]:\\n                            - img [ref=e894]\\n                            - generic [ref=e897]: Follow\\n                    - button \\\"Remove Maciej Sawicki as a suggestion\\\" [ref=e899] [cursor=pointer]:\\n                      - img [ref=e901]\\n                - listitem [ref=e904]:\\n                  - generic [ref=e905]:\\n                    - generic [ref=e906]:\\n                      - link \\\"Dr Maciej Kawecki, Verified Founder of This is it | This Is World President of the Lem Institute\\\" [ref=e907] [cursor=pointer]:\\n                        - /url: https://www.linkedin.com/in/maciejkawecki/\\n                        - generic [ref=e908]:\\n                          - generic [ref=e909]:\\n                            - figure [ref=e910]\\n                            - figure [ref=e911]:\\n                              - img [ref=e912]\\n                          - generic [ref=e918]:\\n                            - paragraph [ref=e920]:\\n                              - generic [ref=e921]: Dr Maciej Kawecki, Verified\\n                              - generic [ref=e922]:\\n                                - text: Dr Maciej Kawecki\\n                                - img [ref=e924]\\n                            - paragraph [ref=e927]: Founder of This is it | This Is World President of the Lem Institute\\n                      - generic [ref=e928]:\\n                        - paragraph [ref=e931]: 177,045 followers\\n                        - button \\\"Follow Dr Maciej Kawecki\\\" [ref=e933] [cursor=pointer]:\\n                          - generic [ref=e934]:\\n                            - img [ref=e935]\\n                            - generic [ref=e938]: Follow\\n                    - button \\\"Remove Dr Maciej Kawecki as a suggestion\\\" [ref=e940] [cursor=pointer]:\\n                      - img [ref=e942]\\n                - listitem [ref=e945]:\\n                  - generic [ref=e946]:\\n                    - generic [ref=e947]:\\n                      - link \\\"Martyna Wojciechowska, Premium Journalist, filmmaker, activist, founder of UNAWEZA Foundation\\\" [ref=e948] [cursor=pointer]:\\n                        - /url: https://www.linkedin.com/in/martyna-wojciechowska-world/en/\\n                        - generic [ref=e949]:\\n                          - generic [ref=e950]:\\n                            - figure [ref=e951]\\n                            - figure [ref=e952]\\n                          - generic [ref=e953]:\\n                            - paragraph [ref=e955]:\\n                              - generic [ref=e956]: Martyna Wojciechowska, Premium\\n                              - generic [ref=e957]:\\n                                - text: Martyna Wojciechowska\\n                                - img [ref=e959]\\n                            - paragraph [ref=e962]: Journalist, filmmaker, activist, founder of UNAWEZA Foundation\\n                      - generic [ref=e963]:\\n                        - paragraph [ref=e966]: 79,346 followers\\n                        - button \\\"Follow Martyna Wojciechowska\\\" [ref=e968] [cursor=pointer]:\\n                          - generic [ref=e969]:\\n                            - img [ref=e970]\\n                            - generic [ref=e973]: Follow\\n                    - button \\\"Remove Martyna Wojciechowska as a suggestion\\\" [ref=e975] [cursor=pointer]:\\n                      - img [ref=e977]\\n                - listitem [ref=e980]:\\n                  - generic [ref=e981]:\\n                    - generic [ref=e982]:\\n                      - link \\\"Kinga Szostko, Premium 📱 Analiza i monitoring social mediów 🌿 OSINT 🚨 Przemoc rówieśnicza ⚠️ Ochrona dzieci w sieci 🌐 Portal bezpiecznedziecko.org 🫴 Fundacja Prospoleczna.org 📲 Aplikacja KidsAlert 🫆\\\" [ref=e983] [cursor=pointer]:\\n                        - /url: https://www.linkedin.com/in/kinga-szostko-985b65220/\\n                        - generic [ref=e984]:\\n                          - generic [ref=e985]:\\n                            - figure [ref=e986]\\n                            - figure [ref=e987]\\n                          - generic [ref=e988]:\\n                            - paragraph [ref=e990]:\\n                              - generic [ref=e991]: Kinga Szostko, Premium\\n                              - generic [ref=e992]:\\n                                - text: Kinga Szostko\\n                                - img [ref=e994]\\n                            - paragraph [ref=e997]: 📱 Analiza i monitoring social mediów 🌿 OSINT 🚨 Przemoc rówieśnicza ⚠️ Ochrona dzieci w sieci 🌐 Portal bezpiecznedziecko.org 🫴 Fundacja Prospoleczna.org 📲 Aplikacja KidsAlert 🫆\\n                      - generic [ref=e998]:\\n                        - paragraph [ref=e1001]: 11,163 followers\\n                        - button \\\"Follow Kinga Szostko\\\" [ref=e1003] [cursor=pointer]:\\n                          - generic [ref=e1004]:\\n                            - img [ref=e1005]\\n                            - generic [ref=e1008]: Follow\\n                    - button \\\"Remove Kinga Szostko as a suggestion\\\" [ref=e1010] [cursor=pointer]:\\n                      - img [ref=e1012]\\n            - button \\\"Load more\\\" [ref=e1015] [cursor=pointer]:\\n              - generic [ref=e1017]: Load more\\n  - generic:\\n    - generic:\\n      - generic:\\n        - generic:\\n          - complementary:\\n            - generic [ref=e1019]:\\n              - generic [ref=e1021] [cursor=pointer]:\\n                - generic [ref=e1022]:\\n                  - img \\\"Petr Petrovich\\\" [ref=e1023]\\n                  - generic [ref=e1025]: Status is online\\n                - button \\\"You are on the messaging overlay. Press enter to open the list of conversations.\\\" [ref=e1026]:\\n                  - generic [ref=e1027]:\\n                    - generic [ref=e1028]: Messaging\\n                    - generic [ref=e1029]: You are on the messaging overlay. Press enter to open the list of conversations.\\n              - generic [ref=e1030]:\\n                - button \\\"Open messenger dropdown menu\\\" [ref=e1032] [cursor=pointer]:\\n                  - img \\\"Open messenger dropdown menu\\\" [ref=e1033]\\n                - button \\\"Compose message\\\" [ref=e1036] [cursor=pointer]:\\n                  - img [ref=e1037]\\n                  - generic [ref=e1039]: Compose message\\n                - button \\\"You are on the messaging overlay. Press enter to open the list of conversations.\\\" [ref=e1040] [cursor=pointer]:\\n                  - img [ref=e1041]\\n                  - generic [ref=e1043]: You are on the messaging overlay. Press enter to open the list of conversations.\\n          - complementary \\\"AI-powered assistant to get help with your career, jobs etc\\\"\\n  - iframe [ref=e1044]:\\n    - generic [active] [ref=f207e1]:\\n      - generic:\\n        - region \\\"Toast message\\\":\\n          - heading \\\"0 notifications total\\\" [level=2] [ref=f207e3]\\n          - alert\\n      - region [ref=f207e4]\\n      - generic [ref=f207e5]:\\n        - generic [ref=f207e7]:\\n          - button \\\"Skip to search\\\" [ref=f207e8] [cursor=pointer]:\\n            - generic [ref=f207e9]: Skip to search\\n          - button \\\"Skip to main content\\\" [ref=f207e10] [cursor=pointer]:\\n            - generic [ref=f207e11]: Skip to main content\\n          - button \\\"Keyboard shortcuts\\\" [ref=f207e12] [cursor=pointer]:\\n            - generic [ref=f207e13]: Keyboard shortcuts\\n          - button \\\"Close jump menu\\\" [ref=f207e14] [cursor=pointer]:\\n            - img [ref=f207e15]\\n            - generic [ref=f207e17]: Close jump menu\\n        - banner \\\"Global Navigation\\\" [ref=f207e18]:\\n          - generic [ref=f207e19]:\\n            - link \\\"LinkedIn\\\" [ref=f207e20] [cursor=pointer]:\\n              - /url: https://www.linkedin.com/feed/?nis=true\\n              - img \\\"LinkedIn\\\" [ref=f207e23]:\\n                - img [ref=f207e24]\\n            - generic [ref=f207e28]:\\n              - combobox \\\"Search\\\" [ref=f207e29]\\n              - generic:\\n                - img\\n            - navigation \\\"Primary Navigation\\\" [ref=f207e30]:\\n              - list [ref=f207e31]:\\n                - listitem [ref=f207e32]:\\n                  - link \\\"new feed updates notifications Home\\\" [ref=f207e33] [cursor=pointer]:\\n                    - /url: https://www.linkedin.com/feed/?nis=true&\\n                    - generic [ref=f207e34]:\\n                      - generic [ref=f207e37]: new feed updates notifications\\n                      - img [ref=f207e41]\\n                    - generic \\\"Home\\\" [ref=f207e43]\\n                - listitem [ref=f207e44]:\\n                  - link \\\"My Network\\\" [ref=f207e45] [cursor=pointer]:\\n                    - /url: https://www.linkedin.com/mynetwork/?\\n                    - img [ref=f207e49]\\n                    - generic \\\"My Network\\\" [ref=f207e51]\\n                - listitem [ref=f207e52]:\\n                  - link \\\"Jobs\\\" [ref=f207e53] [cursor=pointer]:\\n                    - /url: https://www.linkedin.com/jobs/?\\n                    - img [ref=f207e57]\\n                    - generic \\\"Jobs\\\" [ref=f207e59]\\n                - listitem [ref=f207e60]:\\n                  - link \\\"Messaging\\\" [ref=f207e61] [cursor=pointer]:\\n                    - /url: https://www.linkedin.com/messaging/?\\n                    - img [ref=f207e65]\\n                    - generic \\\"Messaging\\\" [ref=f207e67]\\n                - listitem [ref=f207e68]:\\n                  - link \\\"Notifications\\\" [ref=f207e69] [cursor=pointer]:\\n                    - /url: https://www.linkedin.com/notifications/?\\n                    - img [ref=f207e73]\\n                    - generic \\\"Notifications\\\" [ref=f207e75]\\n                - listitem [ref=f207e76]:\\n                  - button \\\"Petr Petrovich Me\\\" [ref=f207e78] [cursor=pointer]:\\n                    - img \\\"Petr Petrovich\\\" [ref=f207e79]\\n                    - generic [ref=f207e80]:\\n                      - text: Me\\n                      - img [ref=f207e81]\\n                - listitem [ref=f207e83]:\\n                  - button \\\"For Business\\\" [ref=f207e85] [cursor=pointer]:\\n                    - img [ref=f207e89]\\n                    - generic \\\"For Business\\\" [ref=f207e91]:\\n                      - text: For Business\\n                      - img [ref=f207e92]\\n                - listitem [ref=f207e94]:\\n                  - link \\\"Try Premium for zł 0\\\" [ref=f207e96] [cursor=pointer]:\\n                    - /url: javascript:void(0)\\n                    - generic [ref=f207e97]:\\n                      - img [ref=f207e98]\\n                      - generic [ref=f207e100]: Try Premium for zł 0\",\n  \"refs\": {\n    \"e2\": {\n      \"role\": \"generic\"\n    },\n    \"e3\": {\n      \"role\": \"heading\",\n      \"name\": \"0 notifications\"\n    },\n    \"e4\": {\n      \"role\": \"generic\"\n    },\n    \"e5\": {\n      \"role\": \"button\"\n    },\n    \"e7\": {\n      \"role\": \"generic\"\n    },\n    \"e8\": {\n      \"role\": \"button\"\n    },\n    \"e10\": {\n      \"role\": \"img\"\n    },\n    \"e12\": {\n      \"role\": \"generic\"\n    },\n    \"e14\": {\n      \"role\": \"banner\"\n    },\n    \"e17\": {\n      \"role\": \"generic\"\n    },\n    \"e18\": {\n      \"role\": \"button\",\n      \"name\": \"LinkedIn\"\n    },\n    \"e19\": {\n      \"role\": \"img\",\n      \"name\": \"LinkedIn\"\n    },\n    \"e22\": {\n      \"role\": \"search\"\n    },\n    \"e23\": {\n      \"role\": \"generic\"\n    },\n    \"e25\": {\n      \"role\": \"img\"\n    },\n    \"e27\": {\n      \"role\": \"textbox\",\n      \"name\": \"Search\"\n    },\n    \"e29\": {\n      \"role\": \"generic\"\n    },\n    \"e34\": {\n      \"role\": \"figure\"\n    },\n    \"e37\": {\n      \"role\": \"navigation\"\n    },\n    \"e38\": {\n      \"role\": \"list\"\n    },\n    \"e39\": {\n      \"role\": \"listitem\"\n    },\n    \"e40\": {\n      \"role\": \"button\",\n      \"name\": \"Home, 1 new notification\"\n    },\n    \"e42\": {\n      \"role\": \"img\"\n    },\n    \"e46\": {\n      \"role\": \"generic\"\n    },\n    \"e47\": {\n      \"role\": \"listitem\"\n    },\n    \"e48\": {\n      \"role\": \"link\",\n      \"name\": \"My Network, 0 new notifications\"\n    },\n    \"e50\": {\n      \"role\": \"img\"\n    },\n    \"e53\": {\n      \"role\": \"generic\"\n    },\n    \"e54\": {\n      \"role\": \"listitem\"\n    },\n    \"e55\": {\n      \"role\": \"button\",\n      \"name\": \"Jobs, 0 new notifications\"\n    },\n    \"e57\": {\n      \"role\": \"img\"\n    },\n    \"e60\": {\n      \"role\": \"generic\"\n    },\n    \"e61\": {\n      \"role\": \"listitem\"\n    },\n    \"e62\": {\n      \"role\": \"link\",\n      \"name\": \"Messaging, 0 new notifications\"\n    },\n    \"e64\": {\n      \"role\": \"img\"\n    },\n    \"e67\": {\n      \"role\": \"generic\"\n    },\n    \"e68\": {\n      \"role\": \"listitem\"\n    },\n    \"e69\": {\n      \"role\": \"link\",\n      \"name\": \"Notifications, 0 new notifications\"\n    },\n    \"e71\": {\n      \"role\": \"img\"\n    },\n    \"e74\": {\n      \"role\": \"generic\"\n    },\n    \"e75\": {\n      \"role\": \"listitem\"\n    },\n    \"e76\": {\n      \"role\": \"button\",\n      \"name\": \"Me\"\n    },\n    \"e78\": {\n      \"role\": \"figure\"\n    },\n    \"e80\": {\n      \"role\": \"generic\"\n    },\n    \"e81\": {\n      \"role\": \"img\"\n    },\n    \"e84\": {\n      \"role\": \"generic\"\n    },\n    \"e85\": {\n      \"role\": \"navigation\"\n    },\n    \"e86\": {\n      \"role\": \"list\"\n    },\n    \"e87\": {\n      \"role\": \"listitem\"\n    },\n    \"e88\": {\n      \"role\": \"button\",\n      \"name\": \"For Business\"\n    },\n    \"e90\": {\n      \"role\": \"img\"\n    },\n    \"e93\": {\n      \"role\": \"generic\"\n    },\n    \"e94\": {\n      \"role\": \"img\"\n    },\n    \"e97\": {\n      \"role\": \"link\",\n      \"name\": \"Try Premium for zł 0\"\n    },\n    \"e98\": {\n      \"role\": \"generic\"\n    },\n    \"e99\": {\n      \"role\": \"img\"\n    },\n    \"e103\": {\n      \"role\": \"paragraph\"\n    },\n    \"e105\": {\n      \"role\": \"main\"\n    },\n    \"e107\": {\n      \"role\": \"generic\"\n    },\n    \"e111\": {\n      \"role\": \"generic\"\n    },\n    \"e116\": {\n      \"role\": \"generic\"\n    },\n    \"e117\": {\n      \"role\": \"generic\"\n    },\n    \"e118\": {\n      \"role\": \"paragraph\"\n    },\n    \"e119\": {\n      \"role\": \"generic\"\n    },\n    \"e120\": {\n      \"role\": \"generic\"\n    },\n    \"e121\": {\n      \"role\": \"paragraph\"\n    },\n    \"e122\": {\n      \"role\": \"paragraph\"\n    },\n    \"e123\": {\n      \"role\": \"link\",\n      \"name\": \"0 Connections\"\n    },\n    \"e124\": {\n      \"role\": \"generic\"\n    },\n    \"e125\": {\n      \"role\": \"paragraph\"\n    },\n    \"e126\": {\n      \"role\": \"paragraph\"\n    },\n    \"e127\": {\n      \"role\": \"link\",\n      \"name\": \"0 Following\"\n    },\n    \"e128\": {\n      \"role\": \"generic\"\n    },\n    \"e129\": {\n      \"role\": \"paragraph\"\n    },\n    \"e130\": {\n      \"role\": \"paragraph\"\n    },\n    \"e132\": {\n      \"role\": \"button\",\n      \"name\": \"Show more\"\n    },\n    \"e133\": {\n      \"role\": \"generic\"\n    },\n    \"e134\": {\n      \"role\": \"img\"\n    },\n    \"e136\": {\n      \"role\": \"generic\"\n    },\n    \"e139\": {\n      \"role\": \"iframe\"\n    },\n    \"e140\": {\n      \"role\": \"generic\"\n    },\n    \"e141\": {\n      \"role\": \"generic\"\n    },\n    \"e142\": {\n      \"role\": \"link\",\n      \"name\": \"About\"\n    },\n    \"e143\": {\n      \"role\": \"paragraph\"\n    },\n    \"e144\": {\n      \"role\": \"link\",\n      \"name\": \"Accessibility\"\n    },\n    \"e145\": {\n      \"role\": \"paragraph\"\n    },\n    \"e146\": {\n      \"role\": \"link\",\n      \"name\": \"Help Center\"\n    },\n    \"e147\": {\n      \"role\": \"paragraph\"\n    },\n    \"e148\": {\n      \"role\": \"button\",\n      \"name\": \"Privacy & Terms\"\n    },\n    \"e149\": {\n      \"role\": \"generic\"\n    },\n    \"e150\": {\n      \"role\": \"paragraph\"\n    },\n    \"e151\": {\n      \"role\": \"img\"\n    },\n    \"e153\": {\n      \"role\": \"link\",\n      \"name\": \"Ad Choices\"\n    },\n    \"e154\": {\n      \"role\": \"paragraph\"\n    },\n    \"e155\": {\n      \"role\": \"link\",\n      \"name\": \"Advertising\"\n    },\n    \"e156\": {\n      \"role\": \"paragraph\"\n    },\n    \"e157\": {\n      \"role\": \"button\",\n      \"name\": \"Business Services\"\n    },\n    \"e158\": {\n      \"role\": \"generic\"\n    },\n    \"e159\": {\n      \"role\": \"paragraph\"\n    },\n    \"e160\": {\n      \"role\": \"img\"\n    },\n    \"e162\": {\n      \"role\": \"link\",\n      \"name\": \"Get the LinkedIn app\"\n    },\n    \"e163\": {\n      \"role\": \"paragraph\"\n    },\n    \"e164\": {\n      \"role\": \"link\",\n      \"name\": \"More\"\n    },\n    \"e165\": {\n      \"role\": \"paragraph\"\n    },\n    \"e166\": {\n      \"role\": \"generic\"\n    },\n    \"e167\": {\n      \"role\": \"img\"\n    },\n    \"e169\": {\n      \"role\": \"paragraph\"\n    },\n    \"e173\": {\n      \"role\": \"generic\"\n    },\n    \"e180\": {\n      \"role\": \"generic\"\n    },\n    \"e181\": {\n      \"role\": \"generic\"\n    },\n    \"e182\": {\n      \"role\": \"paragraph\"\n    },\n    \"e183\": {\n      \"role\": \"paragraph\"\n    },\n    \"e184\": {\n      \"role\": \"generic\"\n    },\n    \"e185\": {\n      \"role\": \"generic\"\n    },\n    \"e188\": {\n      \"role\": \"link\",\n      \"name\": \"1\"\n    },\n    \"e191\": {\n      \"role\": \"paragraph\"\n    },\n    \"e194\": {\n      \"role\": \"link\",\n      \"name\": \"2\"\n    },\n    \"e197\": {\n      \"role\": \"paragraph\"\n    },\n    \"e200\": {\n      \"role\": \"link\",\n      \"name\": \"3\"\n    },\n    \"e203\": {\n      \"role\": \"paragraph\"\n    },\n    \"e206\": {\n      \"role\": \"link\",\n      \"name\": \"4\"\n    },\n    \"e209\": {\n      \"role\": \"paragraph\"\n    },\n    \"e212\": {\n      \"role\": \"link\",\n      \"name\": \"5\"\n    },\n    \"e215\": {\n      \"role\": \"paragraph\"\n    },\n    \"e216\": {\n      \"role\": \"link\",\n      \"name\": \"Search for people you know\"\n    },\n    \"e217\": {\n      \"role\": \"generic\"\n    },\n    \"e218\": {\n      \"role\": \"img\"\n    },\n    \"e220\": {\n      \"role\": \"generic\"\n    },\n    \"e225\": {\n      \"role\": \"generic\"\n    },\n    \"e226\": {\n      \"role\": \"generic\"\n    },\n    \"e228\": {\n      \"role\": \"heading\",\n      \"name\": \"No pending invitations\"\n    },\n    \"e229\": {\n      \"role\": \"link\",\n      \"name\": \"Manage all invitations\"\n    },\n    \"e231\": {\n      \"role\": \"generic\"\n    },\n    \"e234\": {\n      \"role\": \"generic\"\n    },\n    \"e236\": {\n      \"role\": \"generic\"\n    },\n    \"e237\": {\n      \"role\": \"heading\",\n      \"name\": \"People you may know in Warsaw Metropolitan Area\"\n    },\n    \"e238\": {\n      \"role\": \"link\",\n      \"name\": \"Show all suggestions for People you may know in Warsaw Metropolitan Area\"\n    },\n    \"e240\": {\n      \"role\": \"generic\"\n    },\n    \"e241\": {\n      \"role\": \"list\"\n    },\n    \"e243\": {\n      \"role\": \"listitem\"\n    },\n    \"e244\": {\n      \"role\": \"generic\"\n    },\n    \"e245\": {\n      \"role\": \"generic\"\n    },\n    \"e246\": {\n      \"role\": \"link\",\n      \"name\": \"Jakub P., Premium IT Service Delivery Management\"\n    },\n    \"e247\": {\n      \"role\": \"generic\"\n    },\n    \"e248\": {\n      \"role\": \"generic\"\n    },\n    \"e249\": {\n      \"role\": \"figure\"\n    },\n    \"e250\": {\n      \"role\": \"figure\"\n    },\n    \"e251\": {\n      \"role\": \"img\"\n    },\n    \"e257\": {\n      \"role\": \"generic\"\n    },\n    \"e259\": {\n      \"role\": \"paragraph\"\n    },\n    \"e260\": {\n      \"role\": \"generic\"\n    },\n    \"e261\": {\n      \"role\": \"generic\"\n    },\n    \"e263\": {\n      \"role\": \"img\"\n    },\n    \"e266\": {\n      \"role\": \"paragraph\"\n    },\n    \"e269\": {\n      \"role\": \"button\",\n      \"name\": \"Invite Jakub P. to connect\"\n    },\n    \"e270\": {\n      \"role\": \"generic\"\n    },\n    \"e271\": {\n      \"role\": \"img\"\n    },\n    \"e274\": {\n      \"role\": \"generic\"\n    },\n    \"e276\": {\n      \"role\": \"button\",\n      \"name\": \"Remove Jakub P. as a suggestion\"\n    },\n    \"e278\": {\n      \"role\": \"img\"\n    },\n    \"e281\": {\n      \"role\": \"listitem\"\n    },\n    \"e282\": {\n      \"role\": \"generic\"\n    },\n    \"e283\": {\n      \"role\": \"generic\"\n    },\n    \"e284\": {\n      \"role\": \"link\",\n      \"name\": \"Sławomir Dec, Verified Cybersecurity|CISSP\"\n    },\n    \"e285\": {\n      \"role\": \"generic\"\n    },\n    \"e286\": {\n      \"role\": \"generic\"\n    },\n    \"e287\": {\n      \"role\": \"figure\"\n    },\n    \"e288\": {\n      \"role\": \"figure\"\n    },\n    \"e289\": {\n      \"role\": \"generic\"\n    },\n    \"e291\": {\n      \"role\": \"paragraph\"\n    },\n    \"e292\": {\n      \"role\": \"generic\"\n    },\n    \"e293\": {\n      \"role\": \"generic\"\n    },\n    \"e295\": {\n      \"role\": \"img\"\n    },\n    \"e298\": {\n      \"role\": \"paragraph\"\n    },\n    \"e301\": {\n      \"role\": \"button\",\n      \"name\": \"Invite Sławomir Dec to connect\"\n    },\n    \"e302\": {\n      \"role\": \"generic\"\n    },\n    \"e303\": {\n      \"role\": \"img\"\n    },\n    \"e306\": {\n      \"role\": \"generic\"\n    },\n    \"e308\": {\n      \"role\": \"button\",\n      \"name\": \"Remove Sławomir Dec as a suggestion\"\n    },\n    \"e310\": {\n      \"role\": \"img\"\n    },\n    \"e313\": {\n      \"role\": \"listitem\"\n    },\n    \"e314\": {\n      \"role\": \"generic\"\n    },\n    \"e315\": {\n      \"role\": \"generic\"\n    },\n    \"e316\": {\n      \"role\": \"link\",\n      \"name\": \"Adam Szafara Helping businesses to raise its digital potential🌏\"\n    },\n    \"e317\": {\n      \"role\": \"generic\"\n    },\n    \"e318\": {\n      \"role\": \"generic\"\n    },\n    \"e319\": {\n      \"role\": \"figure\"\n    },\n    \"e320\": {\n      \"role\": \"figure\"\n    },\n    \"e321\": {\n      \"role\": \"img\"\n    },\n    \"e327\": {\n      \"role\": \"generic\"\n    },\n    \"e329\": {\n      \"role\": \"paragraph\"\n    },\n    \"e330\": {\n      \"role\": \"generic\"\n    },\n    \"e332\": {\n      \"role\": \"paragraph\"\n    },\n    \"e335\": {\n      \"role\": \"button\",\n      \"name\": \"Invite Adam Szafara to connect\"\n    },\n    \"e336\": {\n      \"role\": \"generic\"\n    },\n    \"e337\": {\n      \"role\": \"img\"\n    },\n    \"e340\": {\n      \"role\": \"generic\"\n    },\n    \"e342\": {\n      \"role\": \"button\",\n      \"name\": \"Remove Adam Szafara as a suggestion\"\n    },\n    \"e344\": {\n      \"role\": \"img\"\n    },\n    \"e347\": {\n      \"role\": \"listitem\"\n    },\n    \"e348\": {\n      \"role\": \"generic\"\n    },\n    \"e349\": {\n      \"role\": \"generic\"\n    },\n    \"e350\": {\n      \"role\": \"link\",\n      \"name\": \"Andrzej Jargiło Specjalista magazynier\"\n    },\n    \"e351\": {\n      \"role\": \"generic\"\n    },\n    \"e352\": {\n      \"role\": \"generic\"\n    },\n    \"e353\": {\n      \"role\": \"figure\"\n    },\n    \"e354\": {\n      \"role\": \"figure\"\n    },\n    \"e355\": {\n      \"role\": \"generic\"\n    },\n    \"e357\": {\n      \"role\": \"paragraph\"\n    },\n    \"e358\": {\n      \"role\": \"generic\"\n    },\n    \"e360\": {\n      \"role\": \"paragraph\"\n    },\n    \"e363\": {\n      \"role\": \"button\",\n      \"name\": \"Invite Andrzej Jargiło to connect\"\n    },\n    \"e364\": {\n      \"role\": \"generic\"\n    },\n    \"e365\": {\n      \"role\": \"img\"\n    },\n    \"e368\": {\n      \"role\": \"generic\"\n    },\n    \"e370\": {\n      \"role\": \"button\",\n      \"name\": \"Remove Andrzej Jargiło as a suggestion\"\n    },\n    \"e372\": {\n      \"role\": \"img\"\n    },\n    \"e375\": {\n      \"role\": \"listitem\"\n    },\n    \"e376\": {\n      \"role\": \"generic\"\n    },\n    \"e377\": {\n      \"role\": \"generic\"\n    },\n    \"e378\": {\n      \"role\": \"link\",\n      \"name\": \"Marcin Owsianka, Verified Business Development Manager at Ledatel\"\n    },\n    \"e379\": {\n      \"role\": \"generic\"\n    },\n    \"e380\": {\n      \"role\": \"generic\"\n    },\n    \"e381\": {\n      \"role\": \"figure\"\n    },\n    \"e382\": {\n      \"role\": \"figure\"\n    },\n    \"e383\": {\n      \"role\": \"generic\"\n    },\n    \"e385\": {\n      \"role\": \"paragraph\"\n    },\n    \"e386\": {\n      \"role\": \"generic\"\n    },\n    \"e387\": {\n      \"role\": \"generic\"\n    },\n    \"e389\": {\n      \"role\": \"img\"\n    },\n    \"e392\": {\n      \"role\": \"paragraph\"\n    },\n    \"e395\": {\n      \"role\": \"button\",\n      \"name\": \"Invite Marcin Owsianka to connect\"\n    },\n    \"e396\": {\n      \"role\": \"generic\"\n    },\n    \"e397\": {\n      \"role\": \"img\"\n    },\n    \"e400\": {\n      \"role\": \"generic\"\n    },\n    \"e402\": {\n      \"role\": \"button\",\n      \"name\": \"Remove Marcin Owsianka as a suggestion\"\n    },\n    \"e404\": {\n      \"role\": \"img\"\n    },\n    \"e407\": {\n      \"role\": \"listitem\"\n    },\n    \"e408\": {\n      \"role\": \"generic\"\n    },\n    \"e409\": {\n      \"role\": \"generic\"\n    },\n    \"e410\": {\n      \"role\": \"link\",\n      \"name\": \"Natallia Zhalabkovich, Verified Data Engineering\"\n    },\n    \"e411\": {\n      \"role\": \"generic\"\n    },\n    \"e412\": {\n      \"role\": \"generic\"\n    },\n    \"e413\": {\n      \"role\": \"figure\"\n    },\n    \"e414\": {\n      \"role\": \"img\"\n    },\n    \"e420\": {\n      \"role\": \"figure\"\n    },\n    \"e421\": {\n      \"role\": \"generic\"\n    },\n    \"e423\": {\n      \"role\": \"paragraph\"\n    },\n    \"e424\": {\n      \"role\": \"generic\"\n    },\n    \"e425\": {\n      \"role\": \"generic\"\n    },\n    \"e427\": {\n      \"role\": \"img\"\n    },\n    \"e430\": {\n      \"role\": \"paragraph\"\n    },\n    \"e433\": {\n      \"role\": \"button\",\n      \"name\": \"Invite Natallia Zhalabkovich to connect\"\n    },\n    \"e434\": {\n      \"role\": \"generic\"\n    },\n    \"e435\": {\n      \"role\": \"img\"\n    },\n    \"e438\": {\n      \"role\": \"generic\"\n    },\n    \"e440\": {\n      \"role\": \"button\",\n      \"name\": \"Remove Natallia Zhalabkovich as a suggestion\"\n    },\n    \"e442\": {\n      \"role\": \"img\"\n    },\n    \"e445\": {\n      \"role\": \"listitem\"\n    },\n    \"e446\": {\n      \"role\": \"generic\"\n    },\n    \"e447\": {\n      \"role\": \"generic\"\n    },\n    \"e448\": {\n      \"role\": \"link\",\n      \"name\": \"Jerzy Lipiński, Verified Product Manager at Omnires\"\n    },\n    \"e449\": {\n      \"role\": \"generic\"\n    },\n    \"e450\": {\n      \"role\": \"generic\"\n    },\n    \"e451\": {\n      \"role\": \"figure\"\n    },\n    \"e452\": {\n      \"role\": \"figure\"\n    },\n    \"e453\": {\n      \"role\": \"generic\"\n    },\n    \"e455\": {\n      \"role\": \"paragraph\"\n    },\n    \"e456\": {\n      \"role\": \"generic\"\n    },\n    \"e457\": {\n      \"role\": \"generic\"\n    },\n    \"e459\": {\n      \"role\": \"img\"\n    },\n    \"e462\": {\n      \"role\": \"paragraph\"\n    },\n    \"e465\": {\n      \"role\": \"button\",\n      \"name\": \"Invite Jerzy Lipiński to connect\"\n    },\n    \"e466\": {\n      \"role\": \"generic\"\n    },\n    \"e467\": {\n      \"role\": \"img\"\n    },\n    \"e470\": {\n      \"role\": \"generic\"\n    },\n    \"e472\": {\n      \"role\": \"button\",\n      \"name\": \"Remove Jerzy Lipiński as a suggestion\"\n    },\n    \"e474\": {\n      \"role\": \"img\"\n    },\n    \"e477\": {\n      \"role\": \"listitem\"\n    },\n    \"e478\": {\n      \"role\": \"generic\"\n    },\n    \"e479\": {\n      \"role\": \"generic\"\n    },\n    \"e480\": {\n      \"role\": \"link\",\n      \"name\": \"Mustafa FIRINCI, Verified Sales Manager | 20+ Years in Retail & Customer Management | MBA | Based in Warsaw\"\n    },\n    \"e481\": {\n      \"role\": \"generic\"\n    },\n    \"e482\": {\n      \"role\": \"generic\"\n    },\n    \"e483\": {\n      \"role\": \"figure\"\n    },\n    \"e484\": {\n      \"role\": \"figure\"\n    },\n    \"e485\": {\n      \"role\": \"generic\"\n    },\n    \"e487\": {\n      \"role\": \"paragraph\"\n    },\n    \"e488\": {\n      \"role\": \"generic\"\n    },\n    \"e489\": {\n      \"role\": \"generic\"\n    },\n    \"e491\": {\n      \"role\": \"img\"\n    },\n    \"e494\": {\n      \"role\": \"paragraph\"\n    },\n    \"e497\": {\n      \"role\": \"button\",\n      \"name\": \"Invite Mustafa FIRINCI to connect\"\n    },\n    \"e498\": {\n      \"role\": \"generic\"\n    },\n    \"e499\": {\n      \"role\": \"img\"\n    },\n    \"e502\": {\n      \"role\": \"generic\"\n    },\n    \"e504\": {\n      \"role\": \"button\",\n      \"name\": \"Remove Mustafa FIRINCI as a suggestion\"\n    },\n    \"e506\": {\n      \"role\": \"img\"\n    },\n    \"e510\": {\n      \"role\": \"generic\"\n    },\n    \"e512\": {\n      \"role\": \"generic\"\n    },\n    \"e513\": {\n      \"role\": \"heading\",\n      \"name\": \"People you may know based on your recent activity\"\n    },\n    \"e514\": {\n      \"role\": \"link\",\n      \"name\": \"Show all suggestions for People you may know based on your recent activity\"\n    },\n    \"e516\": {\n      \"role\": \"generic\"\n    },\n    \"e517\": {\n      \"role\": \"list\"\n    },\n    \"e519\": {\n      \"role\": \"listitem\"\n    },\n    \"e520\": {\n      \"role\": \"generic\"\n    },\n    \"e521\": {\n      \"role\": \"generic\"\n    },\n    \"e522\": {\n      \"role\": \"link\",\n      \"name\": \"Trenton is open to work Trenton Murphy, Premium Salesperson @ 1800-Hansons | Sales, Resiliency\"\n    },\n    \"e523\": {\n      \"role\": \"generic\"\n    },\n    \"e524\": {\n      \"role\": \"generic\",\n      \"name\": \"Trenton is open to work\"\n    },\n    \"e525\": {\n      \"role\": \"figure\"\n    },\n    \"e526\": {\n      \"role\": \"img\"\n    },\n    \"e532\": {\n      \"role\": \"figure\"\n    },\n    \"e533\": {\n      \"role\": \"generic\"\n    },\n    \"e535\": {\n      \"role\": \"paragraph\"\n    },\n    \"e536\": {\n      \"role\": \"generic\"\n    },\n    \"e537\": {\n      \"role\": \"generic\"\n    },\n    \"e539\": {\n      \"role\": \"img\"\n    },\n    \"e542\": {\n      \"role\": \"paragraph\"\n    },\n    \"e545\": {\n      \"role\": \"button\",\n      \"name\": \"Invite Trenton Murphy to connect\"\n    },\n    \"e546\": {\n      \"role\": \"generic\"\n    },\n    \"e547\": {\n      \"role\": \"img\"\n    },\n    \"e550\": {\n      \"role\": \"generic\"\n    },\n    \"e552\": {\n      \"role\": \"button\",\n      \"name\": \"Remove Trenton Murphy as a suggestion\"\n    },\n    \"e554\": {\n      \"role\": \"img\"\n    },\n    \"e557\": {\n      \"role\": \"listitem\"\n    },\n    \"e558\": {\n      \"role\": \"generic\"\n    },\n    \"e559\": {\n      \"role\": \"generic\"\n    },\n    \"e560\": {\n      \"role\": \"link\",\n      \"name\": \"Mary Joy Erestain Virtual Assistant / Social Media Manager\"\n    },\n    \"e561\": {\n      \"role\": \"generic\"\n    },\n    \"e562\": {\n      \"role\": \"generic\"\n    },\n    \"e563\": {\n      \"role\": \"figure\"\n    },\n    \"e564\": {\n      \"role\": \"img\"\n    },\n    \"e570\": {\n      \"role\": \"figure\"\n    },\n    \"e571\": {\n      \"role\": \"generic\"\n    },\n    \"e573\": {\n      \"role\": \"paragraph\"\n    },\n    \"e574\": {\n      \"role\": \"generic\"\n    },\n    \"e576\": {\n      \"role\": \"paragraph\"\n    },\n    \"e579\": {\n      \"role\": \"button\",\n      \"name\": \"Invite Mary Joy Erestain to connect\"\n    },\n    \"e580\": {\n      \"role\": \"generic\"\n    },\n    \"e581\": {\n      \"role\": \"img\"\n    },\n    \"e584\": {\n      \"role\": \"generic\"\n    },\n    \"e586\": {\n      \"role\": \"button\",\n      \"name\": \"Remove Mary Joy Erestain as a suggestion\"\n    },\n    \"e588\": {\n      \"role\": \"img\"\n    },\n    \"e591\": {\n      \"role\": \"listitem\"\n    },\n    \"e592\": {\n      \"role\": \"generic\"\n    },\n    \"e593\": {\n      \"role\": \"generic\"\n    },\n    \"e594\": {\n      \"role\": \"link\",\n      \"name\": \"Joseph N., Verified Accounting Professional in San Diego\"\n    },\n    \"e595\": {\n      \"role\": \"generic\"\n    },\n    \"e596\": {\n      \"role\": \"generic\"\n    },\n    \"e597\": {\n      \"role\": \"figure\"\n    },\n    \"e598\": {\n      \"role\": \"figure\"\n    },\n    \"e599\": {\n      \"role\": \"generic\"\n    },\n    \"e601\": {\n      \"role\": \"paragraph\"\n    },\n    \"e602\": {\n      \"role\": \"generic\"\n    },\n    \"e603\": {\n      \"role\": \"generic\"\n    },\n    \"e605\": {\n      \"role\": \"img\"\n    },\n    \"e608\": {\n      \"role\": \"paragraph\"\n    },\n    \"e611\": {\n      \"role\": \"button\",\n      \"name\": \"Invite Joseph N. to connect\"\n    },\n    \"e612\": {\n      \"role\": \"generic\"\n    },\n    \"e613\": {\n      \"role\": \"img\"\n    },\n    \"e616\": {\n      \"role\": \"generic\"\n    },\n    \"e618\": {\n      \"role\": \"button\",\n      \"name\": \"Remove Joseph N. as a suggestion\"\n    },\n    \"e620\": {\n      \"role\": \"img\"\n    },\n    \"e623\": {\n      \"role\": \"listitem\"\n    },\n    \"e624\": {\n      \"role\": \"generic\"\n    },\n    \"e625\": {\n      \"role\": \"generic\"\n    },\n    \"e626\": {\n      \"role\": \"link\",\n      \"name\": \"Lou is open to work Lou West, Verified Business Management Grad Passionate About Creative, Community-Driven Work | Digital Marketing & Strategy Enthusiast\"\n    },\n    \"e627\": {\n      \"role\": \"generic\"\n    },\n    \"e628\": {\n      \"role\": \"generic\",\n      \"name\": \"Lou is open to work\"\n    },\n    \"e629\": {\n      \"role\": \"figure\"\n    },\n    \"e630\": {\n      \"role\": \"img\"\n    },\n    \"e636\": {\n      \"role\": \"figure\"\n    },\n    \"e637\": {\n      \"role\": \"generic\"\n    },\n    \"e639\": {\n      \"role\": \"paragraph\"\n    },\n    \"e640\": {\n      \"role\": \"generic\"\n    },\n    \"e641\": {\n      \"role\": \"generic\"\n    },\n    \"e643\": {\n      \"role\": \"img\"\n    },\n    \"e646\": {\n      \"role\": \"paragraph\"\n    },\n    \"e649\": {\n      \"role\": \"button\",\n      \"name\": \"Invite Lou West to connect\"\n    },\n    \"e650\": {\n      \"role\": \"generic\"\n    },\n    \"e651\": {\n      \"role\": \"img\"\n    },\n    \"e654\": {\n      \"role\": \"generic\"\n    },\n    \"e656\": {\n      \"role\": \"button\",\n      \"name\": \"Remove Lou West as a suggestion\"\n    },\n    \"e658\": {\n      \"role\": \"img\"\n    },\n    \"e661\": {\n      \"role\": \"listitem\"\n    },\n    \"e662\": {\n      \"role\": \"generic\"\n    },\n    \"e663\": {\n      \"role\": \"generic\"\n    },\n    \"e664\": {\n      \"role\": \"link\",\n      \"name\": \"Jermaine Bruno --\"\n    },\n    \"e665\": {\n      \"role\": \"generic\"\n    },\n    \"e666\": {\n      \"role\": \"generic\"\n    },\n    \"e667\": {\n      \"role\": \"figure\"\n    },\n    \"e668\": {\n      \"role\": \"figure\"\n    },\n    \"e669\": {\n      \"role\": \"generic\"\n    },\n    \"e671\": {\n      \"role\": \"paragraph\"\n    },\n    \"e672\": {\n      \"role\": \"generic\"\n    },\n    \"e674\": {\n      \"role\": \"paragraph\"\n    },\n    \"e677\": {\n      \"role\": \"button\",\n      \"name\": \"Invite Jermaine Bruno to connect\"\n    },\n    \"e678\": {\n      \"role\": \"generic\"\n    },\n    \"e679\": {\n      \"role\": \"img\"\n    },\n    \"e682\": {\n      \"role\": \"generic\"\n    },\n    \"e684\": {\n      \"role\": \"button\",\n      \"name\": \"Remove Jermaine Bruno as a suggestion\"\n    },\n    \"e686\": {\n      \"role\": \"img\"\n    },\n    \"e689\": {\n      \"role\": \"listitem\"\n    },\n    \"e690\": {\n      \"role\": \"generic\"\n    },\n    \"e691\": {\n      \"role\": \"generic\"\n    },\n    \"e692\": {\n      \"role\": \"link\",\n      \"name\": \"Kevin Geiger, Verified Co-Founder @ Blue Wave 🌊\"\n    },\n    \"e693\": {\n      \"role\": \"generic\"\n    },\n    \"e694\": {\n      \"role\": \"generic\"\n    },\n    \"e695\": {\n      \"role\": \"figure\"\n    },\n    \"e696\": {\n      \"role\": \"figure\"\n    },\n    \"e697\": {\n      \"role\": \"generic\"\n    },\n    \"e699\": {\n      \"role\": \"paragraph\"\n    },\n    \"e700\": {\n      \"role\": \"generic\"\n    },\n    \"e701\": {\n      \"role\": \"generic\"\n    },\n    \"e703\": {\n      \"role\": \"img\"\n    },\n    \"e706\": {\n      \"role\": \"paragraph\"\n    },\n    \"e709\": {\n      \"role\": \"button\",\n      \"name\": \"Invite Kevin Geiger to connect\"\n    },\n    \"e710\": {\n      \"role\": \"generic\"\n    },\n    \"e711\": {\n      \"role\": \"img\"\n    },\n    \"e714\": {\n      \"role\": \"generic\"\n    },\n    \"e716\": {\n      \"role\": \"button\",\n      \"name\": \"Remove Kevin Geiger as a suggestion\"\n    },\n    \"e718\": {\n      \"role\": \"img\"\n    },\n    \"e721\": {\n      \"role\": \"listitem\"\n    },\n    \"e722\": {\n      \"role\": \"generic\"\n    },\n    \"e723\": {\n      \"role\": \"generic\"\n    },\n    \"e724\": {\n      \"role\": \"link\",\n      \"name\": \"Juan Trejo, Verified Buyer | Aerospace & Manufacturing | Supply Chain Management\"\n    },\n    \"e725\": {\n      \"role\": \"generic\"\n    },\n    \"e726\": {\n      \"role\": \"generic\"\n    },\n    \"e727\": {\n      \"role\": \"figure\"\n    },\n    \"e728\": {\n      \"role\": \"figure\"\n    },\n    \"e729\": {\n      \"role\": \"generic\"\n    },\n    \"e731\": {\n      \"role\": \"paragraph\"\n    },\n    \"e732\": {\n      \"role\": \"generic\"\n    },\n    \"e733\": {\n      \"role\": \"generic\"\n    },\n    \"e735\": {\n      \"role\": \"img\"\n    },\n    \"e738\": {\n      \"role\": \"paragraph\"\n    },\n    \"e741\": {\n      \"role\": \"button\",\n      \"name\": \"Invite Juan Trejo to connect\"\n    },\n    \"e742\": {\n      \"role\": \"generic\"\n    },\n    \"e743\": {\n      \"role\": \"img\"\n    },\n    \"e746\": {\n      \"role\": \"generic\"\n    },\n    \"e748\": {\n      \"role\": \"button\",\n      \"name\": \"Remove Juan Trejo as a suggestion\"\n    },\n    \"e750\": {\n      \"role\": \"img\"\n    },\n    \"e753\": {\n      \"role\": \"listitem\"\n    },\n    \"e754\": {\n      \"role\": \"generic\"\n    },\n    \"e755\": {\n      \"role\": \"generic\"\n    },\n    \"e756\": {\n      \"role\": \"link\",\n      \"name\": \"Konrad Fijołek Prezydent Miasta Rzeszów\"\n    },\n    \"e757\": {\n      \"role\": \"generic\"\n    },\n    \"e758\": {\n      \"role\": \"generic\"\n    },\n    \"e759\": {\n      \"role\": \"figure\"\n    },\n    \"e760\": {\n      \"role\": \"figure\"\n    },\n    \"e761\": {\n      \"role\": \"generic\"\n    },\n    \"e763\": {\n      \"role\": \"paragraph\"\n    },\n    \"e764\": {\n      \"role\": \"generic\"\n    },\n    \"e766\": {\n      \"role\": \"paragraph\"\n    },\n    \"e769\": {\n      \"role\": \"button\",\n      \"name\": \"Invite Konrad Fijołek to connect\"\n    },\n    \"e770\": {\n      \"role\": \"generic\"\n    },\n    \"e771\": {\n      \"role\": \"img\"\n    },\n    \"e774\": {\n      \"role\": \"generic\"\n    },\n    \"e776\": {\n      \"role\": \"button\",\n      \"name\": \"Remove Konrad Fijołek as a suggestion\"\n    },\n    \"e778\": {\n      \"role\": \"img\"\n    },\n    \"e782\": {\n      \"role\": \"generic\"\n    },\n    \"e784\": {\n      \"role\": \"generic\"\n    },\n    \"e785\": {\n      \"role\": \"heading\",\n      \"name\": \"Popular on LinkedIn\"\n    },\n    \"e786\": {\n      \"role\": \"link\",\n      \"name\": \"Show all suggestions for Popular on LinkedIn\"\n    },\n    \"e788\": {\n      \"role\": \"generic\"\n    },\n    \"e789\": {\n      \"role\": \"list\"\n    },\n    \"e791\": {\n      \"role\": \"listitem\"\n    },\n    \"e792\": {\n      \"role\": \"generic\"\n    },\n    \"e793\": {\n      \"role\": \"generic\"\n    },\n    \"e794\": {\n      \"role\": \"link\",\n      \"name\": \"Tomasz Rożek, PhD Nauka To Lubie\"\n    },\n    \"e795\": {\n      \"role\": \"generic\"\n    },\n    \"e796\": {\n      \"role\": \"generic\"\n    },\n    \"e797\": {\n      \"role\": \"figure\"\n    },\n    \"e798\": {\n      \"role\": \"img\"\n    },\n    \"e804\": {\n      \"role\": \"figure\"\n    },\n    \"e805\": {\n      \"role\": \"generic\"\n    },\n    \"e807\": {\n      \"role\": \"paragraph\"\n    },\n    \"e808\": {\n      \"role\": \"generic\"\n    },\n    \"e810\": {\n      \"role\": \"paragraph\"\n    },\n    \"e811\": {\n      \"role\": \"generic\"\n    },\n    \"e814\": {\n      \"role\": \"paragraph\"\n    },\n    \"e816\": {\n      \"role\": \"button\",\n      \"name\": \"Follow Tomasz Rożek, PhD\"\n    },\n    \"e817\": {\n      \"role\": \"generic\"\n    },\n    \"e818\": {\n      \"role\": \"img\"\n    },\n    \"e821\": {\n      \"role\": \"generic\"\n    },\n    \"e823\": {\n      \"role\": \"button\",\n      \"name\": \"Remove Tomasz Rożek, PhD as a suggestion\"\n    },\n    \"e825\": {\n      \"role\": \"img\"\n    },\n    \"e828\": {\n      \"role\": \"listitem\"\n    },\n    \"e829\": {\n      \"role\": \"generic\"\n    },\n    \"e830\": {\n      \"role\": \"generic\"\n    },\n    \"e831\": {\n      \"role\": \"link\",\n      \"name\": \"Szymon Szczesniak, Premium CEO at CodeTwo / JSON at HRejterzy\"\n    },\n    \"e832\": {\n      \"role\": \"generic\"\n    },\n    \"e833\": {\n      \"role\": \"generic\"\n    },\n    \"e834\": {\n      \"role\": \"figure\"\n    },\n    \"e835\": {\n      \"role\": \"img\"\n    },\n    \"e841\": {\n      \"role\": \"figure\"\n    },\n    \"e842\": {\n      \"role\": \"generic\"\n    },\n    \"e844\": {\n      \"role\": \"paragraph\"\n    },\n    \"e845\": {\n      \"role\": \"generic\"\n    },\n    \"e846\": {\n      \"role\": \"generic\"\n    },\n    \"e848\": {\n      \"role\": \"img\"\n    },\n    \"e851\": {\n      \"role\": \"paragraph\"\n    },\n    \"e852\": {\n      \"role\": \"generic\"\n    },\n    \"e855\": {\n      \"role\": \"paragraph\"\n    },\n    \"e857\": {\n      \"role\": \"button\",\n      \"name\": \"Follow Szymon Szczesniak\"\n    },\n    \"e858\": {\n      \"role\": \"generic\"\n    },\n    \"e859\": {\n      \"role\": \"img\"\n    },\n    \"e862\": {\n      \"role\": \"generic\"\n    },\n    \"e864\": {\n      \"role\": \"button\",\n      \"name\": \"Remove Szymon Szczesniak as a suggestion\"\n    },\n    \"e866\": {\n      \"role\": \"img\"\n    },\n    \"e869\": {\n      \"role\": \"listitem\"\n    },\n    \"e870\": {\n      \"role\": \"generic\"\n    },\n    \"e871\": {\n      \"role\": \"generic\"\n    },\n    \"e872\": {\n      \"role\": \"link\",\n      \"name\": \"Maciej Sawicki, Verified Async orgs & Remote-first leadership | Founder inStreamly | Gaming & new tech\"\n    },\n    \"e873\": {\n      \"role\": \"generic\"\n    },\n    \"e874\": {\n      \"role\": \"generic\"\n    },\n    \"e875\": {\n      \"role\": \"figure\"\n    },\n    \"e876\": {\n      \"role\": \"figure\"\n    },\n    \"e877\": {\n      \"role\": \"generic\"\n    },\n    \"e879\": {\n      \"role\": \"paragraph\"\n    },\n    \"e880\": {\n      \"role\": \"generic\"\n    },\n    \"e881\": {\n      \"role\": \"generic\"\n    },\n    \"e883\": {\n      \"role\": \"img\"\n    },\n    \"e886\": {\n      \"role\": \"paragraph\"\n    },\n    \"e887\": {\n      \"role\": \"generic\"\n    },\n    \"e890\": {\n      \"role\": \"paragraph\"\n    },\n    \"e892\": {\n      \"role\": \"button\",\n      \"name\": \"Follow Maciej Sawicki\"\n    },\n    \"e893\": {\n      \"role\": \"generic\"\n    },\n    \"e894\": {\n      \"role\": \"img\"\n    },\n    \"e897\": {\n      \"role\": \"generic\"\n    },\n    \"e899\": {\n      \"role\": \"button\",\n      \"name\": \"Remove Maciej Sawicki as a suggestion\"\n    },\n    \"e901\": {\n      \"role\": \"img\"\n    },\n    \"e904\": {\n      \"role\": \"listitem\"\n    },\n    \"e905\": {\n      \"role\": \"generic\"\n    },\n    \"e906\": {\n      \"role\": \"generic\"\n    },\n    \"e907\": {\n      \"role\": \"link\",\n      \"name\": \"Dr Maciej Kawecki, Verified Founder of This is it | This Is World President of the Lem Institute\"\n    },\n    \"e908\": {\n      \"role\": \"generic\"\n    },\n    \"e909\": {\n      \"role\": \"generic\"\n    },\n    \"e910\": {\n      \"role\": \"figure\"\n    },\n    \"e911\": {\n      \"role\": \"figure\"\n    },\n    \"e912\": {\n      \"role\": \"img\"\n    },\n    \"e918\": {\n      \"role\": \"generic\"\n    },\n    \"e920\": {\n      \"role\": \"paragraph\"\n    },\n    \"e921\": {\n      \"role\": \"generic\"\n    },\n    \"e922\": {\n      \"role\": \"generic\"\n    },\n    \"e924\": {\n      \"role\": \"img\"\n    },\n    \"e927\": {\n      \"role\": \"paragraph\"\n    },\n    \"e928\": {\n      \"role\": \"generic\"\n    },\n    \"e931\": {\n      \"role\": \"paragraph\"\n    },\n    \"e933\": {\n      \"role\": \"button\",\n      \"name\": \"Follow Dr Maciej Kawecki\"\n    },\n    \"e934\": {\n      \"role\": \"generic\"\n    },\n    \"e935\": {\n      \"role\": \"img\"\n    },\n    \"e938\": {\n      \"role\": \"generic\"\n    },\n    \"e940\": {\n      \"role\": \"button\",\n      \"name\": \"Remove Dr Maciej Kawecki as a suggestion\"\n    },\n    \"e942\": {\n      \"role\": \"img\"\n    },\n    \"e945\": {\n      \"role\": \"listitem\"\n    },\n    \"e946\": {\n      \"role\": \"generic\"\n    },\n    \"e947\": {\n      \"role\": \"generic\"\n    },\n    \"e948\": {\n      \"role\": \"link\",\n      \"name\": \"Martyna Wojciechowska, Premium Journalist, filmmaker, activist, founder of UNAWEZA Foundation\"\n    },\n    \"e949\": {\n      \"role\": \"generic\"\n    },\n    \"e950\": {\n      \"role\": \"generic\"\n    },\n    \"e951\": {\n      \"role\": \"figure\"\n    },\n    \"e952\": {\n      \"role\": \"figure\"\n    },\n    \"e953\": {\n      \"role\": \"generic\"\n    },\n    \"e955\": {\n      \"role\": \"paragraph\"\n    },\n    \"e956\": {\n      \"role\": \"generic\"\n    },\n    \"e957\": {\n      \"role\": \"generic\"\n    },\n    \"e959\": {\n      \"role\": \"img\"\n    },\n    \"e962\": {\n      \"role\": \"paragraph\"\n    },\n    \"e963\": {\n      \"role\": \"generic\"\n    },\n    \"e966\": {\n      \"role\": \"paragraph\"\n    },\n    \"e968\": {\n      \"role\": \"button\",\n      \"name\": \"Follow Martyna Wojciechowska\"\n    },\n    \"e969\": {\n      \"role\": \"generic\"\n    },\n    \"e970\": {\n      \"role\": \"img\"\n    },\n    \"e973\": {\n      \"role\": \"generic\"\n    },\n    \"e975\": {\n      \"role\": \"button\",\n      \"name\": \"Remove Martyna Wojciechowska as a suggestion\"\n    },\n    \"e977\": {\n      \"role\": \"img\"\n    },\n    \"e980\": {\n      \"role\": \"listitem\"\n    },\n    \"e981\": {\n      \"role\": \"generic\"\n    },\n    \"e982\": {\n      \"role\": \"generic\"\n    },\n    \"e983\": {\n      \"role\": \"link\",\n      \"name\": \"Kinga Szostko, Premium 📱 Analiza i monitoring social mediów 🌿 OSINT 🚨 Przemoc rówieśnicza ⚠️ Ochrona dzieci w sieci 🌐 Portal bezpiecznedziecko.org 🫴 Fundacja Prospoleczna.org 📲 Aplikacja KidsAlert 🫆\"\n    },\n    \"e984\": {\n      \"role\": \"generic\"\n    },\n    \"e985\": {\n      \"role\": \"generic\"\n    },\n    \"e986\": {\n      \"role\": \"figure\"\n    },\n    \"e987\": {\n      \"role\": \"figure\"\n    },\n    \"e988\": {\n      \"role\": \"generic\"\n    },\n    \"e990\": {\n      \"role\": \"paragraph\"\n    },\n    \"e991\": {\n      \"role\": \"generic\"\n    },\n    \"e992\": {\n      \"role\": \"generic\"\n    },\n    \"e994\": {\n      \"role\": \"img\"\n    },\n    \"e997\": {\n      \"role\": \"paragraph\"\n    },\n    \"e998\": {\n      \"role\": \"generic\"\n    },\n    \"e1001\": {\n      \"role\": \"paragraph\"\n    },\n    \"e1003\": {\n      \"role\": \"button\",\n      \"name\": \"Follow Kinga Szostko\"\n    },\n    \"e1004\": {\n      \"role\": \"generic\"\n    },\n    \"e1005\": {\n      \"role\": \"img\"\n    },\n    \"e1008\": {\n      \"role\": \"generic\"\n    },\n    \"e1010\": {\n      \"role\": \"button\",\n      \"name\": \"Remove Kinga Szostko as a suggestion\"\n    },\n    \"e1012\": {\n      \"role\": \"img\"\n    },\n    \"e1015\": {\n      \"role\": \"button\",\n      \"name\": \"Load more\"\n    },\n    \"e1017\": {\n      \"role\": \"generic\"\n    },\n    \"e1019\": {\n      \"role\": \"generic\"\n    },\n    \"e1021\": {\n      \"role\": \"generic\"\n    },\n    \"e1022\": {\n      \"role\": \"generic\"\n    },\n    \"e1023\": {\n      \"role\": \"img\",\n      \"name\": \"Petr Petrovich\"\n    },\n    \"e1025\": {\n      \"role\": \"generic\"\n    },\n    \"e1026\": {\n      \"role\": \"button\",\n      \"name\": \"You are on the messaging overlay. Press enter to open the list of conversations.\"\n    },\n    \"e1027\": {\n      \"role\": \"generic\"\n    },\n    \"e1028\": {\n      \"role\": \"generic\"\n    },\n    \"e1029\": {\n      \"role\": \"generic\"\n    },\n    \"e1030\": {\n      \"role\": \"generic\"\n    },\n    \"e1032\": {\n      \"role\": \"button\",\n      \"name\": \"Open messenger dropdown menu\"\n    },\n    \"e1033\": {\n      \"role\": \"img\",\n      \"name\": \"Open messenger dropdown menu\"\n    },\n    \"e1036\": {\n      \"role\": \"button\",\n      \"name\": \"Compose message\"\n    },\n    \"e1037\": {\n      \"role\": \"img\"\n    },\n    \"e1039\": {\n      \"role\": \"generic\"\n    },\n    \"e1040\": {\n      \"role\": \"button\",\n      \"name\": \"You are on the messaging overlay. Press enter to open the list of conversations.\"\n    },\n    \"e1041\": {\n      \"role\": \"img\"\n    },\n    \"e1043\": {\n      \"role\": \"generic\"\n    },\n    \"e1044\": {\n      \"role\": \"iframe\"\n    }\n  }\n}","stderr":""}
[2026-03-16T02:06:30.791Z] COMMAND {"command":"C:\\nvm4w\\nodejs\\node.exe","commandArgs":["C:\\nvm4w\\nodejs\\node_modules\\openclaw\\openclaw.mjs","browser","--browser-profile","chrome","--token","[masked]","snapshot","--target-id","90639ED977B1BEF43E8F48BE5157CF53","--limit","800","--json"],"openClawArgs":["browser","--browser-profile","chrome","--token","[masked]","snapshot","--target-id","90639ED977B1BEF43E8F48BE5157CF53","--limit","800","--json"],"expectsJson":true}
[2026-03-16T02:06:32.350Z] RESPONSE {"command":"C:\\nvm4w\\nodejs\\node.exe","commandArgs":["C:\\nvm4w\\nodejs\\node_modules\\openclaw\\openclaw.mjs","browser","--browser-profile","chrome","--token","[masked]","snapshot","--target-id","90639ED977B1BEF43E8F48BE5157CF53","--limit","800","--json"],"exitCode":0,"stdout":"{\n  \"ok\": true,\n  \"format\": \"ai\",\n  \"targetId\": \"90639ED977B1BEF43E8F48BE5157CF53\",\n  \"url\": \"https://www.linkedin.com/feed/\",\n  \"snapshot\": \"- generic [ref=e2]:\\n  - heading \\\"0 notifications\\\" [level=2] [ref=e3]\\n  - generic [ref=e4]:\\n    - generic:\\n      - button [ref=e5] [cursor=pointer]:\\n        - generic [ref=e7]: Skip to main content\\n      - button [ref=e8] [cursor=pointer]:\\n        - img [ref=e10]\\n    - generic [ref=e12]:\\n      - banner [ref=e14]:\\n        - generic [ref=e17]:\\n          - button \\\"LinkedIn\\\" [ref=e18] [cursor=pointer]:\\n            - img \\\"LinkedIn\\\" [ref=e19]\\n          - search [ref=e22]:\\n            - generic [ref=e23]:\\n              - img [ref=e25]\\n              - textbox \\\"Search\\\" [ref=e27]\\n          - generic [ref=e29]:\\n            - figure [ref=e34]\\n            - navigation [ref=e37]:\\n              - list [ref=e38]:\\n                - listitem [ref=e39]:\\n                  - button \\\"Home, 1 new notification\\\" [ref=e40] [cursor=pointer]:\\n                    - img [ref=e42]\\n                    - generic [ref=e46]: Home\\n                - listitem [ref=e47]:\\n                  - link \\\"My Network, 0 new notifications\\\" [ref=e48] [cursor=pointer]:\\n                    - /url: https://www.linkedin.com/mynetwork\\n                    - img [ref=e50]\\n                    - generic [ref=e53]: My Network\\n                - listitem [ref=e54]:\\n                  - button \\\"Jobs, 0 new notifications\\\" [ref=e55] [cursor=pointer]:\\n                    - img [ref=e57]\\n                    - generic [ref=e60]: Jobs\\n                - listitem [ref=e61]:\\n                  - link \\\"Messaging, 0 new notifications\\\" [ref=e62] [cursor=pointer]:\\n                    - /url: https://www.linkedin.com/messaging/\\n                    - img [ref=e64]\\n                    - generic [ref=e67]: Messaging\\n                - listitem [ref=e68]:\\n                  - link \\\"Notifications, 0 new notifications\\\" [ref=e69] [cursor=pointer]:\\n                    - /url: https://www.linkedin.com/notifications/\\n                    - img [ref=e71]\\n                    - generic [ref=e74]: Notifications\\n                - listitem [ref=e75]:\\n                  - button \\\"Me\\\" [ref=e76] [cursor=pointer]:\\n                    - figure [ref=e78]\\n                    - generic [ref=e80]:\\n                      - text: Me\\n                      - img [ref=e81]\\n            - generic [ref=e84]:\\n              - navigation [ref=e85]:\\n                - list [ref=e86]:\\n                  - listitem [ref=e87]:\\n                    - button \\\"For Business\\\" [ref=e88] [cursor=pointer]:\\n                      - img [ref=e90]\\n                      - generic [ref=e93]:\\n                        - text: For Business\\n                        - img [ref=e94]\\n              - link \\\"Try Premium for zł 0\\\" [ref=e97] [cursor=pointer]:\\n                - /url: https://www.linkedin.com/premium/products/?upsellOrderOrigin=Tracking%3Av1%3Apremium_nav_upsell_text%3ANav%3AIn-Product&referenceId=0WkMh2eIT4GQNg053WkXyg%3D%3D&isSS=false\\n                - generic [ref=e98]:\\n                  - img [ref=e99]\\n                  - paragraph [ref=e103]: Try Premium for zł 0\\n      - main [ref=e105]:\\n        - generic [ref=e107]:\\n          - generic [ref=e111]:\\n            - generic [ref=e116]:\\n              - generic [ref=e117]:\\n                - paragraph [ref=e118]: Network overview\\n                - generic [ref=e119]:\\n                  - generic [ref=e120]:\\n                    - paragraph [ref=e121]: \\\"0\\\"\\n                    - paragraph [ref=e122]: Invites sent\\n                  - link \\\"0 Connections\\\" [ref=e123] [cursor=pointer]:\\n                    - /url: https://www.linkedin.com/mynetwork/invite-connect/connections\\n                    - generic [ref=e124]:\\n                      - paragraph [ref=e125]: \\\"0\\\"\\n                      - paragraph [ref=e126]: Connections\\n                  - link \\\"0 Following\\\" [ref=e127] [cursor=pointer]:\\n                    - /url: https://www.linkedin.com/mynetwork/network-manager/people-follow/?filterType=member\\n                    - generic [ref=e128]:\\n                      - paragraph [ref=e129]: \\\"0\\\"\\n                      - paragraph [ref=e130]: Following\\n              - button \\\"Show more\\\" [ref=e132] [cursor=pointer]:\\n                - generic [ref=e133]:\\n                  - img [ref=e134]\\n                  - generic [ref=e136]: Show more\\n            - iframe [ref=e139]:\\n              - link \\\"Advertise on LinkedIn\\\" [ref=f218e3] [cursor=pointer]:\\n                - /url: https://www.linkedin.com/jobs/?trk=li_FA_global_careers_jobsgtm_jsFA_v1&mcid=6899045044465016833\\n                - img \\\"Advertise on LinkedIn\\\" [ref=f218e4]\\n            - generic [ref=e140]:\\n              - generic [ref=e141]:\\n                - link \\\"About\\\" [ref=e142] [cursor=pointer]:\\n                  - /url: https://about.linkedin.com/\\n                  - paragraph [ref=e143]: About\\n                - link \\\"Accessibility\\\" [ref=e144] [cursor=pointer]:\\n                  - /url: https://www.linkedin.com/accessibility/\\n                  - paragraph [ref=e145]: Accessibility\\n                - link \\\"Help Center\\\" [ref=e146] [cursor=pointer]:\\n                  - /url: https://www.linkedin.com/help/linkedin/\\n                  - paragraph [ref=e147]: Help Center\\n                - button \\\"Privacy & Terms\\\" [ref=e148] [cursor=pointer]:\\n                  - generic [ref=e149]:\\n                    - paragraph [ref=e150]: Privacy & Terms\\n                    - img [ref=e151]\\n                - link \\\"Ad Choices\\\" [ref=e153] [cursor=pointer]:\\n                  - /url: https://www.linkedin.com/help/linkedin/answer/62931/\\n                  - paragraph [ref=e154]: Ad Choices\\n                - link \\\"Advertising\\\" [ref=e155] [cursor=pointer]:\\n                  - /url: https://www.linkedin.com/ad/start/?trk=n_nav_ads_rr\\n                  - paragraph [ref=e156]: Advertising\\n                - button \\\"Business Services\\\" [ref=e157] [cursor=pointer]:\\n                  - generic [ref=e158]:\\n                    - paragraph [ref=e159]: Business Services\\n                    - img [ref=e160]\\n                - link \\\"Get the LinkedIn app\\\" [ref=e162] [cursor=pointer]:\\n                  - /url: https://www.linkedin.com/mobile/\\n                  - paragraph [ref=e163]: Get the LinkedIn app\\n                - link \\\"More\\\" [ref=e164] [cursor=pointer]:\\n                  - /url: https://www.linkedin.com/mynetwork/grow/\\n                  - paragraph [ref=e165]: More\\n              - generic [ref=e166]:\\n                - img [ref=e167]\\n                - paragraph [ref=e169]: LinkedIn Corporation © 2026\\n          - generic [ref=e173]:\\n            - generic [ref=e180]:\\n              - generic [ref=e181]:\\n                - paragraph [ref=e182]: Invite 5 of your colleagues to connect today\\n                - paragraph [ref=e183]: More connections means more opportunities. Start with friends, teammates, and managers.\\n              - generic [ref=e184]:\\n                - generic [ref=e185]:\\n                  - link \\\"1\\\" [ref=e188] [cursor=pointer]:\\n                    - /url: https://www.linkedin.com/mynetwork/upload-contacts-auth/?importOrigin=MyNetworkOnboarding\\n                    - paragraph [ref=e191]: \\\"1\\\"\\n                  - link \\\"2\\\" [ref=e194] [cursor=pointer]:\\n                    - /url: https://www.linkedin.com/mynetwork/upload-contacts-auth/?importOrigin=MyNetworkOnboarding\\n                    - paragraph [ref=e197]: \\\"2\\\"\\n                  - link \\\"3\\\" [ref=e200] [cursor=pointer]:\\n                    - /url: https://www.linkedin.com/mynetwork/upload-contacts-auth/?importOrigin=MyNetworkOnboarding\\n                    - paragraph [ref=e203]: \\\"3\\\"\\n                  - link \\\"4\\\" [ref=e206] [cursor=pointer]:\\n                    - /url: https://www.linkedin.com/mynetwork/upload-contacts-auth/?importOrigin=MyNetworkOnboarding\\n                    - paragraph [ref=e209]: \\\"4\\\"\\n                  - link \\\"5\\\" [ref=e212] [cursor=pointer]:\\n                    - /url: https://www.linkedin.com/mynetwork/upload-contacts-auth/?importOrigin=MyNetworkOnboarding\\n                    - paragraph [ref=e215]: \\\"5\\\"\\n                - link \\\"Search for people you know\\\" [ref=e216] [cursor=pointer]:\\n                  - /url: https://www.linkedin.com/mynetwork/grow/\\n                  - generic [ref=e217]:\\n                    - img [ref=e218]\\n                    - generic [ref=e220]: Search for people you know\\n            - generic [ref=e225]:\\n              - generic [ref=e226]:\\n                - heading \\\"No pending invitations\\\" [level=2] [ref=e228]\\n                - link \\\"Manage all invitations\\\" [ref=e229] [cursor=pointer]:\\n                  - /url: https://www.linkedin.com/mynetwork/invitation-manager/\\n                  - generic [ref=e231]: Manage\\n              - list\\n            - generic [ref=e234]:\\n              - generic [ref=e236]:\\n                - heading \\\"People you may know in Warsaw Metropolitan Area\\\" [level=3] [ref=e237]\\n                - link \\\"Show all suggestions for People you may know in Warsaw Metropolitan Area\\\" [ref=e238] [cursor=pointer]:\\n                  - /url: https://www.linkedin.com/mynetwork/grow/\\n                  - generic [ref=e240]: Show all\\n              - list [ref=e241]:\\n                - listitem [ref=e243]:\\n                  - generic [ref=e244]:\\n                    - generic [ref=e245]:\\n                      - link \\\"Jakub P., Premium IT Service Delivery Management\\\" [ref=e246] [cursor=pointer]:\\n                        - /url: https://www.linkedin.com/in/jakubpacholski/\\n                        - generic [ref=e247]:\\n                          - generic [ref=e248]:\\n                            - figure [ref=e249]\\n                            - figure [ref=e250]:\\n                              - img [ref=e251]\\n                          - generic [ref=e257]:\\n                            - paragraph [ref=e259]:\\n                              - generic [ref=e260]: Jakub P., Premium\\n                              - generic [ref=e261]:\\n                                - text: Jakub P.\\n                                - img [ref=e263]\\n                            - paragraph [ref=e266]: IT Service Delivery Management\\n                      - button \\\"Invite Jakub P. to connect\\\" [ref=e269] [cursor=pointer]:\\n                        - generic [ref=e270]:\\n                          - img [ref=e271]\\n                          - generic [ref=e274]: Connect\\n                    - button \\\"Remove Jakub P. as a suggestion\\\" [ref=e276] [cursor=pointer]:\\n                      - img [ref=e278]\\n                - listitem [ref=e281]:\\n                  - generic [ref=e282]:\\n                    - generic [ref=e283]:\\n                      - link \\\"Sławomir Dec, Verified Cybersecurity|CISSP\\\" [ref=e284] [cursor=pointer]:\\n                        - /url: https://www.linkedin.com/in/s%C5%82awomir-dec/\\n                        - generic [ref=e285]:\\n                          - generic [ref=e286]:\\n                            - figure [ref=e287]\\n                            - figure [ref=e288]\\n                          - generic [ref=e289]:\\n                            - paragraph [ref=e291]:\\n                              - generic [ref=e292]: Sławomir Dec, Verified\\n                              - generic [ref=e293]:\\n                                - text: Sławomir Dec\\n                                - img [ref=e295]\\n                            - paragraph [ref=e298]: Cybersecurity|CISSP\\n                      - button \\\"Invite Sławomir Dec to connect\\\" [ref=e301] [cursor=pointer]:\\n                        - generic [ref=e302]:\\n                          - img [ref=e303]\\n                          - generic [ref=e306]: Connect\\n                    - button \\\"Remove Sławomir Dec as a suggestion\\\" [ref=e308] [cursor=pointer]:\\n                      - img [ref=e310]\\n                - listitem [ref=e313]:\\n                  - generic [ref=e314]:\\n                    - generic [ref=e315]:\\n                      - link \\\"Adam Szafara Helping businesses to raise its digital potential🌏\\\" [ref=e316] [cursor=pointer]:\\n                        - /url: https://www.linkedin.com/in/szafara/\\n                        - generic [ref=e317]:\\n                          - generic [ref=e318]:\\n                            - figure [ref=e319]\\n                            - figure [ref=e320]:\\n                              - img [ref=e321]\\n                          - generic [ref=e327]:\\n                            - paragraph [ref=e329]:\\n                              - generic [ref=e330]: Adam Szafara\\n                              - text: Adam Szafara\\n                            - paragraph [ref=e332]: Helping businesses to raise its digital potential🌏\\n                      - button \\\"Invite Adam Szafara to connect\\\" [ref=e335] [cursor=pointer]:\\n                        - generic [ref=e336]:\\n                          - img [ref=e337]\\n                          - generic [ref=e340]: Connect\\n                    - button \\\"Remove Adam Szafara as a suggestion\\\" [ref=e342] [cursor=pointer]:\\n                      - img [ref=e344]\\n                - listitem [ref=e347]:\\n                  - generic [ref=e348]:\\n                    - generic [ref=e349]:\\n                      - link \\\"Andrzej Jargiło Specjalista magazynier\\\" [ref=e350] [cursor=pointer]:\\n                        - /url: https://www.linkedin.com/in/andrzej-jargi%C5%82o-b6b546100/\\n                        - generic [ref=e351]:\\n                          - generic [ref=e352]:\\n                            - figure [ref=e353]\\n                            - figure [ref=e354]\\n                          - generic [ref=e355]:\\n                            - paragraph [ref=e357]:\\n                              - generic [ref=e358]: Andrzej Jargiło\\n                              - text: Andrzej Jargiło\\n                            - paragraph [ref=e360]: Specjalista magazynier\\n                      - button \\\"Invite Andrzej Jargiło to connect\\\" [ref=e363] [cursor=pointer]:\\n                        - generic [ref=e364]:\\n                          - img [ref=e365]\\n                          - generic [ref=e368]: Connect\\n                    - button \\\"Remove Andrzej Jargiło as a suggestion\\\" [ref=e370] [cursor=pointer]:\\n                      - img [ref=e372]\\n                - listitem [ref=e375]:\\n                  - generic [ref=e376]:\\n                    - generic [ref=e377]:\\n                      - link \\\"Marcin Owsianka, Verified Business Development Manager at Ledatel\\\" [ref=e378] [cursor=pointer]:\\n                        - /url: https://www.linkedin.com/in/marcin-owsianka/\\n                        - generic [ref=e379]:\\n                          - generic [ref=e380]:\\n                            - figure [ref=e381]\\n                            - figure [ref=e382]\\n                          - generic [ref=e383]:\\n                            - paragraph [ref=e385]:\\n                              - generic [ref=e386]: Marcin Owsianka, Verified\\n                              - generic [ref=e387]:\\n                                - text: Marcin Owsianka\\n                                - img [ref=e389]\\n                            - paragraph [ref=e392]: Business Development Manager at Ledatel\\n                      - button \\\"Invite Marcin Owsianka to connect\\\" [ref=e395] [cursor=pointer]:\\n                        - generic [ref=e396]:\\n                          - img [ref=e397]\\n                          - generic [ref=e400]: Connect\\n                    - button \\\"Remove Marcin Owsianka as a suggestion\\\" [ref=e402] [cursor=pointer]:\\n                      - img [ref=e404]\\n                - listitem [ref=e407]:\\n                  - generic [ref=e408]:\\n                    - generic [ref=e409]:\\n                      - link \\\"Natallia Zhalabkovich, Verified Data Engineering\\\" [ref=e410] [cursor=pointer]:\\n                        - /url: https://www.linkedin.com/in/natallia-zhalabkovich/\\n                        - generic [ref=e411]:\\n                          - generic [ref=e412]:\\n                            - figure [ref=e413]:\\n                              - img [ref=e414]\\n                            - figure [ref=e420]\\n                          - generic [ref=e421]:\\n                            - paragraph [ref=e423]:\\n                              - generic [ref=e424]: Natallia Zhalabkovich, Verified\\n                              - generic [ref=e425]:\\n                                - text: Natallia Zhalabkovich\\n                                - img [ref=e427]\\n                            - paragraph [ref=e430]: Data Engineering\\n                      - button \\\"Invite Natallia Zhalabkovich to connect\\\" [ref=e433] [cursor=pointer]:\\n                        - generic [ref=e434]:\\n                          - img [ref=e435]\\n                          - generic [ref=e438]: Connect\\n                    - button \\\"Remove Natallia Zhalabkovich as a suggestion\\\" [ref=e440] [cursor=pointer]:\\n                      - img [ref=e442]\\n                - listitem [ref=e445]:\\n                  - generic [ref=e446]:\\n                    - generic [ref=e447]:\\n                      - link \\\"Jerzy Lipiński, Verified Product Manager at Omnires\\\" [ref=e448] [cursor=pointer]:\\n                        - /url: https://www.linkedin.com/in/jerzylipinski/\\n                        - generic [ref=e449]:\\n                          - generic [ref=e450]:\\n                            - figure [ref=e451]\\n                            - figure [ref=e452]\\n                          - generic [ref=e453]:\\n                            - paragraph [ref=e455]:\\n                              - generic [ref=e456]: Jerzy Lipiński, Verified\\n                              - generic [ref=e457]:\\n                                - text: Jerzy Lipiński\\n                                - img [ref=e459]\\n                            - paragraph [ref=e462]: Product Manager at Omnires\\n                      - button \\\"Invite Jerzy Lipiński to connect\\\" [ref=e465] [cursor=pointer]:\\n                        - generic [ref=e466]:\\n                          - img [ref=e467]\\n                          - generic [ref=e470]: Connect\\n                    - button \\\"Remove Jerzy Lipiński as a suggestion\\\" [ref=e472] [cursor=pointer]:\\n                      - img [ref=e474]\\n                - listitem [ref=e477]:\\n                  - generic [ref=e478]:\\n                    - generic [ref=e479]:\\n                      - link \\\"Mustafa FIRINCI, Verified Sales Manager | 20+ Years in Retail & Customer Management | MBA | Based in Warsaw\\\" [ref=e480] [cursor=pointer]:\\n                        - /url: https://www.linkedin.com/in/mustafafirinci/\\n                        - generic [ref=e481]:\\n                          - generic [ref=e482]:\\n                            - figure [ref=e483]\\n                            - figure [ref=e484]\\n                          - generic [ref=e485]:\\n                            - paragraph [ref=e487]:\\n                              - generic [ref=e488]: Mustafa FIRINCI, Verified\\n                              - generic [ref=e489]:\\n                                - text: Mustafa FIRINCI\\n                                - img [ref=e491]\\n                            - paragraph [ref=e494]: Sales Manager | 20+ Years in Retail & Customer Management | MBA | Based in Warsaw\\n                      - button \\\"Invite Mustafa FIRINCI to connect\\\" [ref=e497] [cursor=pointer]:\\n                        - generic [ref=e498]:\\n                          - img [ref=e499]\\n                          - generic [ref=e502]: Connect\\n                    - button \\\"Remove Mustafa FIRINCI as a suggestion\\\" [ref=e504] [cursor=pointer]:\\n                      - img [ref=e506]\\n            - generic [ref=e510]:\\n              - generic [ref=e512]:\\n                - heading \\\"People you may know based on your recent activity\\\" [level=3] [ref=e513]\\n                - link \\\"Show all suggestions for People you may know based on your recent activity\\\" [ref=e514] [cursor=pointer]:\\n                  - /url: https://www.linkedin.com/mynetwork/grow/\\n                  - generic [ref=e516]: Show all\\n              - list [ref=e517]:\\n                - listitem [ref=e519]:\\n                  - generic [ref=e520]:\\n                    - generic [ref=e521]:\\n                      - link \\\"Trenton is open to work Trenton Murphy, Premium Salesperson @ 1800-Hansons | Sales, Resiliency\\\" [ref=e522] [cursor=pointer]:\\n                        - /url: https://www.linkedin.com/in/trenton-murphy-720280381/\\n                        - generic [ref=e523]:\\n                          - generic \\\"Trenton is open to work\\\" [ref=e524]:\\n                            - figure [ref=e525]:\\n                              - img [ref=e526]\\n                            - figure [ref=e532]\\n                          - generic [ref=e533]:\\n                            - paragraph [ref=e535]:\\n                              - generic [ref=e536]: Trenton Murphy, Premium\\n                              - generic [ref=e537]:\\n                                - text: Trenton Murphy\\n                                - img [ref=e539]\\n                            - paragraph [ref=e542]: Salesperson @ 1800-Hansons | Sales, Resiliency\\n                      - button \\\"Invite Trenton Murphy to connect\\\" [ref=e545] [cursor=pointer]:\\n                        - generic [ref=e546]:\\n                          - img [ref=e547]\\n                          - generic [ref=e550]: Connect\\n                    - button \\\"Remove Trenton Murphy as a suggestion\\\" [ref=e552] [cursor=pointer]:\\n                      - img [ref=e554]\\n                - listitem [ref=e557]:\\n                  - generic [ref=e558]:\\n                    - generic [ref=e559]:\\n                      - link \\\"Mary Joy Erestain Virtual Assistant / Social Media Manager\\\" [ref=e560] [cursor=pointer]:\\n                        - /url: https://www.linkedin.com/in/mary-joy-erestain-22b696227/\\n                        - generic [ref=e561]:\\n                          - generic [ref=e562]:\\n                            - figure [ref=e563]:\\n                              - img [ref=e564]\\n                            - figure [ref=e570]\\n                          - generic [ref=e571]:\\n                            - paragraph [ref=e573]:\\n                              - generic [ref=e574]: Mary Joy Erestain\\n                              - text: Mary Joy Erestain\\n                            - paragraph [ref=e576]: Virtual Assistant / Social Media Manager\\n                      - button \\\"Invite Mary Joy Erestain to connect\\\" [ref=e579] [cursor=pointer]:\\n                        - generic [ref=e580]:\\n                          - img [ref=e581]\\n                          - generic [ref=e584]: Connect\\n                    - button \\\"Remove Mary Joy Erestain as a suggestion\\\" [ref=e586] [cursor=pointer]:\\n                      - img [ref=e588]\\n                - listitem [ref=e591]:\\n                  - generic [ref=e592]:\\n                    - generic [ref=e593]:\\n                      - link \\\"Joseph N., Verified Accounting Professional in San Diego\\\" [ref=e594] [cursor=pointer]:\\n                        - /url: https://www.linkedin.com/in/joseph-n-33364b1aa/\\n                        - generic [ref=e595]:\\n                          - generic [ref=e596]:\\n                            - figure [ref=e597]\\n                            - figure [ref=e598]\\n                          - generic [ref=e599]:\\n                            - paragraph [ref=e601]:\\n                              - generic [ref=e602]: Joseph N., Verified\\n                              - generic [ref=e603]:\\n                                - text: Joseph N.\\n                                - img [ref=e605]\\n                            - paragraph [ref=e608]: Accounting Professional in San Diego\\n                      - button \\\"Invite Joseph N. to connect\\\" [ref=e611] [cursor=pointer]:\\n                        - generic [ref=e612]:\\n                          - img [ref=e613]\\n                          - generic [ref=e616]: Connect\\n                    - button \\\"Remove Joseph N. as a suggestion\\\" [ref=e618] [cursor=pointer]:\\n                      - img [ref=e620]\\n                - listitem [ref=e623]:\\n                  - generic [ref=e624]:\\n                    - generic [ref=e625]:\\n                      - link \\\"Lou is open to work Lou West, Verified Business Management Grad Passionate About Creative, Community-Driven Work | Digital Marketing & Strategy Enthusiast\\\" [ref=e626] [cursor=pointer]:\\n                        - /url: https://www.linkedin.com/in/lou-west/\\n                        - generic [ref=e627]:\\n                          - generic \\\"Lou is open to work\\\" [ref=e628]:\\n                            - figure [ref=e629]:\\n                              - img [ref=e630]\\n                            - figure [ref=e636]\\n                          - generic [ref=e637]:\\n                            - paragraph [ref=e639]:\\n                              - generic [ref=e640]: Lou West, Verified\\n                              - generic [ref=e641]:\\n                                - text: Lou West\\n                                - img [ref=e643]\\n                            - paragraph [ref=e646]: Business Management Grad Passionate About Creative, Community-Driven Work | Digital Marketing & Strategy Enthusiast\\n                      - button \\\"Invite Lou West to connect\\\" [ref=e649] [cursor=pointer]:\\n                        - generic [ref=e650]:\\n                          - img [ref=e651]\\n                          - generic [ref=e654]: Connect\\n                    - button \\\"Remove Lou West as a suggestion\\\" [ref=e656] [cursor=pointer]:\\n                      - img [ref=e658]\\n                - listitem [ref=e661]:\\n                  - generic [ref=e662]:\\n                    - generic [ref=e663]:\\n                      - link \\\"Jermaine Bruno --\\\" [ref=e664] [cursor=pointer]:\\n                        - /url: https://www.linkedin.com/in/jermaine-bruno-a914b8324/\\n                        - generic [ref=e665]:\\n                          - generic [ref=e666]:\\n                            - figure [ref=e667]\\n                            - figure [ref=e668]\\n                          - generic [ref=e669]:\\n                            - paragraph [ref=e671]:\\n                              - generic [ref=e672]: Jermaine Bruno\\n                              - text: Jermaine Bruno\\n                            - paragraph [ref=e674]: \\\"--\\\"\\n                      - button \\\"Invite Jermaine Bruno to connect\\\" [ref=e677] [cursor=pointer]:\\n                        - generic [ref=e678]:\\n                          - img [ref=e679]\\n                          - generic [ref=e682]: Connect\\n                    - button \\\"Remove Jermaine Bruno as a suggestion\\\" [ref=e684] [cursor=pointer]:\\n                      - img [ref=e686]\\n                - listitem [ref=e689]:\\n                  - generic [ref=e690]:\\n                    - generic [ref=e691]:\\n                      - link \\\"Kevin Geiger, Verified Co-Founder @ Blue Wave 🌊\\\" [ref=e692] [cursor=pointer]:\\n                        - /url: https://www.linkedin.com/in/kevin-geiger-03006023/\\n                        - generic [ref=e693]:\\n                          - generic [ref=e694]:\\n                            - figure [ref=e695]\\n                            - figure [ref=e696]\\n                          - generic [ref=e697]:\\n                            - paragraph [ref=e699]:\\n                              - generic [ref=e700]: Kevin Geiger, Verified\\n                              - generic [ref=e701]:\\n                                - text: Kevin Geiger\\n                                - img [ref=e703]\\n                            - paragraph [ref=e706]: Co-Founder @ Blue Wave 🌊\\n                      - button \\\"Invite Kevin Geiger to connect\\\" [ref=e709] [cursor=pointer]:\\n                        - generic [ref=e710]:\\n                          - img [ref=e711]\\n                          - generic [ref=e714]: Connect\\n                    - button \\\"Remove Kevin Geiger as a suggestion\\\" [ref=e716] [cursor=pointer]:\\n                      - img [ref=e718]\\n                - listitem [ref=e721]:\\n                  - generic [ref=e722]:\\n                    - generic [ref=e723]:\\n                      - link \\\"Juan Trejo, Verified Buyer | Aerospace & Manufacturing | Supply Chain Management\\\" [ref=e724] [cursor=pointer]:\\n                        - /url: https://www.linkedin.com/in/juan-trejo-1b916a32a/\\n                        - generic [ref=e725]:\\n                          - generic [ref=e726]:\\n                            - figure [ref=e727]\\n                            - figure [ref=e728]\\n                          - generic [ref=e729]:\\n                            - paragraph [ref=e731]:\\n                              - generic [ref=e732]: Juan Trejo, Verified\\n                              - generic [ref=e733]:\\n                                - text: Juan Trejo\\n                                - img [ref=e735]\\n                            - paragraph [ref=e738]: Buyer | Aerospace & Manufacturing | Supply Chain Management\\n                      - button \\\"Invite Juan Trejo to connect\\\" [ref=e741] [cursor=pointer]:\\n                        - generic [ref=e742]:\\n                          - img [ref=e743]\\n                          - generic [ref=e746]: Connect\\n                    - button \\\"Remove Juan Trejo as a suggestion\\\" [ref=e748] [cursor=pointer]:\\n                      - img [ref=e750]\\n                - listitem [ref=e753]:\\n                  - generic [ref=e754]:\\n                    - generic [ref=e755]:\\n                      - link \\\"Konrad Fijołek Prezydent Miasta Rzeszów\\\" [ref=e756] [cursor=pointer]:\\n                        - /url: https://www.linkedin.com/in/konradfijo%C5%82ek/\\n                        - generic [ref=e757]:\\n                          - generic [ref=e758]:\\n                            - figure [ref=e759]\\n                            - figure [ref=e760]\\n                          - generic [ref=e761]:\\n                            - paragraph [ref=e763]:\\n                              - generic [ref=e764]: Konrad Fijołek\\n                              - text: Konrad Fijołek\\n                            - paragraph [ref=e766]: Prezydent Miasta Rzeszów\\n                      - button \\\"Invite Konrad Fijołek to connect\\\" [ref=e769] [cursor=pointer]:\\n                        - generic [ref=e770]:\\n                          - img [ref=e771]\\n                          - generic [ref=e774]: Connect\\n                    - button \\\"Remove Konrad Fijołek as a suggestion\\\" [ref=e776] [cursor=pointer]:\\n                      - img [ref=e778]\\n            - generic [ref=e782]:\\n              - generic [ref=e784]:\\n                - heading \\\"Popular on LinkedIn\\\" [level=3] [ref=e785]\\n                - link \\\"Show all suggestions for Popular on LinkedIn\\\" [ref=e786] [cursor=pointer]:\\n                  - /url: https://www.linkedin.com/mynetwork/grow/\\n                  - generic [ref=e788]: Show all\\n              - list [ref=e789]:\\n                - listitem [ref=e791]:\\n                  - generic [ref=e792]:\\n                    - generic [ref=e793]:\\n                      - link \\\"Tomasz Rożek, PhD Nauka To Lubie\\\" [ref=e794] [cursor=pointer]:\\n                        - /url: https://www.linkedin.com/in/tomasz-ro%C5%BCek-phd-303b1b6/\\n                        - generic [ref=e795]:\\n                          - generic [ref=e796]:\\n                            - figure [ref=e797]:\\n                              - img [ref=e798]\\n                            - figure [ref=e804]\\n                          - generic [ref=e805]:\\n                            - paragraph [ref=e807]:\\n                              - generic [ref=e808]: Tomasz Rożek, PhD\\n                              - text: Tomasz Rożek, PhD\\n                            - paragraph [ref=e810]: Nauka To Lubie\\n                      - generic [ref=e811]:\\n                        - paragraph [ref=e814]: 83,898 followers\\n                        - button \\\"Follow Tomasz Rożek, PhD\\\" [ref=e816] [cursor=pointer]:\\n                          - generic [ref=e817]:\\n                            - img [ref=e818]\\n                            - generic [ref=e821]: Follow\\n                    - button \\\"Remove Tomasz Rożek, PhD as a suggestion\\\" [ref=e823] [cursor=pointer]:\\n                      - img [ref=e825]\\n                - listitem [ref=e828]:\\n                  - generic [ref=e829]:\\n                    - generic [ref=e830]:\\n                      - link \\\"Szymon Szczesniak, Premium CEO at CodeTwo / JSON at HRejterzy\\\" [ref=e831] [cursor=pointer]:\\n                        - /url: https://www.linkedin.com/in/codetwojson/\\n                        - generic [ref=e832]:\\n                          - generic [ref=e833]:\\n                            - figure [ref=e834]:\\n                              - img [ref=e835]\\n                            - figure [ref=e841]\\n                          - generic [ref=e842]:\\n                            - paragraph [ref=e844]:\\n                              - generic [ref=e845]: Szymon Szczesniak, Premium\\n                              - generic [ref=e846]:\\n                                - text: Szymon Szczesniak\\n                                - img [ref=e848]\\n                            - paragraph [ref=e851]: CEO at CodeTwo / JSON at HRejterzy\\n                      - generic [ref=e852]:\\n                        - paragraph [ref=e855]: 185,375 followers\\n                        - button \\\"Follow Szymon Szczesniak\\\" [ref=e857] [cursor=pointer]:\\n                          - generic [ref=e858]:\\n                            - img [ref=e859]\\n                            - generic [ref=e862]: Follow\\n                    - button \\\"Remove Szymon Szczesniak as a suggestion\\\" [ref=e864] [cursor=pointer]:\\n                      - img [ref=e866]\\n                - listitem [ref=e869]:\\n                  - generic [ref=e870]:\\n                    - generic [ref=e871]:\\n                      - link \\\"Maciej Sawicki, Verified Async orgs & Remote-first leadership | Founder inStreamly | Gaming & new tech\\\" [ref=e872] [cursor=pointer]:\\n                        - /url: https://www.linkedin.com/in/maciejsawiksawicki/\\n                        - generic [ref=e873]:\\n                          - generic [ref=e874]:\\n                            - figure [ref=e875]\\n                            - figure [ref=e876]\\n                          - generic [ref=e877]:\\n                            - paragraph [ref=e879]:\\n                              - generic [ref=e880]: Maciej Sawicki, Verified\\n                              - generic [ref=e881]:\\n                                - text: Maciej Sawicki\\n                                - img [ref=e883]\\n                            - paragraph [ref=e886]: Async orgs & Remote-first leadership | Founder inStreamly | Gaming & new tech\\n                      - generic [ref=e887]:\\n                        - paragraph [ref=e890]: 18,229 followers\\n                        - button \\\"Follow Maciej Sawicki\\\" [ref=e892] [cursor=pointer]:\\n                          - generic [ref=e893]:\\n                            - img [ref=e894]\\n                            - generic [ref=e897]: Follow\\n                    - button \\\"Remove Maciej Sawicki as a suggestion\\\" [ref=e899] [cursor=pointer]:\\n                      - img [ref=e901]\\n                - listitem [ref=e904]:\\n                  - generic [ref=e905]:\\n                    - generic [ref=e906]:\\n                      - link \\\"Dr Maciej Kawecki, Verified Founder of This is it | This Is World President of the Lem Institute\\\" [ref=e907] [cursor=pointer]:\\n                        - /url: https://www.linkedin.com/in/maciejkawecki/\\n                        - generic [ref=e908]:\\n                          - generic [ref=e909]:\\n                            - figure [ref=e910]\\n                            - figure [ref=e911]:\\n                              - img [ref=e912]\\n                          - generic [ref=e918]:\\n                            - paragraph [ref=e920]:\\n                              - generic [ref=e921]: Dr Maciej Kawecki, Verified\\n                              - generic [ref=e922]:\\n                                - text: Dr Maciej Kawecki\\n                                - img [ref=e924]\\n                            - paragraph [ref=e927]: Founder of This is it | This Is World President of the Lem Institute\\n                      - generic [ref=e928]:\\n                        - paragraph [ref=e931]: 177,045 followers\\n                        - button \\\"Follow Dr Maciej Kawecki\\\" [ref=e933] [cursor=pointer]:\\n                          - generic [ref=e934]:\\n                            - img [ref=e935]\\n                            - generic [ref=e938]: Follow\\n                    - button \\\"Remove Dr Maciej Kawecki as a suggestion\\\" [ref=e940] [cursor=pointer]:\\n                      - img [ref=e942]\\n                - listitem [ref=e945]:\\n                  - generic [ref=e946]:\\n                    - generic [ref=e947]:\\n                      - link \\\"Martyna Wojciechowska, Premium Journalist, filmmaker, activist, founder of UNAWEZA Foundation\\\" [ref=e948] [cursor=pointer]:\\n                        - /url: https://www.linkedin.com/in/martyna-wojciechowska-world/en/\\n                        - generic [ref=e949]:\\n                          - generic [ref=e950]:\\n                            - figure [ref=e951]\\n                            - figure [ref=e952]\\n                          - generic [ref=e953]:\\n                            - paragraph [ref=e955]:\\n                              - generic [ref=e956]: Martyna Wojciechowska, Premium\\n                              - generic [ref=e957]:\\n                                - text: Martyna Wojciechowska\\n                                - img [ref=e959]\\n                            - paragraph [ref=e962]: Journalist, filmmaker, activist, founder of UNAWEZA Foundation\\n                      - generic [ref=e963]:\\n                        - paragraph [ref=e966]: 79,346 followers\\n                        - button \\\"Follow Martyna Wojciechowska\\\" [ref=e968] [cursor=pointer]:\\n                          - generic [ref=e969]:\\n                            - img [ref=e970]\\n                            - generic [ref=e973]: Follow\\n                    - button \\\"Remove Martyna Wojciechowska as a suggestion\\\" [ref=e975] [cursor=pointer]:\\n                      - img [ref=e977]\\n                - listitem [ref=e980]:\\n                  - generic [ref=e981]:\\n                    - generic [ref=e982]:\\n                      - link \\\"Kinga Szostko, Premium 📱 Analiza i monitoring social mediów 🌿 OSINT 🚨 Przemoc rówieśnicza ⚠️ Ochrona dzieci w sieci 🌐 Portal bezpiecznedziecko.org 🫴 Fundacja Prospoleczna.org 📲 Aplikacja KidsAlert 🫆\\\" [ref=e983] [cursor=pointer]:\\n                        - /url: https://www.linkedin.com/in/kinga-szostko-985b65220/\\n                        - generic [ref=e984]:\\n                          - generic [ref=e985]:\\n                            - figure [ref=e986]\\n                            - figure [ref=e987]\\n                          - generic [ref=e988]:\\n                            - paragraph [ref=e990]:\\n                              - generic [ref=e991]: Kinga Szostko, Premium\\n                              - generic [ref=e992]:\\n                                - text: Kinga Szostko\\n                                - img [ref=e994]\\n                            - paragraph [ref=e997]: 📱 Analiza i monitoring social mediów 🌿 OSINT 🚨 Przemoc rówieśnicza ⚠️ Ochrona dzieci w sieci 🌐 Portal bezpiecznedziecko.org 🫴 Fundacja Prospoleczna.org 📲 Aplikacja KidsAlert 🫆\\n                      - generic [ref=e998]:\\n                        - paragraph [ref=e1001]: 11,163 followers\\n                        - button \\\"Follow Kinga Szostko\\\" [ref=e1003] [cursor=pointer]:\\n                          - generic [ref=e1004]:\\n                            - img [ref=e1005]\\n                            - generic [ref=e1008]: Follow\\n                    - button \\\"Remove Kinga Szostko as a suggestion\\\" [ref=e1010] [cursor=pointer]:\\n                      - img [ref=e1012]\\n            - button \\\"Load more\\\" [ref=e1015] [cursor=pointer]:\\n              - generic [ref=e1017]: Load more\\n  - generic:\\n    - generic:\\n      - generic:\\n        - generic:\\n          - complementary:\\n            - generic [ref=e1019]:\\n              - generic [ref=e1021] [cursor=pointer]:\\n                - generic [ref=e1022]:\\n                  - img \\\"Petr Petrovich\\\" [ref=e1023]\\n                  - generic [ref=e1025]: Status is online\\n                - button \\\"You are on the messaging overlay. Press enter to open the list of conversations.\\\" [ref=e1026]:\\n                  - generic [ref=e1027]:\\n                    - generic [ref=e1028]: Messaging\\n                    - generic [ref=e1029]: You are on the messaging overlay. Press enter to open the list of conversations.\\n              - generic [ref=e1030]:\\n                - button \\\"Open messenger dropdown menu\\\" [ref=e1032] [cursor=pointer]:\\n                  - img \\\"Open messenger dropdown menu\\\" [ref=e1033]\\n                - button \\\"Compose message\\\" [ref=e1036] [cursor=pointer]:\\n                  - img [ref=e1037]\\n                  - generic [ref=e1039]: Compose message\\n                - button \\\"You are on the messaging overlay. Press enter to open the list of conversations.\\\" [ref=e1040] [cursor=pointer]:\\n                  - img [ref=e1041]\\n                  - generic [ref=e1043]: You are on the messaging overlay. Press enter to open the list of conversations.\\n          - complementary \\\"AI-powered assistant to get help with your career, jobs etc\\\"\\n  - iframe [ref=e1044]:\\n    - generic [active] [ref=f207e1]:\\n      - generic:\\n        - region \\\"Toast message\\\":\\n          - heading \\\"0 notifications total\\\" [level=2] [ref=f207e3]\\n          - alert\\n      - region [ref=f207e4]\\n      - generic [ref=f207e5]:\\n        - generic [ref=f207e7]:\\n          - button \\\"Skip to search\\\" [ref=f207e8] [cursor=pointer]:\\n            - generic [ref=f207e9]: Skip to search\\n          - button \\\"Skip to main content\\\" [ref=f207e10] [cursor=pointer]:\\n            - generic [ref=f207e11]: Skip to main content\\n          - button \\\"Keyboard shortcuts\\\" [ref=f207e12] [cursor=pointer]:\\n            - generic [ref=f207e13]: Keyboard shortcuts\\n          - button \\\"Close jump menu\\\" [ref=f207e14] [cursor=pointer]:\\n            - img [ref=f207e15]\\n            - generic [ref=f207e17]: Close jump menu\\n        - banner \\\"Global Navigation\\\" [ref=f207e18]:\\n          - generic [ref=f207e19]:\\n            - link \\\"LinkedIn\\\" [ref=f207e20] [cursor=pointer]:\\n              - /url: https://www.linkedin.com/feed/?nis=true\\n              - img \\\"LinkedIn\\\" [ref=f207e23]:\\n                - img [ref=f207e24]\\n            - generic [ref=f207e28]:\\n              - combobox \\\"Search\\\" [ref=f207e29]\\n              - generic:\\n                - img\\n            - navigation \\\"Primary Navigation\\\" [ref=f207e30]:\\n              - list [ref=f207e31]:\\n                - listitem [ref=f207e32]:\\n                  - link \\\"new feed updates notifications Home\\\" [ref=f207e33] [cursor=pointer]:\\n                    - /url: https://www.linkedin.com/feed/?nis=true&\\n                    - generic [ref=f207e34]:\\n                      - generic [ref=f207e37]: new feed updates notifications\\n                      - img [ref=f207e41]\\n                    - generic \\\"Home\\\" [ref=f207e43]\\n                - listitem [ref=f207e44]:\\n                  - link \\\"My Network\\\" [ref=f207e45] [cursor=pointer]:\\n                    - /url: https://www.linkedin.com/mynetwork/?\\n                    - img [ref=f207e49]\\n                    - generic \\\"My Network\\\" [ref=f207e51]\\n                - listitem [ref=f207e52]:\\n                  - link \\\"Jobs\\\" [ref=f207e53] [cursor=pointer]:\\n                    - /url: https://www.linkedin.com/jobs/?\\n                    - img [ref=f207e57]\\n                    - generic \\\"Jobs\\\" [ref=f207e59]\\n                - listitem [ref=f207e60]:\\n                  - link \\\"Messaging\\\" [ref=f207e61] [cursor=pointer]:\\n                    - /url: https://www.linkedin.com/messaging/?\\n                    - img [ref=f207e65]\\n                    - generic \\\"Messaging\\\" [ref=f207e67]\\n                - listitem [ref=f207e68]:\\n                  - link \\\"Notifications\\\" [ref=f207e69] [cursor=pointer]:\\n                    - /url: https://www.linkedin.com/notifications/?\\n                    - img [ref=f207e73]\\n                    - generic \\\"Notifications\\\" [ref=f207e75]\\n                - listitem [ref=f207e76]:\\n                  - button \\\"Petr Petrovich Me\\\" [ref=f207e78] [cursor=pointer]:\\n                    - img \\\"Petr Petrovich\\\" [ref=f207e79]\\n                    - generic [ref=f207e80]:\\n                      - text: Me\\n                      - img [ref=f207e81]\\n                - listitem [ref=f207e83]:\\n                  - button \\\"For Business\\\" [ref=f207e85] [cursor=pointer]:\\n                    - img [ref=f207e89]\\n                    - generic \\\"For Business\\\" [ref=f207e91]:\\n                      - text: For Business\\n                      - img [ref=f207e92]\\n                - listitem [ref=f207e94]:\\n                  - link \\\"Try Premium for zł 0\\\" [ref=f207e96] [cursor=pointer]:\\n                    - /url: javascript:void(0)\\n                    - generic [ref=f207e97]:\\n                      - img [ref=f207e98]\\n                      - generic [ref=f207e100]: Try Premium for zł 0\",\n  \"refs\": {\n    \"e2\": {\n      \"role\": \"generic\"\n    },\n    \"e3\": {\n      \"role\": \"heading\",\n      \"name\": \"0 notifications\"\n    },\n    \"e4\": {\n      \"role\": \"generic\"\n    },\n    \"e5\": {\n      \"role\": \"button\"\n    },\n    \"e7\": {\n      \"role\": \"generic\"\n    },\n    \"e8\": {\n      \"role\": \"button\"\n    },\n    \"e10\": {\n      \"role\": \"img\"\n    },\n    \"e12\": {\n      \"role\": \"generic\"\n    },\n    \"e14\": {\n      \"role\": \"banner\"\n    },\n    \"e17\": {\n      \"role\": \"generic\"\n    },\n    \"e18\": {\n      \"role\": \"button\",\n      \"name\": \"LinkedIn\"\n    },\n    \"e19\": {\n      \"role\": \"img\",\n      \"name\": \"LinkedIn\"\n    },\n    \"e22\": {\n      \"role\": \"search\"\n    },\n    \"e23\": {\n      \"role\": \"generic\"\n    },\n    \"e25\": {\n      \"role\": \"img\"\n    },\n    \"e27\": {\n      \"role\": \"textbox\",\n      \"name\": \"Search\"\n    },\n    \"e29\": {\n      \"role\": \"generic\"\n    },\n    \"e34\": {\n      \"role\": \"figure\"\n    },\n    \"e37\": {\n      \"role\": \"navigation\"\n    },\n    \"e38\": {\n      \"role\": \"list\"\n    },\n    \"e39\": {\n      \"role\": \"listitem\"\n    },\n    \"e40\": {\n      \"role\": \"button\",\n      \"name\": \"Home, 1 new notification\"\n    },\n    \"e42\": {\n      \"role\": \"img\"\n    },\n    \"e46\": {\n      \"role\": \"generic\"\n    },\n    \"e47\": {\n      \"role\": \"listitem\"\n    },\n    \"e48\": {\n      \"role\": \"link\",\n      \"name\": \"My Network, 0 new notifications\"\n    },\n    \"e50\": {\n      \"role\": \"img\"\n    },\n    \"e53\": {\n      \"role\": \"generic\"\n    },\n    \"e54\": {\n      \"role\": \"listitem\"\n    },\n    \"e55\": {\n      \"role\": \"button\",\n      \"name\": \"Jobs, 0 new notifications\"\n    },\n    \"e57\": {\n      \"role\": \"img\"\n    },\n    \"e60\": {\n      \"role\": \"generic\"\n    },\n    \"e61\": {\n      \"role\": \"listitem\"\n    },\n    \"e62\": {\n      \"role\": \"link\",\n      \"name\": \"Messaging, 0 new notifications\"\n    },\n    \"e64\": {\n      \"role\": \"img\"\n    },\n    \"e67\": {\n      \"role\": \"generic\"\n    },\n    \"e68\": {\n      \"role\": \"listitem\"\n    },\n    \"e69\": {\n      \"role\": \"link\",\n      \"name\": \"Notifications, 0 new notifications\"\n    },\n    \"e71\": {\n      \"role\": \"img\"\n    },\n    \"e74\": {\n      \"role\": \"generic\"\n    },\n    \"e75\": {\n      \"role\": \"listitem\"\n    },\n    \"e76\": {\n      \"role\": \"button\",\n      \"name\": \"Me\"\n    },\n    \"e78\": {\n      \"role\": \"figure\"\n    },\n    \"e80\": {\n      \"role\": \"generic\"\n    },\n    \"e81\": {\n      \"role\": \"img\"\n    },\n    \"e84\": {\n      \"role\": \"generic\"\n    },\n    \"e85\": {\n      \"role\": \"navigation\"\n    },\n    \"e86\": {\n      \"role\": \"list\"\n    },\n    \"e87\": {\n      \"role\": \"listitem\"\n    },\n    \"e88\": {\n      \"role\": \"button\",\n      \"name\": \"For Business\"\n    },\n    \"e90\": {\n      \"role\": \"img\"\n    },\n    \"e93\": {\n      \"role\": \"generic\"\n    },\n    \"e94\": {\n      \"role\": \"img\"\n    },\n    \"e97\": {\n      \"role\": \"link\",\n      \"name\": \"Try Premium for zł 0\"\n    },\n    \"e98\": {\n      \"role\": \"generic\"\n    },\n    \"e99\": {\n      \"role\": \"img\"\n    },\n    \"e103\": {\n      \"role\": \"paragraph\"\n    },\n    \"e105\": {\n      \"role\": \"main\"\n    },\n    \"e107\": {\n      \"role\": \"generic\"\n    },\n    \"e111\": {\n      \"role\": \"generic\"\n    },\n    \"e116\": {\n      \"role\": \"generic\"\n    },\n    \"e117\": {\n      \"role\": \"generic\"\n    },\n    \"e118\": {\n      \"role\": \"paragraph\"\n    },\n    \"e119\": {\n      \"role\": \"generic\"\n    },\n    \"e120\": {\n      \"role\": \"generic\"\n    },\n    \"e121\": {\n      \"role\": \"paragraph\"\n    },\n    \"e122\": {\n      \"role\": \"paragraph\"\n    },\n    \"e123\": {\n      \"role\": \"link\",\n      \"name\": \"0 Connections\"\n    },\n    \"e124\": {\n      \"role\": \"generic\"\n    },\n    \"e125\": {\n      \"role\": \"paragraph\"\n    },\n    \"e126\": {\n      \"role\": \"paragraph\"\n    },\n    \"e127\": {\n      \"role\": \"link\",\n      \"name\": \"0 Following\"\n    },\n    \"e128\": {\n      \"role\": \"generic\"\n    },\n    \"e129\": {\n      \"role\": \"paragraph\"\n    },\n    \"e130\": {\n      \"role\": \"paragraph\"\n    },\n    \"e132\": {\n      \"role\": \"button\",\n      \"name\": \"Show more\"\n    },\n    \"e133\": {\n      \"role\": \"generic\"\n    },\n    \"e134\": {\n      \"role\": \"img\"\n    },\n    \"e136\": {\n      \"role\": \"generic\"\n    },\n    \"e139\": {\n      \"role\": \"iframe\"\n    },\n    \"e140\": {\n      \"role\": \"generic\"\n    },\n    \"e141\": {\n      \"role\": \"generic\"\n    },\n    \"e142\": {\n      \"role\": \"link\",\n      \"name\": \"About\"\n    },\n    \"e143\": {\n      \"role\": \"paragraph\"\n    },\n    \"e144\": {\n      \"role\": \"link\",\n      \"name\": \"Accessibility\"\n    },\n    \"e145\": {\n      \"role\": \"paragraph\"\n    },\n    \"e146\": {\n      \"role\": \"link\",\n      \"name\": \"Help Center\"\n    },\n    \"e147\": {\n      \"role\": \"paragraph\"\n    },\n    \"e148\": {\n      \"role\": \"button\",\n      \"name\": \"Privacy & Terms\"\n    },\n    \"e149\": {\n      \"role\": \"generic\"\n    },\n    \"e150\": {\n      \"role\": \"paragraph\"\n    },\n    \"e151\": {\n      \"role\": \"img\"\n    },\n    \"e153\": {\n      \"role\": \"link\",\n      \"name\": \"Ad Choices\"\n    },\n    \"e154\": {\n      \"role\": \"paragraph\"\n    },\n    \"e155\": {\n      \"role\": \"link\",\n      \"name\": \"Advertising\"\n    },\n    \"e156\": {\n      \"role\": \"paragraph\"\n    },\n    \"e157\": {\n      \"role\": \"button\",\n      \"name\": \"Business Services\"\n    },\n    \"e158\": {\n      \"role\": \"generic\"\n    },\n    \"e159\": {\n      \"role\": \"paragraph\"\n    },\n    \"e160\": {\n      \"role\": \"img\"\n    },\n    \"e162\": {\n      \"role\": \"link\",\n      \"name\": \"Get the LinkedIn app\"\n    },\n    \"e163\": {\n      \"role\": \"paragraph\"\n    },\n    \"e164\": {\n      \"role\": \"link\",\n      \"name\": \"More\"\n    },\n    \"e165\": {\n      \"role\": \"paragraph\"\n    },\n    \"e166\": {\n      \"role\": \"generic\"\n    },\n    \"e167\": {\n      \"role\": \"img\"\n    },\n    \"e169\": {\n      \"role\": \"paragraph\"\n    },\n    \"e173\": {\n      \"role\": \"generic\"\n    },\n    \"e180\": {\n      \"role\": \"generic\"\n    },\n    \"e181\": {\n      \"role\": \"generic\"\n    },\n    \"e182\": {\n      \"role\": \"paragraph\"\n    },\n    \"e183\": {\n      \"role\": \"paragraph\"\n    },\n    \"e184\": {\n      \"role\": \"generic\"\n    },\n    \"e185\": {\n      \"role\": \"generic\"\n    },\n    \"e188\": {\n      \"role\": \"link\",\n      \"name\": \"1\"\n    },\n    \"e191\": {\n      \"role\": \"paragraph\"\n    },\n    \"e194\": {\n      \"role\": \"link\",\n      \"name\": \"2\"\n    },\n    \"e197\": {\n      \"role\": \"paragraph\"\n    },\n    \"e200\": {\n      \"role\": \"link\",\n      \"name\": \"3\"\n    },\n    \"e203\": {\n      \"role\": \"paragraph\"\n    },\n    \"e206\": {\n      \"role\": \"link\",\n      \"name\": \"4\"\n    },\n    \"e209\": {\n      \"role\": \"paragraph\"\n    },\n    \"e212\": {\n      \"role\": \"link\",\n      \"name\": \"5\"\n    },\n    \"e215\": {\n      \"role\": \"paragraph\"\n    },\n    \"e216\": {\n      \"role\": \"link\",\n      \"name\": \"Search for people you know\"\n    },\n    \"e217\": {\n      \"role\": \"generic\"\n    },\n    \"e218\": {\n      \"role\": \"img\"\n    },\n    \"e220\": {\n      \"role\": \"generic\"\n    },\n    \"e225\": {\n      \"role\": \"generic\"\n    },\n    \"e226\": {\n      \"role\": \"generic\"\n    },\n    \"e228\": {\n      \"role\": \"heading\",\n      \"name\": \"No pending invitations\"\n    },\n    \"e229\": {\n      \"role\": \"link\",\n      \"name\": \"Manage all invitations\"\n    },\n    \"e231\": {\n      \"role\": \"generic\"\n    },\n    \"e234\": {\n      \"role\": \"generic\"\n    },\n    \"e236\": {\n      \"role\": \"generic\"\n    },\n    \"e237\": {\n      \"role\": \"heading\",\n      \"name\": \"People you may know in Warsaw Metropolitan Area\"\n    },\n    \"e238\": {\n      \"role\": \"link\",\n      \"name\": \"Show all suggestions for People you may know in Warsaw Metropolitan Area\"\n    },\n    \"e240\": {\n      \"role\": \"generic\"\n    },\n    \"e241\": {\n      \"role\": \"list\"\n    },\n    \"e243\": {\n      \"role\": \"listitem\"\n    },\n    \"e244\": {\n      \"role\": \"generic\"\n    },\n    \"e245\": {\n      \"role\": \"generic\"\n    },\n    \"e246\": {\n      \"role\": \"link\",\n      \"name\": \"Jakub P., Premium IT Service Delivery Management\"\n    },\n    \"e247\": {\n      \"role\": \"generic\"\n    },\n    \"e248\": {\n      \"role\": \"generic\"\n    },\n    \"e249\": {\n      \"role\": \"figure\"\n    },\n    \"e250\": {\n      \"role\": \"figure\"\n    },\n    \"e251\": {\n      \"role\": \"img\"\n    },\n    \"e257\": {\n      \"role\": \"generic\"\n    },\n    \"e259\": {\n      \"role\": \"paragraph\"\n    },\n    \"e260\": {\n      \"role\": \"generic\"\n    },\n    \"e261\": {\n      \"role\": \"generic\"\n    },\n    \"e263\": {\n      \"role\": \"img\"\n    },\n    \"e266\": {\n      \"role\": \"paragraph\"\n    },\n    \"e269\": {\n      \"role\": \"button\",\n      \"name\": \"Invite Jakub P. to connect\"\n    },\n    \"e270\": {\n      \"role\": \"generic\"\n    },\n    \"e271\": {\n      \"role\": \"img\"\n    },\n    \"e274\": {\n      \"role\": \"generic\"\n    },\n    \"e276\": {\n      \"role\": \"button\",\n      \"name\": \"Remove Jakub P. as a suggestion\"\n    },\n    \"e278\": {\n      \"role\": \"img\"\n    },\n    \"e281\": {\n      \"role\": \"listitem\"\n    },\n    \"e282\": {\n      \"role\": \"generic\"\n    },\n    \"e283\": {\n      \"role\": \"generic\"\n    },\n    \"e284\": {\n      \"role\": \"link\",\n      \"name\": \"Sławomir Dec, Verified Cybersecurity|CISSP\"\n    },\n    \"e285\": {\n      \"role\": \"generic\"\n    },\n    \"e286\": {\n      \"role\": \"generic\"\n    },\n    \"e287\": {\n      \"role\": \"figure\"\n    },\n    \"e288\": {\n      \"role\": \"figure\"\n    },\n    \"e289\": {\n      \"role\": \"generic\"\n    },\n    \"e291\": {\n      \"role\": \"paragraph\"\n    },\n    \"e292\": {\n      \"role\": \"generic\"\n    },\n    \"e293\": {\n      \"role\": \"generic\"\n    },\n    \"e295\": {\n      \"role\": \"img\"\n    },\n    \"e298\": {\n      \"role\": \"paragraph\"\n    },\n    \"e301\": {\n      \"role\": \"button\",\n      \"name\": \"Invite Sławomir Dec to connect\"\n    },\n    \"e302\": {\n      \"role\": \"generic\"\n    },\n    \"e303\": {\n      \"role\": \"img\"\n    },\n    \"e306\": {\n      \"role\": \"generic\"\n    },\n    \"e308\": {\n      \"role\": \"button\",\n      \"name\": \"Remove Sławomir Dec as a suggestion\"\n    },\n    \"e310\": {\n      \"role\": \"img\"\n    },\n    \"e313\": {\n      \"role\": \"listitem\"\n    },\n    \"e314\": {\n      \"role\": \"generic\"\n    },\n    \"e315\": {\n      \"role\": \"generic\"\n    },\n    \"e316\": {\n      \"role\": \"link\",\n      \"name\": \"Adam Szafara Helping businesses to raise its digital potential🌏\"\n    },\n    \"e317\": {\n      \"role\": \"generic\"\n    },\n    \"e318\": {\n      \"role\": \"generic\"\n    },\n    \"e319\": {\n      \"role\": \"figure\"\n    },\n    \"e320\": {\n      \"role\": \"figure\"\n    },\n    \"e321\": {\n      \"role\": \"img\"\n    },\n    \"e327\": {\n      \"role\": \"generic\"\n    },\n    \"e329\": {\n      \"role\": \"paragraph\"\n    },\n    \"e330\": {\n      \"role\": \"generic\"\n    },\n    \"e332\": {\n      \"role\": \"paragraph\"\n    },\n    \"e335\": {\n      \"role\": \"button\",\n      \"name\": \"Invite Adam Szafara to connect\"\n    },\n    \"e336\": {\n      \"role\": \"generic\"\n    },\n    \"e337\": {\n      \"role\": \"img\"\n    },\n    \"e340\": {\n      \"role\": \"generic\"\n    },\n    \"e342\": {\n      \"role\": \"button\",\n      \"name\": \"Remove Adam Szafara as a suggestion\"\n    },\n    \"e344\": {\n      \"role\": \"img\"\n    },\n    \"e347\": {\n      \"role\": \"listitem\"\n    },\n    \"e348\": {\n      \"role\": \"generic\"\n    },\n    \"e349\": {\n      \"role\": \"generic\"\n    },\n    \"e350\": {\n      \"role\": \"link\",\n      \"name\": \"Andrzej Jargiło Specjalista magazynier\"\n    },\n    \"e351\": {\n      \"role\": \"generic\"\n    },\n    \"e352\": {\n      \"role\": \"generic\"\n    },\n    \"e353\": {\n      \"role\": \"figure\"\n    },\n    \"e354\": {\n      \"role\": \"figure\"\n    },\n    \"e355\": {\n      \"role\": \"generic\"\n    },\n    \"e357\": {\n      \"role\": \"paragraph\"\n    },\n    \"e358\": {\n      \"role\": \"generic\"\n    },\n    \"e360\": {\n      \"role\": \"paragraph\"\n    },\n    \"e363\": {\n      \"role\": \"button\",\n      \"name\": \"Invite Andrzej Jargiło to connect\"\n    },\n    \"e364\": {\n      \"role\": \"generic\"\n    },\n    \"e365\": {\n      \"role\": \"img\"\n    },\n    \"e368\": {\n      \"role\": \"generic\"\n    },\n    \"e370\": {\n      \"role\": \"button\",\n      \"name\": \"Remove Andrzej Jargiło as a suggestion\"\n    },\n    \"e372\": {\n      \"role\": \"img\"\n    },\n    \"e375\": {\n      \"role\": \"listitem\"\n    },\n    \"e376\": {\n      \"role\": \"generic\"\n    },\n    \"e377\": {\n      \"role\": \"generic\"\n    },\n    \"e378\": {\n      \"role\": \"link\",\n      \"name\": \"Marcin Owsianka, Verified Business Development Manager at Ledatel\"\n    },\n    \"e379\": {\n      \"role\": \"generic\"\n    },\n    \"e380\": {\n      \"role\": \"generic\"\n    },\n    \"e381\": {\n      \"role\": \"figure\"\n    },\n    \"e382\": {\n      \"role\": \"figure\"\n    },\n    \"e383\": {\n      \"role\": \"generic\"\n    },\n    \"e385\": {\n      \"role\": \"paragraph\"\n    },\n    \"e386\": {\n      \"role\": \"generic\"\n    },\n    \"e387\": {\n      \"role\": \"generic\"\n    },\n    \"e389\": {\n      \"role\": \"img\"\n    },\n    \"e392\": {\n      \"role\": \"paragraph\"\n    },\n    \"e395\": {\n      \"role\": \"button\",\n      \"name\": \"Invite Marcin Owsianka to connect\"\n    },\n    \"e396\": {\n      \"role\": \"generic\"\n    },\n    \"e397\": {\n      \"role\": \"img\"\n    },\n    \"e400\": {\n      \"role\": \"generic\"\n    },\n    \"e402\": {\n      \"role\": \"button\",\n      \"name\": \"Remove Marcin Owsianka as a suggestion\"\n    },\n    \"e404\": {\n      \"role\": \"img\"\n    },\n    \"e407\": {\n      \"role\": \"listitem\"\n    },\n    \"e408\": {\n      \"role\": \"generic\"\n    },\n    \"e409\": {\n      \"role\": \"generic\"\n    },\n    \"e410\": {\n      \"role\": \"link\",\n      \"name\": \"Natallia Zhalabkovich, Verified Data Engineering\"\n    },\n    \"e411\": {\n      \"role\": \"generic\"\n    },\n    \"e412\": {\n      \"role\": \"generic\"\n    },\n    \"e413\": {\n      \"role\": \"figure\"\n    },\n    \"e414\": {\n      \"role\": \"img\"\n    },\n    \"e420\": {\n      \"role\": \"figure\"\n    },\n    \"e421\": {\n      \"role\": \"generic\"\n    },\n    \"e423\": {\n      \"role\": \"paragraph\"\n    },\n    \"e424\": {\n      \"role\": \"generic\"\n    },\n    \"e425\": {\n      \"role\": \"generic\"\n    },\n    \"e427\": {\n      \"role\": \"img\"\n    },\n    \"e430\": {\n      \"role\": \"paragraph\"\n    },\n    \"e433\": {\n      \"role\": \"button\",\n      \"name\": \"Invite Natallia Zhalabkovich to connect\"\n    },\n    \"e434\": {\n      \"role\": \"generic\"\n    },\n    \"e435\": {\n      \"role\": \"img\"\n    },\n    \"e438\": {\n      \"role\": \"generic\"\n    },\n    \"e440\": {\n      \"role\": \"button\",\n      \"name\": \"Remove Natallia Zhalabkovich as a suggestion\"\n    },\n    \"e442\": {\n      \"role\": \"img\"\n    },\n    \"e445\": {\n      \"role\": \"listitem\"\n    },\n    \"e446\": {\n      \"role\": \"generic\"\n    },\n    \"e447\": {\n      \"role\": \"generic\"\n    },\n    \"e448\": {\n      \"role\": \"link\",\n      \"name\": \"Jerzy Lipiński, Verified Product Manager at Omnires\"\n    },\n    \"e449\": {\n      \"role\": \"generic\"\n    },\n    \"e450\": {\n      \"role\": \"generic\"\n    },\n    \"e451\": {\n      \"role\": \"figure\"\n    },\n    \"e452\": {\n      \"role\": \"figure\"\n    },\n    \"e453\": {\n      \"role\": \"generic\"\n    },\n    \"e455\": {\n      \"role\": \"paragraph\"\n    },\n    \"e456\": {\n      \"role\": \"generic\"\n    },\n    \"e457\": {\n      \"role\": \"generic\"\n    },\n    \"e459\": {\n      \"role\": \"img\"\n    },\n    \"e462\": {\n      \"role\": \"paragraph\"\n    },\n    \"e465\": {\n      \"role\": \"button\",\n      \"name\": \"Invite Jerzy Lipiński to connect\"\n    },\n    \"e466\": {\n      \"role\": \"generic\"\n    },\n    \"e467\": {\n      \"role\": \"img\"\n    },\n    \"e470\": {\n      \"role\": \"generic\"\n    },\n    \"e472\": {\n      \"role\": \"button\",\n      \"name\": \"Remove Jerzy Lipiński as a suggestion\"\n    },\n    \"e474\": {\n      \"role\": \"img\"\n    },\n    \"e477\": {\n      \"role\": \"listitem\"\n    },\n    \"e478\": {\n      \"role\": \"generic\"\n    },\n    \"e479\": {\n      \"role\": \"generic\"\n    },\n    \"e480\": {\n      \"role\": \"link\",\n      \"name\": \"Mustafa FIRINCI, Verified Sales Manager | 20+ Years in Retail & Customer Management | MBA | Based in Warsaw\"\n    },\n    \"e481\": {\n      \"role\": \"generic\"\n    },\n    \"e482\": {\n      \"role\": \"generic\"\n    },\n    \"e483\": {\n      \"role\": \"figure\"\n    },\n    \"e484\": {\n      \"role\": \"figure\"\n    },\n    \"e485\": {\n      \"role\": \"generic\"\n    },\n    \"e487\": {\n      \"role\": \"paragraph\"\n    },\n    \"e488\": {\n      \"role\": \"generic\"\n    },\n    \"e489\": {\n      \"role\": \"generic\"\n    },\n    \"e491\": {\n      \"role\": \"img\"\n    },\n    \"e494\": {\n      \"role\": \"paragraph\"\n    },\n    \"e497\": {\n      \"role\": \"button\",\n      \"name\": \"Invite Mustafa FIRINCI to connect\"\n    },\n    \"e498\": {\n      \"role\": \"generic\"\n    },\n    \"e499\": {\n      \"role\": \"img\"\n    },\n    \"e502\": {\n      \"role\": \"generic\"\n    },\n    \"e504\": {\n      \"role\": \"button\",\n      \"name\": \"Remove Mustafa FIRINCI as a suggestion\"\n    },\n    \"e506\": {\n      \"role\": \"img\"\n    },\n    \"e510\": {\n      \"role\": \"generic\"\n    },\n    \"e512\": {\n      \"role\": \"generic\"\n    },\n    \"e513\": {\n      \"role\": \"heading\",\n      \"name\": \"People you may know based on your recent activity\"\n    },\n    \"e514\": {\n      \"role\": \"link\",\n      \"name\": \"Show all suggestions for People you may know based on your recent activity\"\n    },\n    \"e516\": {\n      \"role\": \"generic\"\n    },\n    \"e517\": {\n      \"role\": \"list\"\n    },\n    \"e519\": {\n      \"role\": \"listitem\"\n    },\n    \"e520\": {\n      \"role\": \"generic\"\n    },\n    \"e521\": {\n      \"role\": \"generic\"\n    },\n    \"e522\": {\n      \"role\": \"link\",\n      \"name\": \"Trenton is open to work Trenton Murphy, Premium Salesperson @ 1800-Hansons | Sales, Resiliency\"\n    },\n    \"e523\": {\n      \"role\": \"generic\"\n    },\n    \"e524\": {\n      \"role\": \"generic\",\n      \"name\": \"Trenton is open to work\"\n    },\n    \"e525\": {\n      \"role\": \"figure\"\n    },\n    \"e526\": {\n      \"role\": \"img\"\n    },\n    \"e532\": {\n      \"role\": \"figure\"\n    },\n    \"e533\": {\n      \"role\": \"generic\"\n    },\n    \"e535\": {\n      \"role\": \"paragraph\"\n    },\n    \"e536\": {\n      \"role\": \"generic\"\n    },\n    \"e537\": {\n      \"role\": \"generic\"\n    },\n    \"e539\": {\n      \"role\": \"img\"\n    },\n    \"e542\": {\n      \"role\": \"paragraph\"\n    },\n    \"e545\": {\n      \"role\": \"button\",\n      \"name\": \"Invite Trenton Murphy to connect\"\n    },\n    \"e546\": {\n      \"role\": \"generic\"\n    },\n    \"e547\": {\n      \"role\": \"img\"\n    },\n    \"e550\": {\n      \"role\": \"generic\"\n    },\n    \"e552\": {\n      \"role\": \"button\",\n      \"name\": \"Remove Trenton Murphy as a suggestion\"\n    },\n    \"e554\": {\n      \"role\": \"img\"\n    },\n    \"e557\": {\n      \"role\": \"listitem\"\n    },\n    \"e558\": {\n      \"role\": \"generic\"\n    },\n    \"e559\": {\n      \"role\": \"generic\"\n    },\n    \"e560\": {\n      \"role\": \"link\",\n      \"name\": \"Mary Joy Erestain Virtual Assistant / Social Media Manager\"\n    },\n    \"e561\": {\n      \"role\": \"generic\"\n    },\n    \"e562\": {\n      \"role\": \"generic\"\n    },\n    \"e563\": {\n      \"role\": \"figure\"\n    },\n    \"e564\": {\n      \"role\": \"img\"\n    },\n    \"e570\": {\n      \"role\": \"figure\"\n    },\n    \"e571\": {\n      \"role\": \"generic\"\n    },\n    \"e573\": {\n      \"role\": \"paragraph\"\n    },\n    \"e574\": {\n      \"role\": \"generic\"\n    },\n    \"e576\": {\n      \"role\": \"paragraph\"\n    },\n    \"e579\": {\n      \"role\": \"button\",\n      \"name\": \"Invite Mary Joy Erestain to connect\"\n    },\n    \"e580\": {\n      \"role\": \"generic\"\n    },\n    \"e581\": {\n      \"role\": \"img\"\n    },\n    \"e584\": {\n      \"role\": \"generic\"\n    },\n    \"e586\": {\n      \"role\": \"button\",\n      \"name\": \"Remove Mary Joy Erestain as a suggestion\"\n    },\n    \"e588\": {\n      \"role\": \"img\"\n    },\n    \"e591\": {\n      \"role\": \"listitem\"\n    },\n    \"e592\": {\n      \"role\": \"generic\"\n    },\n    \"e593\": {\n      \"role\": \"generic\"\n    },\n    \"e594\": {\n      \"role\": \"link\",\n      \"name\": \"Joseph N., Verified Accounting Professional in San Diego\"\n    },\n    \"e595\": {\n      \"role\": \"generic\"\n    },\n    \"e596\": {\n      \"role\": \"generic\"\n    },\n    \"e597\": {\n      \"role\": \"figure\"\n    },\n    \"e598\": {\n      \"role\": \"figure\"\n    },\n    \"e599\": {\n      \"role\": \"generic\"\n    },\n    \"e601\": {\n      \"role\": \"paragraph\"\n    },\n    \"e602\": {\n      \"role\": \"generic\"\n    },\n    \"e603\": {\n      \"role\": \"generic\"\n    },\n    \"e605\": {\n      \"role\": \"img\"\n    },\n    \"e608\": {\n      \"role\": \"paragraph\"\n    },\n    \"e611\": {\n      \"role\": \"button\",\n      \"name\": \"Invite Joseph N. to connect\"\n    },\n    \"e612\": {\n      \"role\": \"generic\"\n    },\n    \"e613\": {\n      \"role\": \"img\"\n    },\n    \"e616\": {\n      \"role\": \"generic\"\n    },\n    \"e618\": {\n      \"role\": \"button\",\n      \"name\": \"Remove Joseph N. as a suggestion\"\n    },\n    \"e620\": {\n      \"role\": \"img\"\n    },\n    \"e623\": {\n      \"role\": \"listitem\"\n    },\n    \"e624\": {\n      \"role\": \"generic\"\n    },\n    \"e625\": {\n      \"role\": \"generic\"\n    },\n    \"e626\": {\n      \"role\": \"link\",\n      \"name\": \"Lou is open to work Lou West, Verified Business Management Grad Passionate About Creative, Community-Driven Work | Digital Marketing & Strategy Enthusiast\"\n    },\n    \"e627\": {\n      \"role\": \"generic\"\n    },\n    \"e628\": {\n      \"role\": \"generic\",\n      \"name\": \"Lou is open to work\"\n    },\n    \"e629\": {\n      \"role\": \"figure\"\n    },\n    \"e630\": {\n      \"role\": \"img\"\n    },\n    \"e636\": {\n      \"role\": \"figure\"\n    },\n    \"e637\": {\n      \"role\": \"generic\"\n    },\n    \"e639\": {\n      \"role\": \"paragraph\"\n    },\n    \"e640\": {\n      \"role\": \"generic\"\n    },\n    \"e641\": {\n      \"role\": \"generic\"\n    },\n    \"e643\": {\n      \"role\": \"img\"\n    },\n    \"e646\": {\n      \"role\": \"paragraph\"\n    },\n    \"e649\": {\n      \"role\": \"button\",\n      \"name\": \"Invite Lou West to connect\"\n    },\n    \"e650\": {\n      \"role\": \"generic\"\n    },\n    \"e651\": {\n      \"role\": \"img\"\n    },\n    \"e654\": {\n      \"role\": \"generic\"\n    },\n    \"e656\": {\n      \"role\": \"button\",\n      \"name\": \"Remove Lou West as a suggestion\"\n    },\n    \"e658\": {\n      \"role\": \"img\"\n    },\n    \"e661\": {\n      \"role\": \"listitem\"\n    },\n    \"e662\": {\n      \"role\": \"generic\"\n    },\n    \"e663\": {\n      \"role\": \"generic\"\n    },\n    \"e664\": {\n      \"role\": \"link\",\n      \"name\": \"Jermaine Bruno --\"\n    },\n    \"e665\": {\n      \"role\": \"generic\"\n    },\n    \"e666\": {\n      \"role\": \"generic\"\n    },\n    \"e667\": {\n      \"role\": \"figure\"\n    },\n    \"e668\": {\n      \"role\": \"figure\"\n    },\n    \"e669\": {\n      \"role\": \"generic\"\n    },\n    \"e671\": {\n      \"role\": \"paragraph\"\n    },\n    \"e672\": {\n      \"role\": \"generic\"\n    },\n    \"e674\": {\n      \"role\": \"paragraph\"\n    },\n    \"e677\": {\n      \"role\": \"button\",\n      \"name\": \"Invite Jermaine Bruno to connect\"\n    },\n    \"e678\": {\n      \"role\": \"generic\"\n    },\n    \"e679\": {\n      \"role\": \"img\"\n    },\n    \"e682\": {\n      \"role\": \"generic\"\n    },\n    \"e684\": {\n      \"role\": \"button\",\n      \"name\": \"Remove Jermaine Bruno as a suggestion\"\n    },\n    \"e686\": {\n      \"role\": \"img\"\n    },\n    \"e689\": {\n      \"role\": \"listitem\"\n    },\n    \"e690\": {\n      \"role\": \"generic\"\n    },\n    \"e691\": {\n      \"role\": \"generic\"\n    },\n    \"e692\": {\n      \"role\": \"link\",\n      \"name\": \"Kevin Geiger, Verified Co-Founder @ Blue Wave 🌊\"\n    },\n    \"e693\": {\n      \"role\": \"generic\"\n    },\n    \"e694\": {\n      \"role\": \"generic\"\n    },\n    \"e695\": {\n      \"role\": \"figure\"\n    },\n    \"e696\": {\n      \"role\": \"figure\"\n    },\n    \"e697\": {\n      \"role\": \"generic\"\n    },\n    \"e699\": {\n      \"role\": \"paragraph\"\n    },\n    \"e700\": {\n      \"role\": \"generic\"\n    },\n    \"e701\": {\n      \"role\": \"generic\"\n    },\n    \"e703\": {\n      \"role\": \"img\"\n    },\n    \"e706\": {\n      \"role\": \"paragraph\"\n    },\n    \"e709\": {\n      \"role\": \"button\",\n      \"name\": \"Invite Kevin Geiger to connect\"\n    },\n    \"e710\": {\n      \"role\": \"generic\"\n    },\n    \"e711\": {\n      \"role\": \"img\"\n    },\n    \"e714\": {\n      \"role\": \"generic\"\n    },\n    \"e716\": {\n      \"role\": \"button\",\n      \"name\": \"Remove Kevin Geiger as a suggestion\"\n    },\n    \"e718\": {\n      \"role\": \"img\"\n    },\n    \"e721\": {\n      \"role\": \"listitem\"\n    },\n    \"e722\": {\n      \"role\": \"generic\"\n    },\n    \"e723\": {\n      \"role\": \"generic\"\n    },\n    \"e724\": {\n      \"role\": \"link\",\n      \"name\": \"Juan Trejo, Verified Buyer | Aerospace & Manufacturing | Supply Chain Management\"\n    },\n    \"e725\": {\n      \"role\": \"generic\"\n    },\n    \"e726\": {\n      \"role\": \"generic\"\n    },\n    \"e727\": {\n      \"role\": \"figure\"\n    },\n    \"e728\": {\n      \"role\": \"figure\"\n    },\n    \"e729\": {\n      \"role\": \"generic\"\n    },\n    \"e731\": {\n      \"role\": \"paragraph\"\n    },\n    \"e732\": {\n      \"role\": \"generic\"\n    },\n    \"e733\": {\n      \"role\": \"generic\"\n    },\n    \"e735\": {\n      \"role\": \"img\"\n    },\n    \"e738\": {\n      \"role\": \"paragraph\"\n    },\n    \"e741\": {\n      \"role\": \"button\",\n      \"name\": \"Invite Juan Trejo to connect\"\n    },\n    \"e742\": {\n      \"role\": \"generic\"\n    },\n    \"e743\": {\n      \"role\": \"img\"\n    },\n    \"e746\": {\n      \"role\": \"generic\"\n    },\n    \"e748\": {\n      \"role\": \"button\",\n      \"name\": \"Remove Juan Trejo as a suggestion\"\n    },\n    \"e750\": {\n      \"role\": \"img\"\n    },\n    \"e753\": {\n      \"role\": \"listitem\"\n    },\n    \"e754\": {\n      \"role\": \"generic\"\n    },\n    \"e755\": {\n      \"role\": \"generic\"\n    },\n    \"e756\": {\n      \"role\": \"link\",\n      \"name\": \"Konrad Fijołek Prezydent Miasta Rzeszów\"\n    },\n    \"e757\": {\n      \"role\": \"generic\"\n    },\n    \"e758\": {\n      \"role\": \"generic\"\n    },\n    \"e759\": {\n      \"role\": \"figure\"\n    },\n    \"e760\": {\n      \"role\": \"figure\"\n    },\n    \"e761\": {\n      \"role\": \"generic\"\n    },\n    \"e763\": {\n      \"role\": \"paragraph\"\n    },\n    \"e764\": {\n      \"role\": \"generic\"\n    },\n    \"e766\": {\n      \"role\": \"paragraph\"\n    },\n    \"e769\": {\n      \"role\": \"button\",\n      \"name\": \"Invite Konrad Fijołek to connect\"\n    },\n    \"e770\": {\n      \"role\": \"generic\"\n    },\n    \"e771\": {\n      \"role\": \"img\"\n    },\n    \"e774\": {\n      \"role\": \"generic\"\n    },\n    \"e776\": {\n      \"role\": \"button\",\n      \"name\": \"Remove Konrad Fijołek as a suggestion\"\n    },\n    \"e778\": {\n      \"role\": \"img\"\n    },\n    \"e782\": {\n      \"role\": \"generic\"\n    },\n    \"e784\": {\n      \"role\": \"generic\"\n    },\n    \"e785\": {\n      \"role\": \"heading\",\n      \"name\": \"Popular on LinkedIn\"\n    },\n    \"e786\": {\n      \"role\": \"link\",\n      \"name\": \"Show all suggestions for Popular on LinkedIn\"\n    },\n    \"e788\": {\n      \"role\": \"generic\"\n    },\n    \"e789\": {\n      \"role\": \"list\"\n    },\n    \"e791\": {\n      \"role\": \"listitem\"\n    },\n    \"e792\": {\n      \"role\": \"generic\"\n    },\n    \"e793\": {\n      \"role\": \"generic\"\n    },\n    \"e794\": {\n      \"role\": \"link\",\n      \"name\": \"Tomasz Rożek, PhD Nauka To Lubie\"\n    },\n    \"e795\": {\n      \"role\": \"generic\"\n    },\n    \"e796\": {\n      \"role\": \"generic\"\n    },\n    \"e797\": {\n      \"role\": \"figure\"\n    },\n    \"e798\": {\n      \"role\": \"img\"\n    },\n    \"e804\": {\n      \"role\": \"figure\"\n    },\n    \"e805\": {\n      \"role\": \"generic\"\n    },\n    \"e807\": {\n      \"role\": \"paragraph\"\n    },\n    \"e808\": {\n      \"role\": \"generic\"\n    },\n    \"e810\": {\n      \"role\": \"paragraph\"\n    },\n    \"e811\": {\n      \"role\": \"generic\"\n    },\n    \"e814\": {\n      \"role\": \"paragraph\"\n    },\n    \"e816\": {\n      \"role\": \"button\",\n      \"name\": \"Follow Tomasz Rożek, PhD\"\n    },\n    \"e817\": {\n      \"role\": \"generic\"\n    },\n    \"e818\": {\n      \"role\": \"img\"\n    },\n    \"e821\": {\n      \"role\": \"generic\"\n    },\n    \"e823\": {\n      \"role\": \"button\",\n      \"name\": \"Remove Tomasz Rożek, PhD as a suggestion\"\n    },\n    \"e825\": {\n      \"role\": \"img\"\n    },\n    \"e828\": {\n      \"role\": \"listitem\"\n    },\n    \"e829\": {\n      \"role\": \"generic\"\n    },\n    \"e830\": {\n      \"role\": \"generic\"\n    },\n    \"e831\": {\n      \"role\": \"link\",\n      \"name\": \"Szymon Szczesniak, Premium CEO at CodeTwo / JSON at HRejterzy\"\n    },\n    \"e832\": {\n      \"role\": \"generic\"\n    },\n    \"e833\": {\n      \"role\": \"generic\"\n    },\n    \"e834\": {\n      \"role\": \"figure\"\n    },\n    \"e835\": {\n      \"role\": \"img\"\n    },\n    \"e841\": {\n      \"role\": \"figure\"\n    },\n    \"e842\": {\n      \"role\": \"generic\"\n    },\n    \"e844\": {\n      \"role\": \"paragraph\"\n    },\n    \"e845\": {\n      \"role\": \"generic\"\n    },\n    \"e846\": {\n      \"role\": \"generic\"\n    },\n    \"e848\": {\n      \"role\": \"img\"\n    },\n    \"e851\": {\n      \"role\": \"paragraph\"\n    },\n    \"e852\": {\n      \"role\": \"generic\"\n    },\n    \"e855\": {\n      \"role\": \"paragraph\"\n    },\n    \"e857\": {\n      \"role\": \"button\",\n      \"name\": \"Follow Szymon Szczesniak\"\n    },\n    \"e858\": {\n      \"role\": \"generic\"\n    },\n    \"e859\": {\n      \"role\": \"img\"\n    },\n    \"e862\": {\n      \"role\": \"generic\"\n    },\n    \"e864\": {\n      \"role\": \"button\",\n      \"name\": \"Remove Szymon Szczesniak as a suggestion\"\n    },\n    \"e866\": {\n      \"role\": \"img\"\n    },\n    \"e869\": {\n      \"role\": \"listitem\"\n    },\n    \"e870\": {\n      \"role\": \"generic\"\n    },\n    \"e871\": {\n      \"role\": \"generic\"\n    },\n    \"e872\": {\n      \"role\": \"link\",\n      \"name\": \"Maciej Sawicki, Verified Async orgs & Remote-first leadership | Founder inStreamly | Gaming & new tech\"\n    },\n    \"e873\": {\n      \"role\": \"generic\"\n    },\n    \"e874\": {\n      \"role\": \"generic\"\n    },\n    \"e875\": {\n      \"role\": \"figure\"\n    },\n    \"e876\": {\n      \"role\": \"figure\"\n    },\n    \"e877\": {\n      \"role\": \"generic\"\n    },\n    \"e879\": {\n      \"role\": \"paragraph\"\n    },\n    \"e880\": {\n      \"role\": \"generic\"\n    },\n    \"e881\": {\n      \"role\": \"generic\"\n    },\n    \"e883\": {\n      \"role\": \"img\"\n    },\n    \"e886\": {\n      \"role\": \"paragraph\"\n    },\n    \"e887\": {\n      \"role\": \"generic\"\n    },\n    \"e890\": {\n      \"role\": \"paragraph\"\n    },\n    \"e892\": {\n      \"role\": \"button\",\n      \"name\": \"Follow Maciej Sawicki\"\n    },\n    \"e893\": {\n      \"role\": \"generic\"\n    },\n    \"e894\": {\n      \"role\": \"img\"\n    },\n    \"e897\": {\n      \"role\": \"generic\"\n    },\n    \"e899\": {\n      \"role\": \"button\",\n      \"name\": \"Remove Maciej Sawicki as a suggestion\"\n    },\n    \"e901\": {\n      \"role\": \"img\"\n    },\n    \"e904\": {\n      \"role\": \"listitem\"\n    },\n    \"e905\": {\n      \"role\": \"generic\"\n    },\n    \"e906\": {\n      \"role\": \"generic\"\n    },\n    \"e907\": {\n      \"role\": \"link\",\n      \"name\": \"Dr Maciej Kawecki, Verified Founder of This is it | This Is World President of the Lem Institute\"\n    },\n    \"e908\": {\n      \"role\": \"generic\"\n    },\n    \"e909\": {\n      \"role\": \"generic\"\n    },\n    \"e910\": {\n      \"role\": \"figure\"\n    },\n    \"e911\": {\n      \"role\": \"figure\"\n    },\n    \"e912\": {\n      \"role\": \"img\"\n    },\n    \"e918\": {\n      \"role\": \"generic\"\n    },\n    \"e920\": {\n      \"role\": \"paragraph\"\n    },\n    \"e921\": {\n      \"role\": \"generic\"\n    },\n    \"e922\": {\n      \"role\": \"generic\"\n    },\n    \"e924\": {\n      \"role\": \"img\"\n    },\n    \"e927\": {\n      \"role\": \"paragraph\"\n    },\n    \"e928\": {\n      \"role\": \"generic\"\n    },\n    \"e931\": {\n      \"role\": \"paragraph\"\n    },\n    \"e933\": {\n      \"role\": \"button\",\n      \"name\": \"Follow Dr Maciej Kawecki\"\n    },\n    \"e934\": {\n      \"role\": \"generic\"\n    },\n    \"e935\": {\n      \"role\": \"img\"\n    },\n    \"e938\": {\n      \"role\": \"generic\"\n    },\n    \"e940\": {\n      \"role\": \"button\",\n      \"name\": \"Remove Dr Maciej Kawecki as a suggestion\"\n    },\n    \"e942\": {\n      \"role\": \"img\"\n    },\n    \"e945\": {\n      \"role\": \"listitem\"\n    },\n    \"e946\": {\n      \"role\": \"generic\"\n    },\n    \"e947\": {\n      \"role\": \"generic\"\n    },\n    \"e948\": {\n      \"role\": \"link\",\n      \"name\": \"Martyna Wojciechowska, Premium Journalist, filmmaker, activist, founder of UNAWEZA Foundation\"\n    },\n    \"e949\": {\n      \"role\": \"generic\"\n    },\n    \"e950\": {\n      \"role\": \"generic\"\n    },\n    \"e951\": {\n      \"role\": \"figure\"\n    },\n    \"e952\": {\n      \"role\": \"figure\"\n    },\n    \"e953\": {\n      \"role\": \"generic\"\n    },\n    \"e955\": {\n      \"role\": \"paragraph\"\n    },\n    \"e956\": {\n      \"role\": \"generic\"\n    },\n    \"e957\": {\n      \"role\": \"generic\"\n    },\n    \"e959\": {\n      \"role\": \"img\"\n    },\n    \"e962\": {\n      \"role\": \"paragraph\"\n    },\n    \"e963\": {\n      \"role\": \"generic\"\n    },\n    \"e966\": {\n      \"role\": \"paragraph\"\n    },\n    \"e968\": {\n      \"role\": \"button\",\n      \"name\": \"Follow Martyna Wojciechowska\"\n    },\n    \"e969\": {\n      \"role\": \"generic\"\n    },\n    \"e970\": {\n      \"role\": \"img\"\n    },\n    \"e973\": {\n      \"role\": \"generic\"\n    },\n    \"e975\": {\n      \"role\": \"button\",\n      \"name\": \"Remove Martyna Wojciechowska as a suggestion\"\n    },\n    \"e977\": {\n      \"role\": \"img\"\n    },\n    \"e980\": {\n      \"role\": \"listitem\"\n    },\n    \"e981\": {\n      \"role\": \"generic\"\n    },\n    \"e982\": {\n      \"role\": \"generic\"\n    },\n    \"e983\": {\n      \"role\": \"link\",\n      \"name\": \"Kinga Szostko, Premium 📱 Analiza i monitoring social mediów 🌿 OSINT 🚨 Przemoc rówieśnicza ⚠️ Ochrona dzieci w sieci 🌐 Portal bezpiecznedziecko.org 🫴 Fundacja Prospoleczna.org 📲 Aplikacja KidsAlert 🫆\"\n    },\n    \"e984\": {\n      \"role\": \"generic\"\n    },\n    \"e985\": {\n      \"role\": \"generic\"\n    },\n    \"e986\": {\n      \"role\": \"figure\"\n    },\n    \"e987\": {\n      \"role\": \"figure\"\n    },\n    \"e988\": {\n      \"role\": \"generic\"\n    },\n    \"e990\": {\n      \"role\": \"paragraph\"\n    },\n    \"e991\": {\n      \"role\": \"generic\"\n    },\n    \"e992\": {\n      \"role\": \"generic\"\n    },\n    \"e994\": {\n      \"role\": \"img\"\n    },\n    \"e997\": {\n      \"role\": \"paragraph\"\n    },\n    \"e998\": {\n      \"role\": \"generic\"\n    },\n    \"e1001\": {\n      \"role\": \"paragraph\"\n    },\n    \"e1003\": {\n      \"role\": \"button\",\n      \"name\": \"Follow Kinga Szostko\"\n    },\n    \"e1004\": {\n      \"role\": \"generic\"\n    },\n    \"e1005\": {\n      \"role\": \"img\"\n    },\n    \"e1008\": {\n      \"role\": \"generic\"\n    },\n    \"e1010\": {\n      \"role\": \"button\",\n      \"name\": \"Remove Kinga Szostko as a suggestion\"\n    },\n    \"e1012\": {\n      \"role\": \"img\"\n    },\n    \"e1015\": {\n      \"role\": \"button\",\n      \"name\": \"Load more\"\n    },\n    \"e1017\": {\n      \"role\": \"generic\"\n    },\n    \"e1019\": {\n      \"role\": \"generic\"\n    },\n    \"e1021\": {\n      \"role\": \"generic\"\n    },\n    \"e1022\": {\n      \"role\": \"generic\"\n    },\n    \"e1023\": {\n      \"role\": \"img\",\n      \"name\": \"Petr Petrovich\"\n    },\n    \"e1025\": {\n      \"role\": \"generic\"\n    },\n    \"e1026\": {\n      \"role\": \"button\",\n      \"name\": \"You are on the messaging overlay. Press enter to open the list of conversations.\"\n    },\n    \"e1027\": {\n      \"role\": \"generic\"\n    },\n    \"e1028\": {\n      \"role\": \"generic\"\n    },\n    \"e1029\": {\n      \"role\": \"generic\"\n    },\n    \"e1030\": {\n      \"role\": \"generic\"\n    },\n    \"e1032\": {\n      \"role\": \"button\",\n      \"name\": \"Open messenger dropdown menu\"\n    },\n    \"e1033\": {\n      \"role\": \"img\",\n      \"name\": \"Open messenger dropdown menu\"\n    },\n    \"e1036\": {\n      \"role\": \"button\",\n      \"name\": \"Compose message\"\n    },\n    \"e1037\": {\n      \"role\": \"img\"\n    },\n    \"e1039\": {\n      \"role\": \"generic\"\n    },\n    \"e1040\": {\n      \"role\": \"button\",\n      \"name\": \"You are on the messaging overlay. Press enter to open the list of conversations.\"\n    },\n    \"e1041\": {\n      \"role\": \"img\"\n    },\n    \"e1043\": {\n      \"role\": \"generic\"\n    },\n    \"e1044\": {\n      \"role\": \"iframe\"\n    }\n  }\n}","stderr":""}
[2026-03-16T02:06:32.604Z] COMMAND {"command":"C:\\nvm4w\\nodejs\\node.exe","commandArgs":["C:\\nvm4w\\nodejs\\node_modules\\openclaw\\openclaw.mjs","browser","--browser-profile","chrome","--token","[masked]","snapshot","--target-id","90639ED977B1BEF43E8F48BE5157CF53","--limit","800","--json"],"openClawArgs":["browser","--browser-profile","chrome","--token","[masked]","snapshot","--target-id","90639ED977B1BEF43E8F48BE5157CF53","--limit","800","--json"],"expectsJson":true}
[2026-03-16T02:06:34.161Z] RESPONSE {"command":"C:\\nvm4w\\nodejs\\node.exe","commandArgs":["C:\\nvm4w\\nodejs\\node_modules\\openclaw\\openclaw.mjs","browser","--browser-profile","chrome","--token","[masked]","snapshot","--target-id","90639ED977B1BEF43E8F48BE5157CF53","--limit","800","--json"],"exitCode":0,"stdout":"{\n  \"ok\": true,\n  \"format\": \"ai\",\n  \"targetId\": \"90639ED977B1BEF43E8F48BE5157CF53\",\n  \"url\": \"https://www.linkedin.com/feed/\",\n  \"snapshot\": \"- generic [ref=e2]:\\n  - heading \\\"0 notifications\\\" [level=2] [ref=e3]\\n  - generic [ref=e4]:\\n    - generic:\\n      - button [ref=e5] [cursor=pointer]:\\n        - generic [ref=e7]: Skip to main content\\n      - button [ref=e8] [cursor=pointer]:\\n        - img [ref=e10]\\n    - generic [ref=e12]:\\n      - banner [ref=e14]:\\n        - generic [ref=e17]:\\n          - button \\\"LinkedIn\\\" [ref=e18] [cursor=pointer]:\\n            - img \\\"LinkedIn\\\" [ref=e19]\\n          - search [ref=e22]:\\n            - generic [ref=e23]:\\n              - img [ref=e25]\\n              - textbox \\\"Search\\\" [ref=e27]\\n          - generic [ref=e29]:\\n            - figure [ref=e34]\\n            - navigation [ref=e37]:\\n              - list [ref=e38]:\\n                - listitem [ref=e39]:\\n                  - button \\\"Home, 1 new notification\\\" [ref=e40] [cursor=pointer]:\\n                    - img [ref=e42]\\n                    - generic [ref=e46]: Home\\n                - listitem [ref=e47]:\\n                  - link \\\"My Network, 0 new notifications\\\" [ref=e48] [cursor=pointer]:\\n                    - /url: https://www.linkedin.com/mynetwork\\n                    - img [ref=e50]\\n                    - generic [ref=e53]: My Network\\n                - listitem [ref=e54]:\\n                  - button \\\"Jobs, 0 new notifications\\\" [ref=e55] [cursor=pointer]:\\n                    - img [ref=e57]\\n                    - generic [ref=e60]: Jobs\\n                - listitem [ref=e61]:\\n                  - link \\\"Messaging, 0 new notifications\\\" [ref=e62] [cursor=pointer]:\\n                    - /url: https://www.linkedin.com/messaging/\\n                    - img [ref=e64]\\n                    - generic [ref=e67]: Messaging\\n                - listitem [ref=e68]:\\n                  - link \\\"Notifications, 0 new notifications\\\" [ref=e69] [cursor=pointer]:\\n                    - /url: https://www.linkedin.com/notifications/\\n                    - img [ref=e71]\\n                    - generic [ref=e74]: Notifications\\n                - listitem [ref=e75]:\\n                  - button \\\"Me\\\" [ref=e76] [cursor=pointer]:\\n                    - figure [ref=e78]\\n                    - generic [ref=e80]:\\n                      - text: Me\\n                      - img [ref=e81]\\n            - generic [ref=e84]:\\n              - navigation [ref=e85]:\\n                - list [ref=e86]:\\n                  - listitem [ref=e87]:\\n                    - button \\\"For Business\\\" [ref=e88] [cursor=pointer]:\\n                      - img [ref=e90]\\n                      - generic [ref=e93]:\\n                        - text: For Business\\n                        - img [ref=e94]\\n              - link \\\"Try Premium for zł 0\\\" [ref=e97] [cursor=pointer]:\\n                - /url: https://www.linkedin.com/premium/products/?upsellOrderOrigin=Tracking%3Av1%3Apremium_nav_upsell_text%3ANav%3AIn-Product&referenceId=0WkMh2eIT4GQNg053WkXyg%3D%3D&isSS=false\\n                - generic [ref=e98]:\\n                  - img [ref=e99]\\n                  - paragraph [ref=e103]: Try Premium for zł 0\\n      - main [ref=e105]:\\n        - generic [ref=e107]:\\n          - generic [ref=e111]:\\n            - generic [ref=e116]:\\n              - generic [ref=e117]:\\n                - paragraph [ref=e118]: Network overview\\n                - generic [ref=e119]:\\n                  - generic [ref=e120]:\\n                    - paragraph [ref=e121]: \\\"0\\\"\\n                    - paragraph [ref=e122]: Invites sent\\n                  - link \\\"0 Connections\\\" [ref=e123] [cursor=pointer]:\\n                    - /url: https://www.linkedin.com/mynetwork/invite-connect/connections\\n                    - generic [ref=e124]:\\n                      - paragraph [ref=e125]: \\\"0\\\"\\n                      - paragraph [ref=e126]: Connections\\n                  - link \\\"0 Following\\\" [ref=e127] [cursor=pointer]:\\n                    - /url: https://www.linkedin.com/mynetwork/network-manager/people-follow/?filterType=member\\n                    - generic [ref=e128]:\\n                      - paragraph [ref=e129]: \\\"0\\\"\\n                      - paragraph [ref=e130]: Following\\n              - button \\\"Show more\\\" [ref=e132] [cursor=pointer]:\\n                - generic [ref=e133]:\\n                  - img [ref=e134]\\n                  - generic [ref=e136]: Show more\\n            - iframe [ref=e139]:\\n              - link \\\"Advertise on LinkedIn\\\" [ref=f218e3] [cursor=pointer]:\\n                - /url: https://www.linkedin.com/jobs/?trk=li_FA_global_careers_jobsgtm_jsFA_v1&mcid=6899045044465016833\\n                - img \\\"Advertise on LinkedIn\\\" [ref=f218e4]\\n            - generic [ref=e140]:\\n              - generic [ref=e141]:\\n                - link \\\"About\\\" [ref=e142] [cursor=pointer]:\\n                  - /url: https://about.linkedin.com/\\n                  - paragraph [ref=e143]: About\\n                - link \\\"Accessibility\\\" [ref=e144] [cursor=pointer]:\\n                  - /url: https://www.linkedin.com/accessibility/\\n                  - paragraph [ref=e145]: Accessibility\\n                - link \\\"Help Center\\\" [ref=e146] [cursor=pointer]:\\n                  - /url: https://www.linkedin.com/help/linkedin/\\n                  - paragraph [ref=e147]: Help Center\\n                - button \\\"Privacy & Terms\\\" [ref=e148] [cursor=pointer]:\\n                  - generic [ref=e149]:\\n                    - paragraph [ref=e150]: Privacy & Terms\\n                    - img [ref=e151]\\n                - link \\\"Ad Choices\\\" [ref=e153] [cursor=pointer]:\\n                  - /url: https://www.linkedin.com/help/linkedin/answer/62931/\\n                  - paragraph [ref=e154]: Ad Choices\\n                - link \\\"Advertising\\\" [ref=e155] [cursor=pointer]:\\n                  - /url: https://www.linkedin.com/ad/start/?trk=n_nav_ads_rr\\n                  - paragraph [ref=e156]: Advertising\\n                - button \\\"Business Services\\\" [ref=e157] [cursor=pointer]:\\n                  - generic [ref=e158]:\\n                    - paragraph [ref=e159]: Business Services\\n                    - img [ref=e160]\\n                - link \\\"Get the LinkedIn app\\\" [ref=e162] [cursor=pointer]:\\n                  - /url: https://www.linkedin.com/mobile/\\n                  - paragraph [ref=e163]: Get the LinkedIn app\\n                - link \\\"More\\\" [ref=e164] [cursor=pointer]:\\n                  - /url: https://www.linkedin.com/mynetwork/grow/\\n                  - paragraph [ref=e165]: More\\n              - generic [ref=e166]:\\n                - img [ref=e167]\\n                - paragraph [ref=e169]: LinkedIn Corporation © 2026\\n          - generic [ref=e173]:\\n            - generic [ref=e180]:\\n              - generic [ref=e181]:\\n                - paragraph [ref=e182]: Invite 5 of your colleagues to connect today\\n                - paragraph [ref=e183]: More connections means more opportunities. Start with friends, teammates, and managers.\\n              - generic [ref=e184]:\\n                - generic [ref=e185]:\\n                  - link \\\"1\\\" [ref=e188] [cursor=pointer]:\\n                    - /url: https://www.linkedin.com/mynetwork/upload-contacts-auth/?importOrigin=MyNetworkOnboarding\\n                    - paragraph [ref=e191]: \\\"1\\\"\\n                  - link \\\"2\\\" [ref=e194] [cursor=pointer]:\\n                    - /url: https://www.linkedin.com/mynetwork/upload-contacts-auth/?importOrigin=MyNetworkOnboarding\\n                    - paragraph [ref=e197]: \\\"2\\\"\\n                  - link \\\"3\\\" [ref=e200] [cursor=pointer]:\\n                    - /url: https://www.linkedin.com/mynetwork/upload-contacts-auth/?importOrigin=MyNetworkOnboarding\\n                    - paragraph [ref=e203]: \\\"3\\\"\\n                  - link \\\"4\\\" [ref=e206] [cursor=pointer]:\\n                    - /url: https://www.linkedin.com/mynetwork/upload-contacts-auth/?importOrigin=MyNetworkOnboarding\\n                    - paragraph [ref=e209]: \\\"4\\\"\\n                  - link \\\"5\\\" [ref=e212] [cursor=pointer]:\\n                    - /url: https://www.linkedin.com/mynetwork/upload-contacts-auth/?importOrigin=MyNetworkOnboarding\\n                    - paragraph [ref=e215]: \\\"5\\\"\\n                - link \\\"Search for people you know\\\" [ref=e216] [cursor=pointer]:\\n                  - /url: https://www.linkedin.com/mynetwork/grow/\\n                  - generic [ref=e217]:\\n                    - img [ref=e218]\\n                    - generic [ref=e220]: Search for people you know\\n            - generic [ref=e225]:\\n              - generic [ref=e226]:\\n                - heading \\\"No pending invitations\\\" [level=2] [ref=e228]\\n                - link \\\"Manage all invitations\\\" [ref=e229] [cursor=pointer]:\\n                  - /url: https://www.linkedin.com/mynetwork/invitation-manager/\\n                  - generic [ref=e231]: Manage\\n              - list\\n            - generic [ref=e234]:\\n              - generic [ref=e236]:\\n                - heading \\\"People you may know in Warsaw Metropolitan Area\\\" [level=3] [ref=e237]\\n                - link \\\"Show all suggestions for People you may know in Warsaw Metropolitan Area\\\" [ref=e238] [cursor=pointer]:\\n                  - /url: https://www.linkedin.com/mynetwork/grow/\\n                  - generic [ref=e240]: Show all\\n              - list [ref=e241]:\\n                - listitem [ref=e243]:\\n                  - generic [ref=e244]:\\n                    - generic [ref=e245]:\\n                      - link \\\"Jakub P., Premium IT Service Delivery Management\\\" [ref=e246] [cursor=pointer]:\\n                        - /url: https://www.linkedin.com/in/jakubpacholski/\\n                        - generic [ref=e247]:\\n                          - generic [ref=e248]:\\n                            - figure [ref=e249]\\n                            - figure [ref=e250]:\\n                              - img [ref=e251]\\n                          - generic [ref=e257]:\\n                            - paragraph [ref=e259]:\\n                              - generic [ref=e260]: Jakub P., Premium\\n                              - generic [ref=e261]:\\n                                - text: Jakub P.\\n                                - img [ref=e263]\\n                            - paragraph [ref=e266]: IT Service Delivery Management\\n                      - button \\\"Invite Jakub P. to connect\\\" [ref=e269] [cursor=pointer]:\\n                        - generic [ref=e270]:\\n                          - img [ref=e271]\\n                          - generic [ref=e274]: Connect\\n                    - button \\\"Remove Jakub P. as a suggestion\\\" [ref=e276] [cursor=pointer]:\\n                      - img [ref=e278]\\n                - listitem [ref=e281]:\\n                  - generic [ref=e282]:\\n                    - generic [ref=e283]:\\n                      - link \\\"Sławomir Dec, Verified Cybersecurity|CISSP\\\" [ref=e284] [cursor=pointer]:\\n                        - /url: https://www.linkedin.com/in/s%C5%82awomir-dec/\\n                        - generic [ref=e285]:\\n                          - generic [ref=e286]:\\n                            - figure [ref=e287]\\n                            - figure [ref=e288]\\n                          - generic [ref=e289]:\\n                            - paragraph [ref=e291]:\\n                              - generic [ref=e292]: Sławomir Dec, Verified\\n                              - generic [ref=e293]:\\n                                - text: Sławomir Dec\\n                                - img [ref=e295]\\n                            - paragraph [ref=e298]: Cybersecurity|CISSP\\n                      - button \\\"Invite Sławomir Dec to connect\\\" [ref=e301] [cursor=pointer]:\\n                        - generic [ref=e302]:\\n                          - img [ref=e303]\\n                          - generic [ref=e306]: Connect\\n                    - button \\\"Remove Sławomir Dec as a suggestion\\\" [ref=e308] [cursor=pointer]:\\n                      - img [ref=e310]\\n                - listitem [ref=e313]:\\n                  - generic [ref=e314]:\\n                    - generic [ref=e315]:\\n                      - link \\\"Adam Szafara Helping businesses to raise its digital potential🌏\\\" [ref=e316] [cursor=pointer]:\\n                        - /url: https://www.linkedin.com/in/szafara/\\n                        - generic [ref=e317]:\\n                          - generic [ref=e318]:\\n                            - figure [ref=e319]\\n                            - figure [ref=e320]:\\n                              - img [ref=e321]\\n                          - generic [ref=e327]:\\n                            - paragraph [ref=e329]:\\n                              - generic [ref=e330]: Adam Szafara\\n                              - text: Adam Szafara\\n                            - paragraph [ref=e332]: Helping businesses to raise its digital potential🌏\\n                      - button \\\"Invite Adam Szafara to connect\\\" [ref=e335] [cursor=pointer]:\\n                        - generic [ref=e336]:\\n                          - img [ref=e337]\\n                          - generic [ref=e340]: Connect\\n                    - button \\\"Remove Adam Szafara as a suggestion\\\" [ref=e342] [cursor=pointer]:\\n                      - img [ref=e344]\\n                - listitem [ref=e347]:\\n                  - generic [ref=e348]:\\n                    - generic [ref=e349]:\\n                      - link \\\"Andrzej Jargiło Specjalista magazynier\\\" [ref=e350] [cursor=pointer]:\\n                        - /url: https://www.linkedin.com/in/andrzej-jargi%C5%82o-b6b546100/\\n                        - generic [ref=e351]:\\n                          - generic [ref=e352]:\\n                            - figure [ref=e353]\\n                            - figure [ref=e354]\\n                          - generic [ref=e355]:\\n                            - paragraph [ref=e357]:\\n                              - generic [ref=e358]: Andrzej Jargiło\\n                              - text: Andrzej Jargiło\\n                            - paragraph [ref=e360]: Specjalista magazynier\\n                      - button \\\"Invite Andrzej Jargiło to connect\\\" [ref=e363] [cursor=pointer]:\\n                        - generic [ref=e364]:\\n                          - img [ref=e365]\\n                          - generic [ref=e368]: Connect\\n                    - button \\\"Remove Andrzej Jargiło as a suggestion\\\" [ref=e370] [cursor=pointer]:\\n                      - img [ref=e372]\\n                - listitem [ref=e375]:\\n                  - generic [ref=e376]:\\n                    - generic [ref=e377]:\\n                      - link \\\"Marcin Owsianka, Verified Business Development Manager at Ledatel\\\" [ref=e378] [cursor=pointer]:\\n                        - /url: https://www.linkedin.com/in/marcin-owsianka/\\n                        - generic [ref=e379]:\\n                          - generic [ref=e380]:\\n                            - figure [ref=e381]\\n                            - figure [ref=e382]\\n                          - generic [ref=e383]:\\n                            - paragraph [ref=e385]:\\n                              - generic [ref=e386]: Marcin Owsianka, Verified\\n                              - generic [ref=e387]:\\n                                - text: Marcin Owsianka\\n                                - img [ref=e389]\\n                            - paragraph [ref=e392]: Business Development Manager at Ledatel\\n                      - button \\\"Invite Marcin Owsianka to connect\\\" [ref=e395] [cursor=pointer]:\\n                        - generic [ref=e396]:\\n                          - img [ref=e397]\\n                          - generic [ref=e400]: Connect\\n                    - button \\\"Remove Marcin Owsianka as a suggestion\\\" [ref=e402] [cursor=pointer]:\\n                      - img [ref=e404]\\n                - listitem [ref=e407]:\\n                  - generic [ref=e408]:\\n                    - generic [ref=e409]:\\n                      - link \\\"Natallia Zhalabkovich, Verified Data Engineering\\\" [ref=e410] [cursor=pointer]:\\n                        - /url: https://www.linkedin.com/in/natallia-zhalabkovich/\\n                        - generic [ref=e411]:\\n                          - generic [ref=e412]:\\n                            - figure [ref=e413]:\\n                              - img [ref=e414]\\n                            - figure [ref=e420]\\n                          - generic [ref=e421]:\\n                            - paragraph [ref=e423]:\\n                              - generic [ref=e424]: Natallia Zhalabkovich, Verified\\n                              - generic [ref=e425]:\\n                                - text: Natallia Zhalabkovich\\n                                - img [ref=e427]\\n                            - paragraph [ref=e430]: Data Engineering\\n                      - button \\\"Invite Natallia Zhalabkovich to connect\\\" [ref=e433] [cursor=pointer]:\\n                        - generic [ref=e434]:\\n                          - img [ref=e435]\\n                          - generic [ref=e438]: Connect\\n                    - button \\\"Remove Natallia Zhalabkovich as a suggestion\\\" [ref=e440] [cursor=pointer]:\\n                      - img [ref=e442]\\n                - listitem [ref=e445]:\\n                  - generic [ref=e446]:\\n                    - generic [ref=e447]:\\n                      - link \\\"Jerzy Lipiński, Verified Product Manager at Omnires\\\" [ref=e448] [cursor=pointer]:\\n                        - /url: https://www.linkedin.com/in/jerzylipinski/\\n                        - generic [ref=e449]:\\n                          - generic [ref=e450]:\\n                            - figure [ref=e451]\\n                            - figure [ref=e452]\\n                          - generic [ref=e453]:\\n                            - paragraph [ref=e455]:\\n                              - generic [ref=e456]: Jerzy Lipiński, Verified\\n                              - generic [ref=e457]:\\n                                - text: Jerzy Lipiński\\n                                - img [ref=e459]\\n                            - paragraph [ref=e462]: Product Manager at Omnires\\n                      - button \\\"Invite Jerzy Lipiński to connect\\\" [ref=e465] [cursor=pointer]:\\n                        - generic [ref=e466]:\\n                          - img [ref=e467]\\n                          - generic [ref=e470]: Connect\\n                    - button \\\"Remove Jerzy Lipiński as a suggestion\\\" [ref=e472] [cursor=pointer]:\\n                      - img [ref=e474]\\n                - listitem [ref=e477]:\\n                  - generic [ref=e478]:\\n                    - generic [ref=e479]:\\n                      - link \\\"Mustafa FIRINCI, Verified Sales Manager | 20+ Years in Retail & Customer Management | MBA | Based in Warsaw\\\" [ref=e480] [cursor=pointer]:\\n                        - /url: https://www.linkedin.com/in/mustafafirinci/\\n                        - generic [ref=e481]:\\n                          - generic [ref=e482]:\\n                            - figure [ref=e483]\\n                            - figure [ref=e484]\\n                          - generic [ref=e485]:\\n                            - paragraph [ref=e487]:\\n                              - generic [ref=e488]: Mustafa FIRINCI, Verified\\n                              - generic [ref=e489]:\\n                                - text: Mustafa FIRINCI\\n                                - img [ref=e491]\\n                            - paragraph [ref=e494]: Sales Manager | 20+ Years in Retail & Customer Management | MBA | Based in Warsaw\\n                      - button \\\"Invite Mustafa FIRINCI to connect\\\" [ref=e497] [cursor=pointer]:\\n                        - generic [ref=e498]:\\n                          - img [ref=e499]\\n                          - generic [ref=e502]: Connect\\n                    - button \\\"Remove Mustafa FIRINCI as a suggestion\\\" [ref=e504] [cursor=pointer]:\\n                      - img [ref=e506]\\n            - generic [ref=e510]:\\n              - generic [ref=e512]:\\n                - heading \\\"People you may know based on your recent activity\\\" [level=3] [ref=e513]\\n                - link \\\"Show all suggestions for People you may know based on your recent activity\\\" [ref=e514] [cursor=pointer]:\\n                  - /url: https://www.linkedin.com/mynetwork/grow/\\n                  - generic [ref=e516]: Show all\\n              - list [ref=e517]:\\n                - listitem [ref=e519]:\\n                  - generic [ref=e520]:\\n                    - generic [ref=e521]:\\n                      - link \\\"Trenton is open to work Trenton Murphy, Premium Salesperson @ 1800-Hansons | Sales, Resiliency\\\" [ref=e522] [cursor=pointer]:\\n                        - /url: https://www.linkedin.com/in/trenton-murphy-720280381/\\n                        - generic [ref=e523]:\\n                          - generic \\\"Trenton is open to work\\\" [ref=e524]:\\n                            - figure [ref=e525]:\\n                              - img [ref=e526]\\n                            - figure [ref=e532]\\n                          - generic [ref=e533]:\\n                            - paragraph [ref=e535]:\\n                              - generic [ref=e536]: Trenton Murphy, Premium\\n                              - generic [ref=e537]:\\n                                - text: Trenton Murphy\\n                                - img [ref=e539]\\n                            - paragraph [ref=e542]: Salesperson @ 1800-Hansons | Sales, Resiliency\\n                      - button \\\"Invite Trenton Murphy to connect\\\" [ref=e545] [cursor=pointer]:\\n                        - generic [ref=e546]:\\n                          - img [ref=e547]\\n                          - generic [ref=e550]: Connect\\n                    - button \\\"Remove Trenton Murphy as a suggestion\\\" [ref=e552] [cursor=pointer]:\\n                      - img [ref=e554]\\n                - listitem [ref=e557]:\\n                  - generic [ref=e558]:\\n                    - generic [ref=e559]:\\n                      - link \\\"Mary Joy Erestain Virtual Assistant / Social Media Manager\\\" [ref=e560] [cursor=pointer]:\\n                        - /url: https://www.linkedin.com/in/mary-joy-erestain-22b696227/\\n                        - generic [ref=e561]:\\n                          - generic [ref=e562]:\\n                            - figure [ref=e563]:\\n                              - img [ref=e564]\\n                            - figure [ref=e570]\\n                          - generic [ref=e571]:\\n                            - paragraph [ref=e573]:\\n                              - generic [ref=e574]: Mary Joy Erestain\\n                              - text: Mary Joy Erestain\\n                            - paragraph [ref=e576]: Virtual Assistant / Social Media Manager\\n                      - button \\\"Invite Mary Joy Erestain to connect\\\" [ref=e579] [cursor=pointer]:\\n                        - generic [ref=e580]:\\n                          - img [ref=e581]\\n                          - generic [ref=e584]: Connect\\n                    - button \\\"Remove Mary Joy Erestain as a suggestion\\\" [ref=e586] [cursor=pointer]:\\n                      - img [ref=e588]\\n                - listitem [ref=e591]:\\n                  - generic [ref=e592]:\\n                    - generic [ref=e593]:\\n                      - link \\\"Joseph N., Verified Accounting Professional in San Diego\\\" [ref=e594] [cursor=pointer]:\\n                        - /url: https://www.linkedin.com/in/joseph-n-33364b1aa/\\n                        - generic [ref=e595]:\\n                          - generic [ref=e596]:\\n                            - figure [ref=e597]\\n                            - figure [ref=e598]\\n                          - generic [ref=e599]:\\n                            - paragraph [ref=e601]:\\n                              - generic [ref=e602]: Joseph N., Verified\\n                              - generic [ref=e603]:\\n                                - text: Joseph N.\\n                                - img [ref=e605]\\n                            - paragraph [ref=e608]: Accounting Professional in San Diego\\n                      - button \\\"Invite Joseph N. to connect\\\" [ref=e611] [cursor=pointer]:\\n                        - generic [ref=e612]:\\n                          - img [ref=e613]\\n                          - generic [ref=e616]: Connect\\n                    - button \\\"Remove Joseph N. as a suggestion\\\" [ref=e618] [cursor=pointer]:\\n                      - img [ref=e620]\\n                - listitem [ref=e623]:\\n                  - generic [ref=e624]:\\n                    - generic [ref=e625]:\\n                      - link \\\"Lou is open to work Lou West, Verified Business Management Grad Passionate About Creative, Community-Driven Work | Digital Marketing & Strategy Enthusiast\\\" [ref=e626] [cursor=pointer]:\\n                        - /url: https://www.linkedin.com/in/lou-west/\\n                        - generic [ref=e627]:\\n                          - generic \\\"Lou is open to work\\\" [ref=e628]:\\n                            - figure [ref=e629]:\\n                              - img [ref=e630]\\n                            - figure [ref=e636]\\n                          - generic [ref=e637]:\\n                            - paragraph [ref=e639]:\\n                              - generic [ref=e640]: Lou West, Verified\\n                              - generic [ref=e641]:\\n                                - text: Lou West\\n                                - img [ref=e643]\\n                            - paragraph [ref=e646]: Business Management Grad Passionate About Creative, Community-Driven Work | Digital Marketing & Strategy Enthusiast\\n                      - button \\\"Invite Lou West to connect\\\" [ref=e649] [cursor=pointer]:\\n                        - generic [ref=e650]:\\n                          - img [ref=e651]\\n                          - generic [ref=e654]: Connect\\n                    - button \\\"Remove Lou West as a suggestion\\\" [ref=e656] [cursor=pointer]:\\n                      - img [ref=e658]\\n                - listitem [ref=e661]:\\n                  - generic [ref=e662]:\\n                    - generic [ref=e663]:\\n                      - link \\\"Jermaine Bruno --\\\" [ref=e664] [cursor=pointer]:\\n                        - /url: https://www.linkedin.com/in/jermaine-bruno-a914b8324/\\n                        - generic [ref=e665]:\\n                          - generic [ref=e666]:\\n                            - figure [ref=e667]\\n                            - figure [ref=e668]\\n                          - generic [ref=e669]:\\n                            - paragraph [ref=e671]:\\n                              - generic [ref=e672]: Jermaine Bruno\\n                              - text: Jermaine Bruno\\n                            - paragraph [ref=e674]: \\\"--\\\"\\n                      - button \\\"Invite Jermaine Bruno to connect\\\" [ref=e677] [cursor=pointer]:\\n                        - generic [ref=e678]:\\n                          - img [ref=e679]\\n                          - generic [ref=e682]: Connect\\n                    - button \\\"Remove Jermaine Bruno as a suggestion\\\" [ref=e684] [cursor=pointer]:\\n                      - img [ref=e686]\\n                - listitem [ref=e689]:\\n                  - generic [ref=e690]:\\n                    - generic [ref=e691]:\\n                      - link \\\"Kevin Geiger, Verified Co-Founder @ Blue Wave 🌊\\\" [ref=e692] [cursor=pointer]:\\n                        - /url: https://www.linkedin.com/in/kevin-geiger-03006023/\\n                        - generic [ref=e693]:\\n                          - generic [ref=e694]:\\n                            - figure [ref=e695]\\n                            - figure [ref=e696]\\n                          - generic [ref=e697]:\\n                            - paragraph [ref=e699]:\\n                              - generic [ref=e700]: Kevin Geiger, Verified\\n                              - generic [ref=e701]:\\n                                - text: Kevin Geiger\\n                                - img [ref=e703]\\n                            - paragraph [ref=e706]: Co-Founder @ Blue Wave 🌊\\n                      - button \\\"Invite Kevin Geiger to connect\\\" [ref=e709] [cursor=pointer]:\\n                        - generic [ref=e710]:\\n                          - img [ref=e711]\\n                          - generic [ref=e714]: Connect\\n                    - button \\\"Remove Kevin Geiger as a suggestion\\\" [ref=e716] [cursor=pointer]:\\n                      - img [ref=e718]\\n                - listitem [ref=e721]:\\n                  - generic [ref=e722]:\\n                    - generic [ref=e723]:\\n                      - link \\\"Juan Trejo, Verified Buyer | Aerospace & Manufacturing | Supply Chain Management\\\" [ref=e724] [cursor=pointer]:\\n                        - /url: https://www.linkedin.com/in/juan-trejo-1b916a32a/\\n                        - generic [ref=e725]:\\n                          - generic [ref=e726]:\\n                            - figure [ref=e727]\\n                            - figure [ref=e728]\\n                          - generic [ref=e729]:\\n                            - paragraph [ref=e731]:\\n                              - generic [ref=e732]: Juan Trejo, Verified\\n                              - generic [ref=e733]:\\n                                - text: Juan Trejo\\n                                - img [ref=e735]\\n                            - paragraph [ref=e738]: Buyer | Aerospace & Manufacturing | Supply Chain Management\\n                      - button \\\"Invite Juan Trejo to connect\\\" [ref=e741] [cursor=pointer]:\\n                        - generic [ref=e742]:\\n                          - img [ref=e743]\\n                          - generic [ref=e746]: Connect\\n                    - button \\\"Remove Juan Trejo as a suggestion\\\" [ref=e748] [cursor=pointer]:\\n                      - img [ref=e750]\\n                - listitem [ref=e753]:\\n                  - generic [ref=e754]:\\n                    - generic [ref=e755]:\\n                      - link \\\"Konrad Fijołek Prezydent Miasta Rzeszów\\\" [ref=e756] [cursor=pointer]:\\n                        - /url: https://www.linkedin.com/in/konradfijo%C5%82ek/\\n                        - generic [ref=e757]:\\n                          - generic [ref=e758]:\\n                            - figure [ref=e759]\\n                            - figure [ref=e760]\\n                          - generic [ref=e761]:\\n                            - paragraph [ref=e763]:\\n                              - generic [ref=e764]: Konrad Fijołek\\n                              - text: Konrad Fijołek\\n                            - paragraph [ref=e766]: Prezydent Miasta Rzeszów\\n                      - button \\\"Invite Konrad Fijołek to connect\\\" [ref=e769] [cursor=pointer]:\\n                        - generic [ref=e770]:\\n                          - img [ref=e771]\\n                          - generic [ref=e774]: Connect\\n                    - button \\\"Remove Konrad Fijołek as a suggestion\\\" [ref=e776] [cursor=pointer]:\\n                      - img [ref=e778]\\n            - generic [ref=e782]:\\n              - generic [ref=e784]:\\n                - heading \\\"Popular on LinkedIn\\\" [level=3] [ref=e785]\\n                - link \\\"Show all suggestions for Popular on LinkedIn\\\" [ref=e786] [cursor=pointer]:\\n                  - /url: https://www.linkedin.com/mynetwork/grow/\\n                  - generic [ref=e788]: Show all\\n              - list [ref=e789]:\\n                - listitem [ref=e791]:\\n                  - generic [ref=e792]:\\n                    - generic [ref=e793]:\\n                      - link \\\"Tomasz Rożek, PhD Nauka To Lubie\\\" [ref=e794] [cursor=pointer]:\\n                        - /url: https://www.linkedin.com/in/tomasz-ro%C5%BCek-phd-303b1b6/\\n                        - generic [ref=e795]:\\n                          - generic [ref=e796]:\\n                            - figure [ref=e797]:\\n                              - img [ref=e798]\\n                            - figure [ref=e804]\\n                          - generic [ref=e805]:\\n                            - paragraph [ref=e807]:\\n                              - generic [ref=e808]: Tomasz Rożek, PhD\\n                              - text: Tomasz Rożek, PhD\\n                            - paragraph [ref=e810]: Nauka To Lubie\\n                      - generic [ref=e811]:\\n                        - paragraph [ref=e814]: 83,898 followers\\n                        - button \\\"Follow Tomasz Rożek, PhD\\\" [ref=e816] [cursor=pointer]:\\n                          - generic [ref=e817]:\\n                            - img [ref=e818]\\n                            - generic [ref=e821]: Follow\\n                    - button \\\"Remove Tomasz Rożek, PhD as a suggestion\\\" [ref=e823] [cursor=pointer]:\\n                      - img [ref=e825]\\n                - listitem [ref=e828]:\\n                  - generic [ref=e829]:\\n                    - generic [ref=e830]:\\n                      - link \\\"Szymon Szczesniak, Premium CEO at CodeTwo / JSON at HRejterzy\\\" [ref=e831] [cursor=pointer]:\\n                        - /url: https://www.linkedin.com/in/codetwojson/\\n                        - generic [ref=e832]:\\n                          - generic [ref=e833]:\\n                            - figure [ref=e834]:\\n                              - img [ref=e835]\\n                            - figure [ref=e841]\\n                          - generic [ref=e842]:\\n                            - paragraph [ref=e844]:\\n                              - generic [ref=e845]: Szymon Szczesniak, Premium\\n                              - generic [ref=e846]:\\n                                - text: Szymon Szczesniak\\n                                - img [ref=e848]\\n                            - paragraph [ref=e851]: CEO at CodeTwo / JSON at HRejterzy\\n                      - generic [ref=e852]:\\n                        - paragraph [ref=e855]: 185,375 followers\\n                        - button \\\"Follow Szymon Szczesniak\\\" [ref=e857] [cursor=pointer]:\\n                          - generic [ref=e858]:\\n                            - img [ref=e859]\\n                            - generic [ref=e862]: Follow\\n                    - button \\\"Remove Szymon Szczesniak as a suggestion\\\" [ref=e864] [cursor=pointer]:\\n                      - img [ref=e866]\\n                - listitem [ref=e869]:\\n                  - generic [ref=e870]:\\n                    - generic [ref=e871]:\\n                      - link \\\"Maciej Sawicki, Verified Async orgs & Remote-first leadership | Founder inStreamly | Gaming & new tech\\\" [ref=e872] [cursor=pointer]:\\n                        - /url: https://www.linkedin.com/in/maciejsawiksawicki/\\n                        - generic [ref=e873]:\\n                          - generic [ref=e874]:\\n                            - figure [ref=e875]\\n                            - figure [ref=e876]\\n                          - generic [ref=e877]:\\n                            - paragraph [ref=e879]:\\n                              - generic [ref=e880]: Maciej Sawicki, Verified\\n                              - generic [ref=e881]:\\n                                - text: Maciej Sawicki\\n                                - img [ref=e883]\\n                            - paragraph [ref=e886]: Async orgs & Remote-first leadership | Founder inStreamly | Gaming & new tech\\n                      - generic [ref=e887]:\\n                        - paragraph [ref=e890]: 18,229 followers\\n                        - button \\\"Follow Maciej Sawicki\\\" [ref=e892] [cursor=pointer]:\\n                          - generic [ref=e893]:\\n                            - img [ref=e894]\\n                            - generic [ref=e897]: Follow\\n                    - button \\\"Remove Maciej Sawicki as a suggestion\\\" [ref=e899] [cursor=pointer]:\\n                      - img [ref=e901]\\n                - listitem [ref=e904]:\\n                  - generic [ref=e905]:\\n                    - generic [ref=e906]:\\n                      - link \\\"Dr Maciej Kawecki, Verified Founder of This is it | This Is World President of the Lem Institute\\\" [ref=e907] [cursor=pointer]:\\n                        - /url: https://www.linkedin.com/in/maciejkawecki/\\n                        - generic [ref=e908]:\\n                          - generic [ref=e909]:\\n                            - figure [ref=e910]\\n                            - figure [ref=e911]:\\n                              - img [ref=e912]\\n                          - generic [ref=e918]:\\n                            - paragraph [ref=e920]:\\n                              - generic [ref=e921]: Dr Maciej Kawecki, Verified\\n                              - generic [ref=e922]:\\n                                - text: Dr Maciej Kawecki\\n                                - img [ref=e924]\\n                            - paragraph [ref=e927]: Founder of This is it | This Is World President of the Lem Institute\\n                      - generic [ref=e928]:\\n                        - paragraph [ref=e931]: 177,045 followers\\n                        - button \\\"Follow Dr Maciej Kawecki\\\" [ref=e933] [cursor=pointer]:\\n                          - generic [ref=e934]:\\n                            - img [ref=e935]\\n                            - generic [ref=e938]: Follow\\n                    - button \\\"Remove Dr Maciej Kawecki as a suggestion\\\" [ref=e940] [cursor=pointer]:\\n                      - img [ref=e942]\\n                - listitem [ref=e945]:\\n                  - generic [ref=e946]:\\n                    - generic [ref=e947]:\\n                      - link \\\"Martyna Wojciechowska, Premium Journalist, filmmaker, activist, founder of UNAWEZA Foundation\\\" [ref=e948] [cursor=pointer]:\\n                        - /url: https://www.linkedin.com/in/martyna-wojciechowska-world/en/\\n                        - generic [ref=e949]:\\n                          - generic [ref=e950]:\\n                            - figure [ref=e951]\\n                            - figure [ref=e952]\\n                          - generic [ref=e953]:\\n                            - paragraph [ref=e955]:\\n                              - generic [ref=e956]: Martyna Wojciechowska, Premium\\n                              - generic [ref=e957]:\\n                                - text: Martyna Wojciechowska\\n                                - img [ref=e959]\\n                            - paragraph [ref=e962]: Journalist, filmmaker, activist, founder of UNAWEZA Foundation\\n                      - generic [ref=e963]:\\n                        - paragraph [ref=e966]: 79,346 followers\\n                        - button \\\"Follow Martyna Wojciechowska\\\" [ref=e968] [cursor=pointer]:\\n                          - generic [ref=e969]:\\n                            - img [ref=e970]\\n                            - generic [ref=e973]: Follow\\n                    - button \\\"Remove Martyna Wojciechowska as a suggestion\\\" [ref=e975] [cursor=pointer]:\\n                      - img [ref=e977]\\n                - listitem [ref=e980]:\\n                  - generic [ref=e981]:\\n                    - generic [ref=e982]:\\n                      - link \\\"Kinga Szostko, Premium 📱 Analiza i monitoring social mediów 🌿 OSINT 🚨 Przemoc rówieśnicza ⚠️ Ochrona dzieci w sieci 🌐 Portal bezpiecznedziecko.org 🫴 Fundacja Prospoleczna.org 📲 Aplikacja KidsAlert 🫆\\\" [ref=e983] [cursor=pointer]:\\n                        - /url: https://www.linkedin.com/in/kinga-szostko-985b65220/\\n                        - generic [ref=e984]:\\n                          - generic [ref=e985]:\\n                            - figure [ref=e986]\\n                            - figure [ref=e987]\\n                          - generic [ref=e988]:\\n                            - paragraph [ref=e990]:\\n                              - generic [ref=e991]: Kinga Szostko, Premium\\n                              - generic [ref=e992]:\\n                                - text: Kinga Szostko\\n                                - img [ref=e994]\\n                            - paragraph [ref=e997]: 📱 Analiza i monitoring social mediów 🌿 OSINT 🚨 Przemoc rówieśnicza ⚠️ Ochrona dzieci w sieci 🌐 Portal bezpiecznedziecko.org 🫴 Fundacja Prospoleczna.org 📲 Aplikacja KidsAlert 🫆\\n                      - generic [ref=e998]:\\n                        - paragraph [ref=e1001]: 11,163 followers\\n                        - button \\\"Follow Kinga Szostko\\\" [ref=e1003] [cursor=pointer]:\\n                          - generic [ref=e1004]:\\n                            - img [ref=e1005]\\n                            - generic [ref=e1008]: Follow\\n                    - button \\\"Remove Kinga Szostko as a suggestion\\\" [ref=e1010] [cursor=pointer]:\\n                      - img [ref=e1012]\\n            - button \\\"Load more\\\" [ref=e1015] [cursor=pointer]:\\n              - generic [ref=e1017]: Load more\\n  - generic:\\n    - generic:\\n      - generic:\\n        - generic:\\n          - complementary:\\n            - generic [ref=e1019]:\\n              - generic [ref=e1021] [cursor=pointer]:\\n                - generic [ref=e1022]:\\n                  - img \\\"Petr Petrovich\\\" [ref=e1023]\\n                  - generic [ref=e1025]: Status is online\\n                - button \\\"You are on the messaging overlay. Press enter to open the list of conversations.\\\" [ref=e1026]:\\n                  - generic [ref=e1027]:\\n                    - generic [ref=e1028]: Messaging\\n                    - generic [ref=e1029]: You are on the messaging overlay. Press enter to open the list of conversations.\\n              - generic [ref=e1030]:\\n                - button \\\"Open messenger dropdown menu\\\" [ref=e1032] [cursor=pointer]:\\n                  - img \\\"Open messenger dropdown menu\\\" [ref=e1033]\\n                - button \\\"Compose message\\\" [ref=e1036] [cursor=pointer]:\\n                  - img [ref=e1037]\\n                  - generic [ref=e1039]: Compose message\\n                - button \\\"You are on the messaging overlay. Press enter to open the list of conversations.\\\" [ref=e1040] [cursor=pointer]:\\n                  - img [ref=e1041]\\n                  - generic [ref=e1043]: You are on the messaging overlay. Press enter to open the list of conversations.\\n          - complementary \\\"AI-powered assistant to get help with your career, jobs etc\\\"\\n  - iframe [ref=e1044]:\\n    - generic [active] [ref=f207e1]:\\n      - generic:\\n        - region \\\"Toast message\\\":\\n          - heading \\\"0 notifications total\\\" [level=2] [ref=f207e3]\\n          - alert\\n      - region [ref=f207e4]\\n      - generic [ref=f207e5]:\\n        - generic [ref=f207e7]:\\n          - button \\\"Skip to search\\\" [ref=f207e8] [cursor=pointer]:\\n            - generic [ref=f207e9]: Skip to search\\n          - button \\\"Skip to main content\\\" [ref=f207e10] [cursor=pointer]:\\n            - generic [ref=f207e11]: Skip to main content\\n          - button \\\"Keyboard shortcuts\\\" [ref=f207e12] [cursor=pointer]:\\n            - generic [ref=f207e13]: Keyboard shortcuts\\n          - button \\\"Close jump menu\\\" [ref=f207e14] [cursor=pointer]:\\n            - img [ref=f207e15]\\n            - generic [ref=f207e17]: Close jump menu\\n        - banner \\\"Global Navigation\\\" [ref=f207e18]:\\n          - generic [ref=f207e19]:\\n            - link \\\"LinkedIn\\\" [ref=f207e20] [cursor=pointer]:\\n              - /url: https://www.linkedin.com/feed/?nis=true\\n              - img \\\"LinkedIn\\\" [ref=f207e23]:\\n                - img [ref=f207e24]\\n            - generic [ref=f207e28]:\\n              - combobox \\\"Search\\\" [ref=f207e29]\\n              - generic:\\n                - img\\n            - navigation \\\"Primary Navigation\\\" [ref=f207e30]:\\n              - list [ref=f207e31]:\\n                - listitem [ref=f207e32]:\\n                  - link \\\"new feed updates notifications Home\\\" [ref=f207e33] [cursor=pointer]:\\n                    - /url: https://www.linkedin.com/feed/?nis=true&\\n                    - generic [ref=f207e34]:\\n                      - generic [ref=f207e37]: new feed updates notifications\\n                      - img [ref=f207e41]\\n                    - generic \\\"Home\\\" [ref=f207e43]\\n                - listitem [ref=f207e44]:\\n                  - link \\\"My Network\\\" [ref=f207e45] [cursor=pointer]:\\n                    - /url: https://www.linkedin.com/mynetwork/?\\n                    - img [ref=f207e49]\\n                    - generic \\\"My Network\\\" [ref=f207e51]\\n                - listitem [ref=f207e52]:\\n                  - link \\\"Jobs\\\" [ref=f207e53] [cursor=pointer]:\\n                    - /url: https://www.linkedin.com/jobs/?\\n                    - img [ref=f207e57]\\n                    - generic \\\"Jobs\\\" [ref=f207e59]\\n                - listitem [ref=f207e60]:\\n                  - link \\\"Messaging\\\" [ref=f207e61] [cursor=pointer]:\\n                    - /url: https://www.linkedin.com/messaging/?\\n                    - img [ref=f207e65]\\n                    - generic \\\"Messaging\\\" [ref=f207e67]\\n                - listitem [ref=f207e68]:\\n                  - link \\\"Notifications\\\" [ref=f207e69] [cursor=pointer]:\\n                    - /url: https://www.linkedin.com/notifications/?\\n                    - img [ref=f207e73]\\n                    - generic \\\"Notifications\\\" [ref=f207e75]\\n                - listitem [ref=f207e76]:\\n                  - button \\\"Petr Petrovich Me\\\" [ref=f207e78] [cursor=pointer]:\\n                    - img \\\"Petr Petrovich\\\" [ref=f207e79]\\n                    - generic [ref=f207e80]:\\n                      - text: Me\\n                      - img [ref=f207e81]\\n                - listitem [ref=f207e83]:\\n                  - button \\\"For Business\\\" [ref=f207e85] [cursor=pointer]:\\n                    - img [ref=f207e89]\\n                    - generic \\\"For Business\\\" [ref=f207e91]:\\n                      - text: For Business\\n                      - img [ref=f207e92]\\n                - listitem [ref=f207e94]:\\n                  - link \\\"Try Premium for zł 0\\\" [ref=f207e96] [cursor=pointer]:\\n                    - /url: javascript:void(0)\\n                    - generic [ref=f207e97]:\\n                      - img [ref=f207e98]\\n                      - generic [ref=f207e100]: Try Premium for zł 0\",\n  \"refs\": {\n    \"e2\": {\n      \"role\": \"generic\"\n    },\n    \"e3\": {\n      \"role\": \"heading\",\n      \"name\": \"0 notifications\"\n    },\n    \"e4\": {\n      \"role\": \"generic\"\n    },\n    \"e5\": {\n      \"role\": \"button\"\n    },\n    \"e7\": {\n      \"role\": \"generic\"\n    },\n    \"e8\": {\n      \"role\": \"button\"\n    },\n    \"e10\": {\n      \"role\": \"img\"\n    },\n    \"e12\": {\n      \"role\": \"generic\"\n    },\n    \"e14\": {\n      \"role\": \"banner\"\n    },\n    \"e17\": {\n      \"role\": \"generic\"\n    },\n    \"e18\": {\n      \"role\": \"button\",\n      \"name\": \"LinkedIn\"\n    },\n    \"e19\": {\n      \"role\": \"img\",\n      \"name\": \"LinkedIn\"\n    },\n    \"e22\": {\n      \"role\": \"search\"\n    },\n    \"e23\": {\n      \"role\": \"generic\"\n    },\n    \"e25\": {\n      \"role\": \"img\"\n    },\n    \"e27\": {\n      \"role\": \"textbox\",\n      \"name\": \"Search\"\n    },\n    \"e29\": {\n      \"role\": \"generic\"\n    },\n    \"e34\": {\n      \"role\": \"figure\"\n    },\n    \"e37\": {\n      \"role\": \"navigation\"\n    },\n    \"e38\": {\n      \"role\": \"list\"\n    },\n    \"e39\": {\n      \"role\": \"listitem\"\n    },\n    \"e40\": {\n      \"role\": \"button\",\n      \"name\": \"Home, 1 new notification\"\n    },\n    \"e42\": {\n      \"role\": \"img\"\n    },\n    \"e46\": {\n      \"role\": \"generic\"\n    },\n    \"e47\": {\n      \"role\": \"listitem\"\n    },\n    \"e48\": {\n      \"role\": \"link\",\n      \"name\": \"My Network, 0 new notifications\"\n    },\n    \"e50\": {\n      \"role\": \"img\"\n    },\n    \"e53\": {\n      \"role\": \"generic\"\n    },\n    \"e54\": {\n      \"role\": \"listitem\"\n    },\n    \"e55\": {\n      \"role\": \"button\",\n      \"name\": \"Jobs, 0 new notifications\"\n    },\n    \"e57\": {\n      \"role\": \"img\"\n    },\n    \"e60\": {\n      \"role\": \"generic\"\n    },\n    \"e61\": {\n      \"role\": \"listitem\"\n    },\n    \"e62\": {\n      \"role\": \"link\",\n      \"name\": \"Messaging, 0 new notifications\"\n    },\n    \"e64\": {\n      \"role\": \"img\"\n    },\n    \"e67\": {\n      \"role\": \"generic\"\n    },\n    \"e68\": {\n      \"role\": \"listitem\"\n    },\n    \"e69\": {\n      \"role\": \"link\",\n      \"name\": \"Notifications, 0 new notifications\"\n    },\n    \"e71\": {\n      \"role\": \"img\"\n    },\n    \"e74\": {\n      \"role\": \"generic\"\n    },\n    \"e75\": {\n      \"role\": \"listitem\"\n    },\n    \"e76\": {\n      \"role\": \"button\",\n      \"name\": \"Me\"\n    },\n    \"e78\": {\n      \"role\": \"figure\"\n    },\n    \"e80\": {\n      \"role\": \"generic\"\n    },\n    \"e81\": {\n      \"role\": \"img\"\n    },\n    \"e84\": {\n      \"role\": \"generic\"\n    },\n    \"e85\": {\n      \"role\": \"navigation\"\n    },\n    \"e86\": {\n      \"role\": \"list\"\n    },\n    \"e87\": {\n      \"role\": \"listitem\"\n    },\n    \"e88\": {\n      \"role\": \"button\",\n      \"name\": \"For Business\"\n    },\n    \"e90\": {\n      \"role\": \"img\"\n    },\n    \"e93\": {\n      \"role\": \"generic\"\n    },\n    \"e94\": {\n      \"role\": \"img\"\n    },\n    \"e97\": {\n      \"role\": \"link\",\n      \"name\": \"Try Premium for zł 0\"\n    },\n    \"e98\": {\n      \"role\": \"generic\"\n    },\n    \"e99\": {\n      \"role\": \"img\"\n    },\n    \"e103\": {\n      \"role\": \"paragraph\"\n    },\n    \"e105\": {\n      \"role\": \"main\"\n    },\n    \"e107\": {\n      \"role\": \"generic\"\n    },\n    \"e111\": {\n      \"role\": \"generic\"\n    },\n    \"e116\": {\n      \"role\": \"generic\"\n    },\n    \"e117\": {\n      \"role\": \"generic\"\n    },\n    \"e118\": {\n      \"role\": \"paragraph\"\n    },\n    \"e119\": {\n      \"role\": \"generic\"\n    },\n    \"e120\": {\n      \"role\": \"generic\"\n    },\n    \"e121\": {\n      \"role\": \"paragraph\"\n    },\n    \"e122\": {\n      \"role\": \"paragraph\"\n    },\n    \"e123\": {\n      \"role\": \"link\",\n      \"name\": \"0 Connections\"\n    },\n    \"e124\": {\n      \"role\": \"generic\"\n    },\n    \"e125\": {\n      \"role\": \"paragraph\"\n    },\n    \"e126\": {\n      \"role\": \"paragraph\"\n    },\n    \"e127\": {\n      \"role\": \"link\",\n      \"name\": \"0 Following\"\n    },\n    \"e128\": {\n      \"role\": \"generic\"\n    },\n    \"e129\": {\n      \"role\": \"paragraph\"\n    },\n    \"e130\": {\n      \"role\": \"paragraph\"\n    },\n    \"e132\": {\n      \"role\": \"button\",\n      \"name\": \"Show more\"\n    },\n    \"e133\": {\n      \"role\": \"generic\"\n    },\n    \"e134\": {\n      \"role\": \"img\"\n    },\n    \"e136\": {\n      \"role\": \"generic\"\n    },\n    \"e139\": {\n      \"role\": \"iframe\"\n    },\n    \"e140\": {\n      \"role\": \"generic\"\n    },\n    \"e141\": {\n      \"role\": \"generic\"\n    },\n    \"e142\": {\n      \"role\": \"link\",\n      \"name\": \"About\"\n    },\n    \"e143\": {\n      \"role\": \"paragraph\"\n    },\n    \"e144\": {\n      \"role\": \"link\",\n      \"name\": \"Accessibility\"\n    },\n    \"e145\": {\n      \"role\": \"paragraph\"\n    },\n    \"e146\": {\n      \"role\": \"link\",\n      \"name\": \"Help Center\"\n    },\n    \"e147\": {\n      \"role\": \"paragraph\"\n    },\n    \"e148\": {\n      \"role\": \"button\",\n      \"name\": \"Privacy & Terms\"\n    },\n    \"e149\": {\n      \"role\": \"generic\"\n    },\n    \"e150\": {\n      \"role\": \"paragraph\"\n    },\n    \"e151\": {\n      \"role\": \"img\"\n    },\n    \"e153\": {\n      \"role\": \"link\",\n      \"name\": \"Ad Choices\"\n    },\n    \"e154\": {\n      \"role\": \"paragraph\"\n    },\n    \"e155\": {\n      \"role\": \"link\",\n      \"name\": \"Advertising\"\n    },\n    \"e156\": {\n      \"role\": \"paragraph\"\n    },\n    \"e157\": {\n      \"role\": \"button\",\n      \"name\": \"Business Services\"\n    },\n    \"e158\": {\n      \"role\": \"generic\"\n    },\n    \"e159\": {\n      \"role\": \"paragraph\"\n    },\n    \"e160\": {\n      \"role\": \"img\"\n    },\n    \"e162\": {\n      \"role\": \"link\",\n      \"name\": \"Get the LinkedIn app\"\n    },\n    \"e163\": {\n      \"role\": \"paragraph\"\n    },\n    \"e164\": {\n      \"role\": \"link\",\n      \"name\": \"More\"\n    },\n    \"e165\": {\n      \"role\": \"paragraph\"\n    },\n    \"e166\": {\n      \"role\": \"generic\"\n    },\n    \"e167\": {\n      \"role\": \"img\"\n    },\n    \"e169\": {\n      \"role\": \"paragraph\"\n    },\n    \"e173\": {\n      \"role\": \"generic\"\n    },\n    \"e180\": {\n      \"role\": \"generic\"\n    },\n    \"e181\": {\n      \"role\": \"generic\"\n    },\n    \"e182\": {\n      \"role\": \"paragraph\"\n    },\n    \"e183\": {\n      \"role\": \"paragraph\"\n    },\n    \"e184\": {\n      \"role\": \"generic\"\n    },\n    \"e185\": {\n      \"role\": \"generic\"\n    },\n    \"e188\": {\n      \"role\": \"link\",\n      \"name\": \"1\"\n    },\n    \"e191\": {\n      \"role\": \"paragraph\"\n    },\n    \"e194\": {\n      \"role\": \"link\",\n      \"name\": \"2\"\n    },\n    \"e197\": {\n      \"role\": \"paragraph\"\n    },\n    \"e200\": {\n      \"role\": \"link\",\n      \"name\": \"3\"\n    },\n    \"e203\": {\n      \"role\": \"paragraph\"\n    },\n    \"e206\": {\n      \"role\": \"link\",\n      \"name\": \"4\"\n    },\n    \"e209\": {\n      \"role\": \"paragraph\"\n    },\n    \"e212\": {\n      \"role\": \"link\",\n      \"name\": \"5\"\n    },\n    \"e215\": {\n      \"role\": \"paragraph\"\n    },\n    \"e216\": {\n      \"role\": \"link\",\n      \"name\": \"Search for people you know\"\n    },\n    \"e217\": {\n      \"role\": \"generic\"\n    },\n    \"e218\": {\n      \"role\": \"img\"\n    },\n    \"e220\": {\n      \"role\": \"generic\"\n    },\n    \"e225\": {\n      \"role\": \"generic\"\n    },\n    \"e226\": {\n      \"role\": \"generic\"\n    },\n    \"e228\": {\n      \"role\": \"heading\",\n      \"name\": \"No pending invitations\"\n    },\n    \"e229\": {\n      \"role\": \"link\",\n      \"name\": \"Manage all invitations\"\n    },\n    \"e231\": {\n      \"role\": \"generic\"\n    },\n    \"e234\": {\n      \"role\": \"generic\"\n    },\n    \"e236\": {\n      \"role\": \"generic\"\n    },\n    \"e237\": {\n      \"role\": \"heading\",\n      \"name\": \"People you may know in Warsaw Metropolitan Area\"\n    },\n    \"e238\": {\n      \"role\": \"link\",\n      \"name\": \"Show all suggestions for People you may know in Warsaw Metropolitan Area\"\n    },\n    \"e240\": {\n      \"role\": \"generic\"\n    },\n    \"e241\": {\n      \"role\": \"list\"\n    },\n    \"e243\": {\n      \"role\": \"listitem\"\n    },\n    \"e244\": {\n      \"role\": \"generic\"\n    },\n    \"e245\": {\n      \"role\": \"generic\"\n    },\n    \"e246\": {\n      \"role\": \"link\",\n      \"name\": \"Jakub P., Premium IT Service Delivery Management\"\n    },\n    \"e247\": {\n      \"role\": \"generic\"\n    },\n    \"e248\": {\n      \"role\": \"generic\"\n    },\n    \"e249\": {\n      \"role\": \"figure\"\n    },\n    \"e250\": {\n      \"role\": \"figure\"\n    },\n    \"e251\": {\n      \"role\": \"img\"\n    },\n    \"e257\": {\n      \"role\": \"generic\"\n    },\n    \"e259\": {\n      \"role\": \"paragraph\"\n    },\n    \"e260\": {\n      \"role\": \"generic\"\n    },\n    \"e261\": {\n      \"role\": \"generic\"\n    },\n    \"e263\": {\n      \"role\": \"img\"\n    },\n    \"e266\": {\n      \"role\": \"paragraph\"\n    },\n    \"e269\": {\n      \"role\": \"button\",\n      \"name\": \"Invite Jakub P. to connect\"\n    },\n    \"e270\": {\n      \"role\": \"generic\"\n    },\n    \"e271\": {\n      \"role\": \"img\"\n    },\n    \"e274\": {\n      \"role\": \"generic\"\n    },\n    \"e276\": {\n      \"role\": \"button\",\n      \"name\": \"Remove Jakub P. as a suggestion\"\n    },\n    \"e278\": {\n      \"role\": \"img\"\n    },\n    \"e281\": {\n      \"role\": \"listitem\"\n    },\n    \"e282\": {\n      \"role\": \"generic\"\n    },\n    \"e283\": {\n      \"role\": \"generic\"\n    },\n    \"e284\": {\n      \"role\": \"link\",\n      \"name\": \"Sławomir Dec, Verified Cybersecurity|CISSP\"\n    },\n    \"e285\": {\n      \"role\": \"generic\"\n    },\n    \"e286\": {\n      \"role\": \"generic\"\n    },\n    \"e287\": {\n      \"role\": \"figure\"\n    },\n    \"e288\": {\n      \"role\": \"figure\"\n    },\n    \"e289\": {\n      \"role\": \"generic\"\n    },\n    \"e291\": {\n      \"role\": \"paragraph\"\n    },\n    \"e292\": {\n      \"role\": \"generic\"\n    },\n    \"e293\": {\n      \"role\": \"generic\"\n    },\n    \"e295\": {\n      \"role\": \"img\"\n    },\n    \"e298\": {\n      \"role\": \"paragraph\"\n    },\n    \"e301\": {\n      \"role\": \"button\",\n      \"name\": \"Invite Sławomir Dec to connect\"\n    },\n    \"e302\": {\n      \"role\": \"generic\"\n    },\n    \"e303\": {\n      \"role\": \"img\"\n    },\n    \"e306\": {\n      \"role\": \"generic\"\n    },\n    \"e308\": {\n      \"role\": \"button\",\n      \"name\": \"Remove Sławomir Dec as a suggestion\"\n    },\n    \"e310\": {\n      \"role\": \"img\"\n    },\n    \"e313\": {\n      \"role\": \"listitem\"\n    },\n    \"e314\": {\n      \"role\": \"generic\"\n    },\n    \"e315\": {\n      \"role\": \"generic\"\n    },\n    \"e316\": {\n      \"role\": \"link\",\n      \"name\": \"Adam Szafara Helping businesses to raise its digital potential🌏\"\n    },\n    \"e317\": {\n      \"role\": \"generic\"\n    },\n    \"e318\": {\n      \"role\": \"generic\"\n    },\n    \"e319\": {\n      \"role\": \"figure\"\n    },\n    \"e320\": {\n      \"role\": \"figure\"\n    },\n    \"e321\": {\n      \"role\": \"img\"\n    },\n    \"e327\": {\n      \"role\": \"generic\"\n    },\n    \"e329\": {\n      \"role\": \"paragraph\"\n    },\n    \"e330\": {\n      \"role\": \"generic\"\n    },\n    \"e332\": {\n      \"role\": \"paragraph\"\n    },\n    \"e335\": {\n      \"role\": \"button\",\n      \"name\": \"Invite Adam Szafara to connect\"\n    },\n    \"e336\": {\n      \"role\": \"generic\"\n    },\n    \"e337\": {\n      \"role\": \"img\"\n    },\n    \"e340\": {\n      \"role\": \"generic\"\n    },\n    \"e342\": {\n      \"role\": \"button\",\n      \"name\": \"Remove Adam Szafara as a suggestion\"\n    },\n    \"e344\": {\n      \"role\": \"img\"\n    },\n    \"e347\": {\n      \"role\": \"listitem\"\n    },\n    \"e348\": {\n      \"role\": \"generic\"\n    },\n    \"e349\": {\n      \"role\": \"generic\"\n    },\n    \"e350\": {\n      \"role\": \"link\",\n      \"name\": \"Andrzej Jargiło Specjalista magazynier\"\n    },\n    \"e351\": {\n      \"role\": \"generic\"\n    },\n    \"e352\": {\n      \"role\": \"generic\"\n    },\n    \"e353\": {\n      \"role\": \"figure\"\n    },\n    \"e354\": {\n      \"role\": \"figure\"\n    },\n    \"e355\": {\n      \"role\": \"generic\"\n    },\n    \"e357\": {\n      \"role\": \"paragraph\"\n    },\n    \"e358\": {\n      \"role\": \"generic\"\n    },\n    \"e360\": {\n      \"role\": \"paragraph\"\n    },\n    \"e363\": {\n      \"role\": \"button\",\n      \"name\": \"Invite Andrzej Jargiło to connect\"\n    },\n    \"e364\": {\n      \"role\": \"generic\"\n    },\n    \"e365\": {\n      \"role\": \"img\"\n    },\n    \"e368\": {\n      \"role\": \"generic\"\n    },\n    \"e370\": {\n      \"role\": \"button\",\n      \"name\": \"Remove Andrzej Jargiło as a suggestion\"\n    },\n    \"e372\": {\n      \"role\": \"img\"\n    },\n    \"e375\": {\n      \"role\": \"listitem\"\n    },\n    \"e376\": {\n      \"role\": \"generic\"\n    },\n    \"e377\": {\n      \"role\": \"generic\"\n    },\n    \"e378\": {\n      \"role\": \"link\",\n      \"name\": \"Marcin Owsianka, Verified Business Development Manager at Ledatel\"\n    },\n    \"e379\": {\n      \"role\": \"generic\"\n    },\n    \"e380\": {\n      \"role\": \"generic\"\n    },\n    \"e381\": {\n      \"role\": \"figure\"\n    },\n    \"e382\": {\n      \"role\": \"figure\"\n    },\n    \"e383\": {\n      \"role\": \"generic\"\n    },\n    \"e385\": {\n      \"role\": \"paragraph\"\n    },\n    \"e386\": {\n      \"role\": \"generic\"\n    },\n    \"e387\": {\n      \"role\": \"generic\"\n    },\n    \"e389\": {\n      \"role\": \"img\"\n    },\n    \"e392\": {\n      \"role\": \"paragraph\"\n    },\n    \"e395\": {\n      \"role\": \"button\",\n      \"name\": \"Invite Marcin Owsianka to connect\"\n    },\n    \"e396\": {\n      \"role\": \"generic\"\n    },\n    \"e397\": {\n      \"role\": \"img\"\n    },\n    \"e400\": {\n      \"role\": \"generic\"\n    },\n    \"e402\": {\n      \"role\": \"button\",\n      \"name\": \"Remove Marcin Owsianka as a suggestion\"\n    },\n    \"e404\": {\n      \"role\": \"img\"\n    },\n    \"e407\": {\n      \"role\": \"listitem\"\n    },\n    \"e408\": {\n      \"role\": \"generic\"\n    },\n    \"e409\": {\n      \"role\": \"generic\"\n    },\n    \"e410\": {\n      \"role\": \"link\",\n      \"name\": \"Natallia Zhalabkovich, Verified Data Engineering\"\n    },\n    \"e411\": {\n      \"role\": \"generic\"\n    },\n    \"e412\": {\n      \"role\": \"generic\"\n    },\n    \"e413\": {\n      \"role\": \"figure\"\n    },\n    \"e414\": {\n      \"role\": \"img\"\n    },\n    \"e420\": {\n      \"role\": \"figure\"\n    },\n    \"e421\": {\n      \"role\": \"generic\"\n    },\n    \"e423\": {\n      \"role\": \"paragraph\"\n    },\n    \"e424\": {\n      \"role\": \"generic\"\n    },\n    \"e425\": {\n      \"role\": \"generic\"\n    },\n    \"e427\": {\n      \"role\": \"img\"\n    },\n    \"e430\": {\n      \"role\": \"paragraph\"\n    },\n    \"e433\": {\n      \"role\": \"button\",\n      \"name\": \"Invite Natallia Zhalabkovich to connect\"\n    },\n    \"e434\": {\n      \"role\": \"generic\"\n    },\n    \"e435\": {\n      \"role\": \"img\"\n    },\n    \"e438\": {\n      \"role\": \"generic\"\n    },\n    \"e440\": {\n      \"role\": \"button\",\n      \"name\": \"Remove Natallia Zhalabkovich as a suggestion\"\n    },\n    \"e442\": {\n      \"role\": \"img\"\n    },\n    \"e445\": {\n      \"role\": \"listitem\"\n    },\n    \"e446\": {\n      \"role\": \"generic\"\n    },\n    \"e447\": {\n      \"role\": \"generic\"\n    },\n    \"e448\": {\n      \"role\": \"link\",\n      \"name\": \"Jerzy Lipiński, Verified Product Manager at Omnires\"\n    },\n    \"e449\": {\n      \"role\": \"generic\"\n    },\n    \"e450\": {\n      \"role\": \"generic\"\n    },\n    \"e451\": {\n      \"role\": \"figure\"\n    },\n    \"e452\": {\n      \"role\": \"figure\"\n    },\n    \"e453\": {\n      \"role\": \"generic\"\n    },\n    \"e455\": {\n      \"role\": \"paragraph\"\n    },\n    \"e456\": {\n      \"role\": \"generic\"\n    },\n    \"e457\": {\n      \"role\": \"generic\"\n    },\n    \"e459\": {\n      \"role\": \"img\"\n    },\n    \"e462\": {\n      \"role\": \"paragraph\"\n    },\n    \"e465\": {\n      \"role\": \"button\",\n      \"name\": \"Invite Jerzy Lipiński to connect\"\n    },\n    \"e466\": {\n      \"role\": \"generic\"\n    },\n    \"e467\": {\n      \"role\": \"img\"\n    },\n    \"e470\": {\n      \"role\": \"generic\"\n    },\n    \"e472\": {\n      \"role\": \"button\",\n      \"name\": \"Remove Jerzy Lipiński as a suggestion\"\n    },\n    \"e474\": {\n      \"role\": \"img\"\n    },\n    \"e477\": {\n      \"role\": \"listitem\"\n    },\n    \"e478\": {\n      \"role\": \"generic\"\n    },\n    \"e479\": {\n      \"role\": \"generic\"\n    },\n    \"e480\": {\n      \"role\": \"link\",\n      \"name\": \"Mustafa FIRINCI, Verified Sales Manager | 20+ Years in Retail & Customer Management | MBA | Based in Warsaw\"\n    },\n    \"e481\": {\n      \"role\": \"generic\"\n    },\n    \"e482\": {\n      \"role\": \"generic\"\n    },\n    \"e483\": {\n      \"role\": \"figure\"\n    },\n    \"e484\": {\n      \"role\": \"figure\"\n    },\n    \"e485\": {\n      \"role\": \"generic\"\n    },\n    \"e487\": {\n      \"role\": \"paragraph\"\n    },\n    \"e488\": {\n      \"role\": \"generic\"\n    },\n    \"e489\": {\n      \"role\": \"generic\"\n    },\n    \"e491\": {\n      \"role\": \"img\"\n    },\n    \"e494\": {\n      \"role\": \"paragraph\"\n    },\n    \"e497\": {\n      \"role\": \"button\",\n      \"name\": \"Invite Mustafa FIRINCI to connect\"\n    },\n    \"e498\": {\n      \"role\": \"generic\"\n    },\n    \"e499\": {\n      \"role\": \"img\"\n    },\n    \"e502\": {\n      \"role\": \"generic\"\n    },\n    \"e504\": {\n      \"role\": \"button\",\n      \"name\": \"Remove Mustafa FIRINCI as a suggestion\"\n    },\n    \"e506\": {\n      \"role\": \"img\"\n    },\n    \"e510\": {\n      \"role\": \"generic\"\n    },\n    \"e512\": {\n      \"role\": \"generic\"\n    },\n    \"e513\": {\n      \"role\": \"heading\",\n      \"name\": \"People you may know based on your recent activity\"\n    },\n    \"e514\": {\n      \"role\": \"link\",\n      \"name\": \"Show all suggestions for People you may know based on your recent activity\"\n    },\n    \"e516\": {\n      \"role\": \"generic\"\n    },\n    \"e517\": {\n      \"role\": \"list\"\n    },\n    \"e519\": {\n      \"role\": \"listitem\"\n    },\n    \"e520\": {\n      \"role\": \"generic\"\n    },\n    \"e521\": {\n      \"role\": \"generic\"\n    },\n    \"e522\": {\n      \"role\": \"link\",\n      \"name\": \"Trenton is open to work Trenton Murphy, Premium Salesperson @ 1800-Hansons | Sales, Resiliency\"\n    },\n    \"e523\": {\n      \"role\": \"generic\"\n    },\n    \"e524\": {\n      \"role\": \"generic\",\n      \"name\": \"Trenton is open to work\"\n    },\n    \"e525\": {\n      \"role\": \"figure\"\n    },\n    \"e526\": {\n      \"role\": \"img\"\n    },\n    \"e532\": {\n      \"role\": \"figure\"\n    },\n    \"e533\": {\n      \"role\": \"generic\"\n    },\n    \"e535\": {\n      \"role\": \"paragraph\"\n    },\n    \"e536\": {\n      \"role\": \"generic\"\n    },\n    \"e537\": {\n      \"role\": \"generic\"\n    },\n    \"e539\": {\n      \"role\": \"img\"\n    },\n    \"e542\": {\n      \"role\": \"paragraph\"\n    },\n    \"e545\": {\n      \"role\": \"button\",\n      \"name\": \"Invite Trenton Murphy to connect\"\n    },\n    \"e546\": {\n      \"role\": \"generic\"\n    },\n    \"e547\": {\n      \"role\": \"img\"\n    },\n    \"e550\": {\n      \"role\": \"generic\"\n    },\n    \"e552\": {\n      \"role\": \"button\",\n      \"name\": \"Remove Trenton Murphy as a suggestion\"\n    },\n    \"e554\": {\n      \"role\": \"img\"\n    },\n    \"e557\": {\n      \"role\": \"listitem\"\n    },\n    \"e558\": {\n      \"role\": \"generic\"\n    },\n    \"e559\": {\n      \"role\": \"generic\"\n    },\n    \"e560\": {\n      \"role\": \"link\",\n      \"name\": \"Mary Joy Erestain Virtual Assistant / Social Media Manager\"\n    },\n    \"e561\": {\n      \"role\": \"generic\"\n    },\n    \"e562\": {\n      \"role\": \"generic\"\n    },\n    \"e563\": {\n      \"role\": \"figure\"\n    },\n    \"e564\": {\n      \"role\": \"img\"\n    },\n    \"e570\": {\n      \"role\": \"figure\"\n    },\n    \"e571\": {\n      \"role\": \"generic\"\n    },\n    \"e573\": {\n      \"role\": \"paragraph\"\n    },\n    \"e574\": {\n      \"role\": \"generic\"\n    },\n    \"e576\": {\n      \"role\": \"paragraph\"\n    },\n    \"e579\": {\n      \"role\": \"button\",\n      \"name\": \"Invite Mary Joy Erestain to connect\"\n    },\n    \"e580\": {\n      \"role\": \"generic\"\n    },\n    \"e581\": {\n      \"role\": \"img\"\n    },\n    \"e584\": {\n      \"role\": \"generic\"\n    },\n    \"e586\": {\n      \"role\": \"button\",\n      \"name\": \"Remove Mary Joy Erestain as a suggestion\"\n    },\n    \"e588\": {\n      \"role\": \"img\"\n    },\n    \"e591\": {\n      \"role\": \"listitem\"\n    },\n    \"e592\": {\n      \"role\": \"generic\"\n    },\n    \"e593\": {\n      \"role\": \"generic\"\n    },\n    \"e594\": {\n      \"role\": \"link\",\n      \"name\": \"Joseph N., Verified Accounting Professional in San Diego\"\n    },\n    \"e595\": {\n      \"role\": \"generic\"\n    },\n    \"e596\": {\n      \"role\": \"generic\"\n    },\n    \"e597\": {\n      \"role\": \"figure\"\n    },\n    \"e598\": {\n      \"role\": \"figure\"\n    },\n    \"e599\": {\n      \"role\": \"generic\"\n    },\n    \"e601\": {\n      \"role\": \"paragraph\"\n    },\n    \"e602\": {\n      \"role\": \"generic\"\n    },\n    \"e603\": {\n      \"role\": \"generic\"\n    },\n    \"e605\": {\n      \"role\": \"img\"\n    },\n    \"e608\": {\n      \"role\": \"paragraph\"\n    },\n    \"e611\": {\n      \"role\": \"button\",\n      \"name\": \"Invite Joseph N. to connect\"\n    },\n    \"e612\": {\n      \"role\": \"generic\"\n    },\n    \"e613\": {\n      \"role\": \"img\"\n    },\n    \"e616\": {\n      \"role\": \"generic\"\n    },\n    \"e618\": {\n      \"role\": \"button\",\n      \"name\": \"Remove Joseph N. as a suggestion\"\n    },\n    \"e620\": {\n      \"role\": \"img\"\n    },\n    \"e623\": {\n      \"role\": \"listitem\"\n    },\n    \"e624\": {\n      \"role\": \"generic\"\n    },\n    \"e625\": {\n      \"role\": \"generic\"\n    },\n    \"e626\": {\n      \"role\": \"link\",\n      \"name\": \"Lou is open to work Lou West, Verified Business Management Grad Passionate About Creative, Community-Driven Work | Digital Marketing & Strategy Enthusiast\"\n    },\n    \"e627\": {\n      \"role\": \"generic\"\n    },\n    \"e628\": {\n      \"role\": \"generic\",\n      \"name\": \"Lou is open to work\"\n    },\n    \"e629\": {\n      \"role\": \"figure\"\n    },\n    \"e630\": {\n      \"role\": \"img\"\n    },\n    \"e636\": {\n      \"role\": \"figure\"\n    },\n    \"e637\": {\n      \"role\": \"generic\"\n    },\n    \"e639\": {\n      \"role\": \"paragraph\"\n    },\n    \"e640\": {\n      \"role\": \"generic\"\n    },\n    \"e641\": {\n      \"role\": \"generic\"\n    },\n    \"e643\": {\n      \"role\": \"img\"\n    },\n    \"e646\": {\n      \"role\": \"paragraph\"\n    },\n    \"e649\": {\n      \"role\": \"button\",\n      \"name\": \"Invite Lou West to connect\"\n    },\n    \"e650\": {\n      \"role\": \"generic\"\n    },\n    \"e651\": {\n      \"role\": \"img\"\n    },\n    \"e654\": {\n      \"role\": \"generic\"\n    },\n    \"e656\": {\n      \"role\": \"button\",\n      \"name\": \"Remove Lou West as a suggestion\"\n    },\n    \"e658\": {\n      \"role\": \"img\"\n    },\n    \"e661\": {\n      \"role\": \"listitem\"\n    },\n    \"e662\": {\n      \"role\": \"generic\"\n    },\n    \"e663\": {\n      \"role\": \"generic\"\n    },\n    \"e664\": {\n      \"role\": \"link\",\n      \"name\": \"Jermaine Bruno --\"\n    },\n    \"e665\": {\n      \"role\": \"generic\"\n    },\n    \"e666\": {\n      \"role\": \"generic\"\n    },\n    \"e667\": {\n      \"role\": \"figure\"\n    },\n    \"e668\": {\n      \"role\": \"figure\"\n    },\n    \"e669\": {\n      \"role\": \"generic\"\n    },\n    \"e671\": {\n      \"role\": \"paragraph\"\n    },\n    \"e672\": {\n      \"role\": \"generic\"\n    },\n    \"e674\": {\n      \"role\": \"paragraph\"\n    },\n    \"e677\": {\n      \"role\": \"button\",\n      \"name\": \"Invite Jermaine Bruno to connect\"\n    },\n    \"e678\": {\n      \"role\": \"generic\"\n    },\n    \"e679\": {\n      \"role\": \"img\"\n    },\n    \"e682\": {\n      \"role\": \"generic\"\n    },\n    \"e684\": {\n      \"role\": \"button\",\n      \"name\": \"Remove Jermaine Bruno as a suggestion\"\n    },\n    \"e686\": {\n      \"role\": \"img\"\n    },\n    \"e689\": {\n      \"role\": \"listitem\"\n    },\n    \"e690\": {\n      \"role\": \"generic\"\n    },\n    \"e691\": {\n      \"role\": \"generic\"\n    },\n    \"e692\": {\n      \"role\": \"link\",\n      \"name\": \"Kevin Geiger, Verified Co-Founder @ Blue Wave 🌊\"\n    },\n    \"e693\": {\n      \"role\": \"generic\"\n    },\n    \"e694\": {\n      \"role\": \"generic\"\n    },\n    \"e695\": {\n      \"role\": \"figure\"\n    },\n    \"e696\": {\n      \"role\": \"figure\"\n    },\n    \"e697\": {\n      \"role\": \"generic\"\n    },\n    \"e699\": {\n      \"role\": \"paragraph\"\n    },\n    \"e700\": {\n      \"role\": \"generic\"\n    },\n    \"e701\": {\n      \"role\": \"generic\"\n    },\n    \"e703\": {\n      \"role\": \"img\"\n    },\n    \"e706\": {\n      \"role\": \"paragraph\"\n    },\n    \"e709\": {\n      \"role\": \"button\",\n      \"name\": \"Invite Kevin Geiger to connect\"\n    },\n    \"e710\": {\n      \"role\": \"generic\"\n    },\n    \"e711\": {\n      \"role\": \"img\"\n    },\n    \"e714\": {\n      \"role\": \"generic\"\n    },\n    \"e716\": {\n      \"role\": \"button\",\n      \"name\": \"Remove Kevin Geiger as a suggestion\"\n    },\n    \"e718\": {\n      \"role\": \"img\"\n    },\n    \"e721\": {\n      \"role\": \"listitem\"\n    },\n    \"e722\": {\n      \"role\": \"generic\"\n    },\n    \"e723\": {\n      \"role\": \"generic\"\n    },\n    \"e724\": {\n      \"role\": \"link\",\n      \"name\": \"Juan Trejo, Verified Buyer | Aerospace & Manufacturing | Supply Chain Management\"\n    },\n    \"e725\": {\n      \"role\": \"generic\"\n    },\n    \"e726\": {\n      \"role\": \"generic\"\n    },\n    \"e727\": {\n      \"role\": \"figure\"\n    },\n    \"e728\": {\n      \"role\": \"figure\"\n    },\n    \"e729\": {\n      \"role\": \"generic\"\n    },\n    \"e731\": {\n      \"role\": \"paragraph\"\n    },\n    \"e732\": {\n      \"role\": \"generic\"\n    },\n    \"e733\": {\n      \"role\": \"generic\"\n    },\n    \"e735\": {\n      \"role\": \"img\"\n    },\n    \"e738\": {\n      \"role\": \"paragraph\"\n    },\n    \"e741\": {\n      \"role\": \"button\",\n      \"name\": \"Invite Juan Trejo to connect\"\n    },\n    \"e742\": {\n      \"role\": \"generic\"\n    },\n    \"e743\": {\n      \"role\": \"img\"\n    },\n    \"e746\": {\n      \"role\": \"generic\"\n    },\n    \"e748\": {\n      \"role\": \"button\",\n      \"name\": \"Remove Juan Trejo as a suggestion\"\n    },\n    \"e750\": {\n      \"role\": \"img\"\n    },\n    \"e753\": {\n      \"role\": \"listitem\"\n    },\n    \"e754\": {\n      \"role\": \"generic\"\n    },\n    \"e755\": {\n      \"role\": \"generic\"\n    },\n    \"e756\": {\n      \"role\": \"link\",\n      \"name\": \"Konrad Fijołek Prezydent Miasta Rzeszów\"\n    },\n    \"e757\": {\n      \"role\": \"generic\"\n    },\n    \"e758\": {\n      \"role\": \"generic\"\n    },\n    \"e759\": {\n      \"role\": \"figure\"\n    },\n    \"e760\": {\n      \"role\": \"figure\"\n    },\n    \"e761\": {\n      \"role\": \"generic\"\n    },\n    \"e763\": {\n      \"role\": \"paragraph\"\n    },\n    \"e764\": {\n      \"role\": \"generic\"\n    },\n    \"e766\": {\n      \"role\": \"paragraph\"\n    },\n    \"e769\": {\n      \"role\": \"button\",\n      \"name\": \"Invite Konrad Fijołek to connect\"\n    },\n    \"e770\": {\n      \"role\": \"generic\"\n    },\n    \"e771\": {\n      \"role\": \"img\"\n    },\n    \"e774\": {\n      \"role\": \"generic\"\n    },\n    \"e776\": {\n      \"role\": \"button\",\n      \"name\": \"Remove Konrad Fijołek as a suggestion\"\n    },\n    \"e778\": {\n      \"role\": \"img\"\n    },\n    \"e782\": {\n      \"role\": \"generic\"\n    },\n    \"e784\": {\n      \"role\": \"generic\"\n    },\n    \"e785\": {\n      \"role\": \"heading\",\n      \"name\": \"Popular on LinkedIn\"\n    },\n    \"e786\": {\n      \"role\": \"link\",\n      \"name\": \"Show all suggestions for Popular on LinkedIn\"\n    },\n    \"e788\": {\n      \"role\": \"generic\"\n    },\n    \"e789\": {\n      \"role\": \"list\"\n    },\n    \"e791\": {\n      \"role\": \"listitem\"\n    },\n    \"e792\": {\n      \"role\": \"generic\"\n    },\n    \"e793\": {\n      \"role\": \"generic\"\n    },\n    \"e794\": {\n      \"role\": \"link\",\n      \"name\": \"Tomasz Rożek, PhD Nauka To Lubie\"\n    },\n    \"e795\": {\n      \"role\": \"generic\"\n    },\n    \"e796\": {\n      \"role\": \"generic\"\n    },\n    \"e797\": {\n      \"role\": \"figure\"\n    },\n    \"e798\": {\n      \"role\": \"img\"\n    },\n    \"e804\": {\n      \"role\": \"figure\"\n    },\n    \"e805\": {\n      \"role\": \"generic\"\n    },\n    \"e807\": {\n      \"role\": \"paragraph\"\n    },\n    \"e808\": {\n      \"role\": \"generic\"\n    },\n    \"e810\": {\n      \"role\": \"paragraph\"\n    },\n    \"e811\": {\n      \"role\": \"generic\"\n    },\n    \"e814\": {\n      \"role\": \"paragraph\"\n    },\n    \"e816\": {\n      \"role\": \"button\",\n      \"name\": \"Follow Tomasz Rożek, PhD\"\n    },\n    \"e817\": {\n      \"role\": \"generic\"\n    },\n    \"e818\": {\n      \"role\": \"img\"\n    },\n    \"e821\": {\n      \"role\": \"generic\"\n    },\n    \"e823\": {\n      \"role\": \"button\",\n      \"name\": \"Remove Tomasz Rożek, PhD as a suggestion\"\n    },\n    \"e825\": {\n      \"role\": \"img\"\n    },\n    \"e828\": {\n      \"role\": \"listitem\"\n    },\n    \"e829\": {\n      \"role\": \"generic\"\n    },\n    \"e830\": {\n      \"role\": \"generic\"\n    },\n    \"e831\": {\n      \"role\": \"link\",\n      \"name\": \"Szymon Szczesniak, Premium CEO at CodeTwo / JSON at HRejterzy\"\n    },\n    \"e832\": {\n      \"role\": \"generic\"\n    },\n    \"e833\": {\n      \"role\": \"generic\"\n    },\n    \"e834\": {\n      \"role\": \"figure\"\n    },\n    \"e835\": {\n      \"role\": \"img\"\n    },\n    \"e841\": {\n      \"role\": \"figure\"\n    },\n    \"e842\": {\n      \"role\": \"generic\"\n    },\n    \"e844\": {\n      \"role\": \"paragraph\"\n    },\n    \"e845\": {\n      \"role\": \"generic\"\n    },\n    \"e846\": {\n      \"role\": \"generic\"\n    },\n    \"e848\": {\n      \"role\": \"img\"\n    },\n    \"e851\": {\n      \"role\": \"paragraph\"\n    },\n    \"e852\": {\n      \"role\": \"generic\"\n    },\n    \"e855\": {\n      \"role\": \"paragraph\"\n    },\n    \"e857\": {\n      \"role\": \"button\",\n      \"name\": \"Follow Szymon Szczesniak\"\n    },\n    \"e858\": {\n      \"role\": \"generic\"\n    },\n    \"e859\": {\n      \"role\": \"img\"\n    },\n    \"e862\": {\n      \"role\": \"generic\"\n    },\n    \"e864\": {\n      \"role\": \"button\",\n      \"name\": \"Remove Szymon Szczesniak as a suggestion\"\n    },\n    \"e866\": {\n      \"role\": \"img\"\n    },\n    \"e869\": {\n      \"role\": \"listitem\"\n    },\n    \"e870\": {\n      \"role\": \"generic\"\n    },\n    \"e871\": {\n      \"role\": \"generic\"\n    },\n    \"e872\": {\n      \"role\": \"link\",\n      \"name\": \"Maciej Sawicki, Verified Async orgs & Remote-first leadership | Founder inStreamly | Gaming & new tech\"\n    },\n    \"e873\": {\n      \"role\": \"generic\"\n    },\n    \"e874\": {\n      \"role\": \"generic\"\n    },\n    \"e875\": {\n      \"role\": \"figure\"\n    },\n    \"e876\": {\n      \"role\": \"figure\"\n    },\n    \"e877\": {\n      \"role\": \"generic\"\n    },\n    \"e879\": {\n      \"role\": \"paragraph\"\n    },\n    \"e880\": {\n      \"role\": \"generic\"\n    },\n    \"e881\": {\n      \"role\": \"generic\"\n    },\n    \"e883\": {\n      \"role\": \"img\"\n    },\n    \"e886\": {\n      \"role\": \"paragraph\"\n    },\n    \"e887\": {\n      \"role\": \"generic\"\n    },\n    \"e890\": {\n      \"role\": \"paragraph\"\n    },\n    \"e892\": {\n      \"role\": \"button\",\n      \"name\": \"Follow Maciej Sawicki\"\n    },\n    \"e893\": {\n      \"role\": \"generic\"\n    },\n    \"e894\": {\n      \"role\": \"img\"\n    },\n    \"e897\": {\n      \"role\": \"generic\"\n    },\n    \"e899\": {\n      \"role\": \"button\",\n      \"name\": \"Remove Maciej Sawicki as a suggestion\"\n    },\n    \"e901\": {\n      \"role\": \"img\"\n    },\n    \"e904\": {\n      \"role\": \"listitem\"\n    },\n    \"e905\": {\n      \"role\": \"generic\"\n    },\n    \"e906\": {\n      \"role\": \"generic\"\n    },\n    \"e907\": {\n      \"role\": \"link\",\n      \"name\": \"Dr Maciej Kawecki, Verified Founder of This is it | This Is World President of the Lem Institute\"\n    },\n    \"e908\": {\n      \"role\": \"generic\"\n    },\n    \"e909\": {\n      \"role\": \"generic\"\n    },\n    \"e910\": {\n      \"role\": \"figure\"\n    },\n    \"e911\": {\n      \"role\": \"figure\"\n    },\n    \"e912\": {\n      \"role\": \"img\"\n    },\n    \"e918\": {\n      \"role\": \"generic\"\n    },\n    \"e920\": {\n      \"role\": \"paragraph\"\n    },\n    \"e921\": {\n      \"role\": \"generic\"\n    },\n    \"e922\": {\n      \"role\": \"generic\"\n    },\n    \"e924\": {\n      \"role\": \"img\"\n    },\n    \"e927\": {\n      \"role\": \"paragraph\"\n    },\n    \"e928\": {\n      \"role\": \"generic\"\n    },\n    \"e931\": {\n      \"role\": \"paragraph\"\n    },\n    \"e933\": {\n      \"role\": \"button\",\n      \"name\": \"Follow Dr Maciej Kawecki\"\n    },\n    \"e934\": {\n      \"role\": \"generic\"\n    },\n    \"e935\": {\n      \"role\": \"img\"\n    },\n    \"e938\": {\n      \"role\": \"generic\"\n    },\n    \"e940\": {\n      \"role\": \"button\",\n      \"name\": \"Remove Dr Maciej Kawecki as a suggestion\"\n    },\n    \"e942\": {\n      \"role\": \"img\"\n    },\n    \"e945\": {\n      \"role\": \"listitem\"\n    },\n    \"e946\": {\n      \"role\": \"generic\"\n    },\n    \"e947\": {\n      \"role\": \"generic\"\n    },\n    \"e948\": {\n      \"role\": \"link\",\n      \"name\": \"Martyna Wojciechowska, Premium Journalist, filmmaker, activist, founder of UNAWEZA Foundation\"\n    },\n    \"e949\": {\n      \"role\": \"generic\"\n    },\n    \"e950\": {\n      \"role\": \"generic\"\n    },\n    \"e951\": {\n      \"role\": \"figure\"\n    },\n    \"e952\": {\n      \"role\": \"figure\"\n    },\n    \"e953\": {\n      \"role\": \"generic\"\n    },\n    \"e955\": {\n      \"role\": \"paragraph\"\n    },\n    \"e956\": {\n      \"role\": \"generic\"\n    },\n    \"e957\": {\n      \"role\": \"generic\"\n    },\n    \"e959\": {\n      \"role\": \"img\"\n    },\n    \"e962\": {\n      \"role\": \"paragraph\"\n    },\n    \"e963\": {\n      \"role\": \"generic\"\n    },\n    \"e966\": {\n      \"role\": \"paragraph\"\n    },\n    \"e968\": {\n      \"role\": \"button\",\n      \"name\": \"Follow Martyna Wojciechowska\"\n    },\n    \"e969\": {\n      \"role\": \"generic\"\n    },\n    \"e970\": {\n      \"role\": \"img\"\n    },\n    \"e973\": {\n      \"role\": \"generic\"\n    },\n    \"e975\": {\n      \"role\": \"button\",\n      \"name\": \"Remove Martyna Wojciechowska as a suggestion\"\n    },\n    \"e977\": {\n      \"role\": \"img\"\n    },\n    \"e980\": {\n      \"role\": \"listitem\"\n    },\n    \"e981\": {\n      \"role\": \"generic\"\n    },\n    \"e982\": {\n      \"role\": \"generic\"\n    },\n    \"e983\": {\n      \"role\": \"link\",\n      \"name\": \"Kinga Szostko, Premium 📱 Analiza i monitoring social mediów 🌿 OSINT 🚨 Przemoc rówieśnicza ⚠️ Ochrona dzieci w sieci 🌐 Portal bezpiecznedziecko.org 🫴 Fundacja Prospoleczna.org 📲 Aplikacja KidsAlert 🫆\"\n    },\n    \"e984\": {\n      \"role\": \"generic\"\n    },\n    \"e985\": {\n      \"role\": \"generic\"\n    },\n    \"e986\": {\n      \"role\": \"figure\"\n    },\n    \"e987\": {\n      \"role\": \"figure\"\n    },\n    \"e988\": {\n      \"role\": \"generic\"\n    },\n    \"e990\": {\n      \"role\": \"paragraph\"\n    },\n    \"e991\": {\n      \"role\": \"generic\"\n    },\n    \"e992\": {\n      \"role\": \"generic\"\n    },\n    \"e994\": {\n      \"role\": \"img\"\n    },\n    \"e997\": {\n      \"role\": \"paragraph\"\n    },\n    \"e998\": {\n      \"role\": \"generic\"\n    },\n    \"e1001\": {\n      \"role\": \"paragraph\"\n    },\n    \"e1003\": {\n      \"role\": \"button\",\n      \"name\": \"Follow Kinga Szostko\"\n    },\n    \"e1004\": {\n      \"role\": \"generic\"\n    },\n    \"e1005\": {\n      \"role\": \"img\"\n    },\n    \"e1008\": {\n      \"role\": \"generic\"\n    },\n    \"e1010\": {\n      \"role\": \"button\",\n      \"name\": \"Remove Kinga Szostko as a suggestion\"\n    },\n    \"e1012\": {\n      \"role\": \"img\"\n    },\n    \"e1015\": {\n      \"role\": \"button\",\n      \"name\": \"Load more\"\n    },\n    \"e1017\": {\n      \"role\": \"generic\"\n    },\n    \"e1019\": {\n      \"role\": \"generic\"\n    },\n    \"e1021\": {\n      \"role\": \"generic\"\n    },\n    \"e1022\": {\n      \"role\": \"generic\"\n    },\n    \"e1023\": {\n      \"role\": \"img\",\n      \"name\": \"Petr Petrovich\"\n    },\n    \"e1025\": {\n      \"role\": \"generic\"\n    },\n    \"e1026\": {\n      \"role\": \"button\",\n      \"name\": \"You are on the messaging overlay. Press enter to open the list of conversations.\"\n    },\n    \"e1027\": {\n      \"role\": \"generic\"\n    },\n    \"e1028\": {\n      \"role\": \"generic\"\n    },\n    \"e1029\": {\n      \"role\": \"generic\"\n    },\n    \"e1030\": {\n      \"role\": \"generic\"\n    },\n    \"e1032\": {\n      \"role\": \"button\",\n      \"name\": \"Open messenger dropdown menu\"\n    },\n    \"e1033\": {\n      \"role\": \"img\",\n      \"name\": \"Open messenger dropdown menu\"\n    },\n    \"e1036\": {\n      \"role\": \"button\",\n      \"name\": \"Compose message\"\n    },\n    \"e1037\": {\n      \"role\": \"img\"\n    },\n    \"e1039\": {\n      \"role\": \"generic\"\n    },\n    \"e1040\": {\n      \"role\": \"button\",\n      \"name\": \"You are on the messaging overlay. Press enter to open the list of conversations.\"\n    },\n    \"e1041\": {\n      \"role\": \"img\"\n    },\n    \"e1043\": {\n      \"role\": \"generic\"\n    },\n    \"e1044\": {\n      \"role\": \"iframe\"\n    }\n  }\n}","stderr":""}
[2026-03-16T02:06:34.430Z] COMMAND {"command":"C:\\nvm4w\\nodejs\\node.exe","commandArgs":["C:\\nvm4w\\nodejs\\node_modules\\openclaw\\openclaw.mjs","browser","--browser-profile","chrome","--token","[masked]","snapshot","--target-id","90639ED977B1BEF43E8F48BE5157CF53","--limit","800","--json"],"openClawArgs":["browser","--browser-profile","chrome","--token","[masked]","snapshot","--target-id","90639ED977B1BEF43E8F48BE5157CF53","--limit","800","--json"],"expectsJson":true}
[2026-03-16T02:06:35.975Z] RESPONSE {"command":"C:\\nvm4w\\nodejs\\node.exe","commandArgs":["C:\\nvm4w\\nodejs\\node_modules\\openclaw\\openclaw.mjs","browser","--browser-profile","chrome","--token","[masked]","snapshot","--target-id","90639ED977B1BEF43E8F48BE5157CF53","--limit","800","--json"],"exitCode":0,"stdout":"{\n  \"ok\": true,\n  \"format\": \"ai\",\n  \"targetId\": \"90639ED977B1BEF43E8F48BE5157CF53\",\n  \"url\": \"https://www.linkedin.com/feed/\",\n  \"snapshot\": \"- generic [ref=e2]:\\n  - heading \\\"0 notifications\\\" [level=2] [ref=e3]\\n  - generic [ref=e4]:\\n    - generic:\\n      - button [ref=e5] [cursor=pointer]:\\n        - generic [ref=e7]: Skip to main content\\n      - button [ref=e8] [cursor=pointer]:\\n        - img [ref=e10]\\n    - generic [ref=e12]:\\n      - banner [ref=e14]:\\n        - generic [ref=e17]:\\n          - button \\\"LinkedIn\\\" [ref=e18] [cursor=pointer]:\\n            - img \\\"LinkedIn\\\" [ref=e19]\\n          - search [ref=e22]:\\n            - generic [ref=e23]:\\n              - img [ref=e25]\\n              - textbox \\\"Search\\\" [ref=e27]\\n          - generic [ref=e29]:\\n            - figure [ref=e34]\\n            - navigation [ref=e37]:\\n              - list [ref=e38]:\\n                - listitem [ref=e39]:\\n                  - button \\\"Home, 1 new notification\\\" [ref=e40] [cursor=pointer]:\\n                    - img [ref=e42]\\n                    - generic [ref=e46]: Home\\n                - listitem [ref=e47]:\\n                  - link \\\"My Network, 0 new notifications\\\" [ref=e48] [cursor=pointer]:\\n                    - /url: https://www.linkedin.com/mynetwork\\n                    - img [ref=e50]\\n                    - generic [ref=e53]: My Network\\n                - listitem [ref=e54]:\\n                  - button \\\"Jobs, 0 new notifications\\\" [ref=e55] [cursor=pointer]:\\n                    - img [ref=e57]\\n                    - generic [ref=e60]: Jobs\\n                - listitem [ref=e61]:\\n                  - link \\\"Messaging, 0 new notifications\\\" [ref=e62] [cursor=pointer]:\\n                    - /url: https://www.linkedin.com/messaging/\\n                    - img [ref=e64]\\n                    - generic [ref=e67]: Messaging\\n                - listitem [ref=e68]:\\n                  - link \\\"Notifications, 0 new notifications\\\" [ref=e69] [cursor=pointer]:\\n                    - /url: https://www.linkedin.com/notifications/\\n                    - img [ref=e71]\\n                    - generic [ref=e74]: Notifications\\n                - listitem [ref=e75]:\\n                  - button \\\"Me\\\" [ref=e76] [cursor=pointer]:\\n                    - figure [ref=e78]\\n                    - generic [ref=e80]:\\n                      - text: Me\\n                      - img [ref=e81]\\n            - generic [ref=e84]:\\n              - navigation [ref=e85]:\\n                - list [ref=e86]:\\n                  - listitem [ref=e87]:\\n                    - button \\\"For Business\\\" [ref=e88] [cursor=pointer]:\\n                      - img [ref=e90]\\n                      - generic [ref=e93]:\\n                        - text: For Business\\n                        - img [ref=e94]\\n              - link \\\"Try Premium for zł 0\\\" [ref=e97] [cursor=pointer]:\\n                - /url: https://www.linkedin.com/premium/products/?upsellOrderOrigin=Tracking%3Av1%3Apremium_nav_upsell_text%3ANav%3AIn-Product&referenceId=0WkMh2eIT4GQNg053WkXyg%3D%3D&isSS=false\\n                - generic [ref=e98]:\\n                  - img [ref=e99]\\n                  - paragraph [ref=e103]: Try Premium for zł 0\\n      - main [ref=e105]:\\n        - generic [ref=e107]:\\n          - generic [ref=e111]:\\n            - generic [ref=e116]:\\n              - generic [ref=e117]:\\n                - paragraph [ref=e118]: Network overview\\n                - generic [ref=e119]:\\n                  - generic [ref=e120]:\\n                    - paragraph [ref=e121]: \\\"0\\\"\\n                    - paragraph [ref=e122]: Invites sent\\n                  - link \\\"0 Connections\\\" [ref=e123] [cursor=pointer]:\\n                    - /url: https://www.linkedin.com/mynetwork/invite-connect/connections\\n                    - generic [ref=e124]:\\n                      - paragraph [ref=e125]: \\\"0\\\"\\n                      - paragraph [ref=e126]: Connections\\n                  - link \\\"0 Following\\\" [ref=e127] [cursor=pointer]:\\n                    - /url: https://www.linkedin.com/mynetwork/network-manager/people-follow/?filterType=member\\n                    - generic [ref=e128]:\\n                      - paragraph [ref=e129]: \\\"0\\\"\\n                      - paragraph [ref=e130]: Following\\n              - button \\\"Show more\\\" [ref=e132] [cursor=pointer]:\\n                - generic [ref=e133]:\\n                  - img [ref=e134]\\n                  - generic [ref=e136]: Show more\\n            - iframe [ref=e139]:\\n              - link \\\"Advertise on LinkedIn\\\" [ref=f218e3] [cursor=pointer]:\\n                - /url: https://www.linkedin.com/jobs/?trk=li_FA_global_careers_jobsgtm_jsFA_v1&mcid=6899045044465016833\\n                - img \\\"Advertise on LinkedIn\\\" [ref=f218e4]\\n            - generic [ref=e140]:\\n              - generic [ref=e141]:\\n                - link \\\"About\\\" [ref=e142] [cursor=pointer]:\\n                  - /url: https://about.linkedin.com/\\n                  - paragraph [ref=e143]: About\\n                - link \\\"Accessibility\\\" [ref=e144] [cursor=pointer]:\\n                  - /url: https://www.linkedin.com/accessibility/\\n                  - paragraph [ref=e145]: Accessibility\\n                - link \\\"Help Center\\\" [ref=e146] [cursor=pointer]:\\n                  - /url: https://www.linkedin.com/help/linkedin/\\n                  - paragraph [ref=e147]: Help Center\\n                - button \\\"Privacy & Terms\\\" [ref=e148] [cursor=pointer]:\\n                  - generic [ref=e149]:\\n                    - paragraph [ref=e150]: Privacy & Terms\\n                    - img [ref=e151]\\n                - link \\\"Ad Choices\\\" [ref=e153] [cursor=pointer]:\\n                  - /url: https://www.linkedin.com/help/linkedin/answer/62931/\\n                  - paragraph [ref=e154]: Ad Choices\\n                - link \\\"Advertising\\\" [ref=e155] [cursor=pointer]:\\n                  - /url: https://www.linkedin.com/ad/start/?trk=n_nav_ads_rr\\n                  - paragraph [ref=e156]: Advertising\\n                - button \\\"Business Services\\\" [ref=e157] [cursor=pointer]:\\n                  - generic [ref=e158]:\\n                    - paragraph [ref=e159]: Business Services\\n                    - img [ref=e160]\\n                - link \\\"Get the LinkedIn app\\\" [ref=e162] [cursor=pointer]:\\n                  - /url: https://www.linkedin.com/mobile/\\n                  - paragraph [ref=e163]: Get the LinkedIn app\\n                - link \\\"More\\\" [ref=e164] [cursor=pointer]:\\n                  - /url: https://www.linkedin.com/mynetwork/grow/\\n                  - paragraph [ref=e165]: More\\n              - generic [ref=e166]:\\n                - img [ref=e167]\\n                - paragraph [ref=e169]: LinkedIn Corporation © 2026\\n          - generic [ref=e173]:\\n            - generic [ref=e180]:\\n              - generic [ref=e181]:\\n                - paragraph [ref=e182]: Invite 5 of your colleagues to connect today\\n                - paragraph [ref=e183]: More connections means more opportunities. Start with friends, teammates, and managers.\\n              - generic [ref=e184]:\\n                - generic [ref=e185]:\\n                  - link \\\"1\\\" [ref=e188] [cursor=pointer]:\\n                    - /url: https://www.linkedin.com/mynetwork/upload-contacts-auth/?importOrigin=MyNetworkOnboarding\\n                    - paragraph [ref=e191]: \\\"1\\\"\\n                  - link \\\"2\\\" [ref=e194] [cursor=pointer]:\\n                    - /url: https://www.linkedin.com/mynetwork/upload-contacts-auth/?importOrigin=MyNetworkOnboarding\\n                    - paragraph [ref=e197]: \\\"2\\\"\\n                  - link \\\"3\\\" [ref=e200] [cursor=pointer]:\\n                    - /url: https://www.linkedin.com/mynetwork/upload-contacts-auth/?importOrigin=MyNetworkOnboarding\\n                    - paragraph [ref=e203]: \\\"3\\\"\\n                  - link \\\"4\\\" [ref=e206] [cursor=pointer]:\\n                    - /url: https://www.linkedin.com/mynetwork/upload-contacts-auth/?importOrigin=MyNetworkOnboarding\\n                    - paragraph [ref=e209]: \\\"4\\\"\\n                  - link \\\"5\\\" [ref=e212] [cursor=pointer]:\\n                    - /url: https://www.linkedin.com/mynetwork/upload-contacts-auth/?importOrigin=MyNetworkOnboarding\\n                    - paragraph [ref=e215]: \\\"5\\\"\\n                - link \\\"Search for people you know\\\" [ref=e216] [cursor=pointer]:\\n                  - /url: https://www.linkedin.com/mynetwork/grow/\\n                  - generic [ref=e217]:\\n                    - img [ref=e218]\\n                    - generic [ref=e220]: Search for people you know\\n            - generic [ref=e225]:\\n              - generic [ref=e226]:\\n                - heading \\\"No pending invitations\\\" [level=2] [ref=e228]\\n                - link \\\"Manage all invitations\\\" [ref=e229] [cursor=pointer]:\\n                  - /url: https://www.linkedin.com/mynetwork/invitation-manager/\\n                  - generic [ref=e231]: Manage\\n              - list\\n            - generic [ref=e234]:\\n              - generic [ref=e236]:\\n                - heading \\\"People you may know in Warsaw Metropolitan Area\\\" [level=3] [ref=e237]\\n                - link \\\"Show all suggestions for People you may know in Warsaw Metropolitan Area\\\" [ref=e238] [cursor=pointer]:\\n                  - /url: https://www.linkedin.com/mynetwork/grow/\\n                  - generic [ref=e240]: Show all\\n              - list [ref=e241]:\\n                - listitem [ref=e243]:\\n                  - generic [ref=e244]:\\n                    - generic [ref=e245]:\\n                      - link \\\"Jakub P., Premium IT Service Delivery Management\\\" [ref=e246] [cursor=pointer]:\\n                        - /url: https://www.linkedin.com/in/jakubpacholski/\\n                        - generic [ref=e247]:\\n                          - generic [ref=e248]:\\n                            - figure [ref=e249]\\n                            - figure [ref=e250]:\\n                              - img [ref=e251]\\n                          - generic [ref=e257]:\\n                            - paragraph [ref=e259]:\\n                              - generic [ref=e260]: Jakub P., Premium\\n                              - generic [ref=e261]:\\n                                - text: Jakub P.\\n                                - img [ref=e263]\\n                            - paragraph [ref=e266]: IT Service Delivery Management\\n                      - button \\\"Invite Jakub P. to connect\\\" [ref=e269] [cursor=pointer]:\\n                        - generic [ref=e270]:\\n                          - img [ref=e271]\\n                          - generic [ref=e274]: Connect\\n                    - button \\\"Remove Jakub P. as a suggestion\\\" [ref=e276] [cursor=pointer]:\\n                      - img [ref=e278]\\n                - listitem [ref=e281]:\\n                  - generic [ref=e282]:\\n                    - generic [ref=e283]:\\n                      - link \\\"Sławomir Dec, Verified Cybersecurity|CISSP\\\" [ref=e284] [cursor=pointer]:\\n                        - /url: https://www.linkedin.com/in/s%C5%82awomir-dec/\\n                        - generic [ref=e285]:\\n                          - generic [ref=e286]:\\n                            - figure [ref=e287]\\n                            - figure [ref=e288]\\n                          - generic [ref=e289]:\\n                            - paragraph [ref=e291]:\\n                              - generic [ref=e292]: Sławomir Dec, Verified\\n                              - generic [ref=e293]:\\n                                - text: Sławomir Dec\\n                                - img [ref=e295]\\n                            - paragraph [ref=e298]: Cybersecurity|CISSP\\n                      - button \\\"Invite Sławomir Dec to connect\\\" [ref=e301] [cursor=pointer]:\\n                        - generic [ref=e302]:\\n                          - img [ref=e303]\\n                          - generic [ref=e306]: Connect\\n                    - button \\\"Remove Sławomir Dec as a suggestion\\\" [ref=e308] [cursor=pointer]:\\n                      - img [ref=e310]\\n                - listitem [ref=e313]:\\n                  - generic [ref=e314]:\\n                    - generic [ref=e315]:\\n                      - link \\\"Adam Szafara Helping businesses to raise its digital potential🌏\\\" [ref=e316] [cursor=pointer]:\\n                        - /url: https://www.linkedin.com/in/szafara/\\n                        - generic [ref=e317]:\\n                          - generic [ref=e318]:\\n                            - figure [ref=e319]\\n                            - figure [ref=e320]:\\n                              - img [ref=e321]\\n                          - generic [ref=e327]:\\n                            - paragraph [ref=e329]:\\n                              - generic [ref=e330]: Adam Szafara\\n                              - text: Adam Szafara\\n                            - paragraph [ref=e332]: Helping businesses to raise its digital potential🌏\\n                      - button \\\"Invite Adam Szafara to connect\\\" [ref=e335] [cursor=pointer]:\\n                        - generic [ref=e336]:\\n                          - img [ref=e337]\\n                          - generic [ref=e340]: Connect\\n                    - button \\\"Remove Adam Szafara as a suggestion\\\" [ref=e342] [cursor=pointer]:\\n                      - img [ref=e344]\\n                - listitem [ref=e347]:\\n                  - generic [ref=e348]:\\n                    - generic [ref=e349]:\\n                      - link \\\"Andrzej Jargiło Specjalista magazynier\\\" [ref=e350] [cursor=pointer]:\\n                        - /url: https://www.linkedin.com/in/andrzej-jargi%C5%82o-b6b546100/\\n                        - generic [ref=e351]:\\n                          - generic [ref=e352]:\\n                            - figure [ref=e353]\\n                            - figure [ref=e354]\\n                          - generic [ref=e355]:\\n                            - paragraph [ref=e357]:\\n                              - generic [ref=e358]: Andrzej Jargiło\\n                              - text: Andrzej Jargiło\\n                            - paragraph [ref=e360]: Specjalista magazynier\\n                      - button \\\"Invite Andrzej Jargiło to connect\\\" [ref=e363] [cursor=pointer]:\\n                        - generic [ref=e364]:\\n                          - img [ref=e365]\\n                          - generic [ref=e368]: Connect\\n                    - button \\\"Remove Andrzej Jargiło as a suggestion\\\" [ref=e370] [cursor=pointer]:\\n                      - img [ref=e372]\\n                - listitem [ref=e375]:\\n                  - generic [ref=e376]:\\n                    - generic [ref=e377]:\\n                      - link \\\"Marcin Owsianka, Verified Business Development Manager at Ledatel\\\" [ref=e378] [cursor=pointer]:\\n                        - /url: https://www.linkedin.com/in/marcin-owsianka/\\n                        - generic [ref=e379]:\\n                          - generic [ref=e380]:\\n                            - figure [ref=e381]\\n                            - figure [ref=e382]\\n                          - generic [ref=e383]:\\n                            - paragraph [ref=e385]:\\n                              - generic [ref=e386]: Marcin Owsianka, Verified\\n                              - generic [ref=e387]:\\n                                - text: Marcin Owsianka\\n                                - img [ref=e389]\\n                            - paragraph [ref=e392]: Business Development Manager at Ledatel\\n                      - button \\\"Invite Marcin Owsianka to connect\\\" [ref=e395] [cursor=pointer]:\\n                        - generic [ref=e396]:\\n                          - img [ref=e397]\\n                          - generic [ref=e400]: Connect\\n                    - button \\\"Remove Marcin Owsianka as a suggestion\\\" [ref=e402] [cursor=pointer]:\\n                      - img [ref=e404]\\n                - listitem [ref=e407]:\\n                  - generic [ref=e408]:\\n                    - generic [ref=e409]:\\n                      - link \\\"Natallia Zhalabkovich, Verified Data Engineering\\\" [ref=e410] [cursor=pointer]:\\n                        - /url: https://www.linkedin.com/in/natallia-zhalabkovich/\\n                        - generic [ref=e411]:\\n                          - generic [ref=e412]:\\n                            - figure [ref=e413]:\\n                              - img [ref=e414]\\n                            - figure [ref=e420]\\n                          - generic [ref=e421]:\\n                            - paragraph [ref=e423]:\\n                              - generic [ref=e424]: Natallia Zhalabkovich, Verified\\n                              - generic [ref=e425]:\\n                                - text: Natallia Zhalabkovich\\n                                - img [ref=e427]\\n                            - paragraph [ref=e430]: Data Engineering\\n                      - button \\\"Invite Natallia Zhalabkovich to connect\\\" [ref=e433] [cursor=pointer]:\\n                        - generic [ref=e434]:\\n                          - img [ref=e435]\\n                          - generic [ref=e438]: Connect\\n                    - button \\\"Remove Natallia Zhalabkovich as a suggestion\\\" [ref=e440] [cursor=pointer]:\\n                      - img [ref=e442]\\n                - listitem [ref=e445]:\\n                  - generic [ref=e446]:\\n                    - generic [ref=e447]:\\n                      - link \\\"Jerzy Lipiński, Verified Product Manager at Omnires\\\" [ref=e448] [cursor=pointer]:\\n                        - /url: https://www.linkedin.com/in/jerzylipinski/\\n                        - generic [ref=e449]:\\n                          - generic [ref=e450]:\\n                            - figure [ref=e451]\\n                            - figure [ref=e452]\\n                          - generic [ref=e453]:\\n                            - paragraph [ref=e455]:\\n                              - generic [ref=e456]: Jerzy Lipiński, Verified\\n                              - generic [ref=e457]:\\n                                - text: Jerzy Lipiński\\n                                - img [ref=e459]\\n                            - paragraph [ref=e462]: Product Manager at Omnires\\n                      - button \\\"Invite Jerzy Lipiński to connect\\\" [ref=e465] [cursor=pointer]:\\n                        - generic [ref=e466]:\\n                          - img [ref=e467]\\n                          - generic [ref=e470]: Connect\\n                    - button \\\"Remove Jerzy Lipiński as a suggestion\\\" [ref=e472] [cursor=pointer]:\\n                      - img [ref=e474]\\n                - listitem [ref=e477]:\\n                  - generic [ref=e478]:\\n                    - generic [ref=e479]:\\n                      - link \\\"Mustafa FIRINCI, Verified Sales Manager | 20+ Years in Retail & Customer Management | MBA | Based in Warsaw\\\" [ref=e480] [cursor=pointer]:\\n                        - /url: https://www.linkedin.com/in/mustafafirinci/\\n                        - generic [ref=e481]:\\n                          - generic [ref=e482]:\\n                            - figure [ref=e483]\\n                            - figure [ref=e484]\\n                          - generic [ref=e485]:\\n                            - paragraph [ref=e487]:\\n                              - generic [ref=e488]: Mustafa FIRINCI, Verified\\n                              - generic [ref=e489]:\\n                                - text: Mustafa FIRINCI\\n                                - img [ref=e491]\\n                            - paragraph [ref=e494]: Sales Manager | 20+ Years in Retail & Customer Management | MBA | Based in Warsaw\\n                      - button \\\"Invite Mustafa FIRINCI to connect\\\" [ref=e497] [cursor=pointer]:\\n                        - generic [ref=e498]:\\n                          - img [ref=e499]\\n                          - generic [ref=e502]: Connect\\n                    - button \\\"Remove Mustafa FIRINCI as a suggestion\\\" [ref=e504] [cursor=pointer]:\\n                      - img [ref=e506]\\n            - generic [ref=e510]:\\n              - generic [ref=e512]:\\n                - heading \\\"People you may know based on your recent activity\\\" [level=3] [ref=e513]\\n                - link \\\"Show all suggestions for People you may know based on your recent activity\\\" [ref=e514] [cursor=pointer]:\\n                  - /url: https://www.linkedin.com/mynetwork/grow/\\n                  - generic [ref=e516]: Show all\\n              - list [ref=e517]:\\n                - listitem [ref=e519]:\\n                  - generic [ref=e520]:\\n                    - generic [ref=e521]:\\n                      - link \\\"Trenton is open to work Trenton Murphy, Premium Salesperson @ 1800-Hansons | Sales, Resiliency\\\" [ref=e522] [cursor=pointer]:\\n                        - /url: https://www.linkedin.com/in/trenton-murphy-720280381/\\n                        - generic [ref=e523]:\\n                          - generic \\\"Trenton is open to work\\\" [ref=e524]:\\n                            - figure [ref=e525]:\\n                              - img [ref=e526]\\n                            - figure [ref=e532]\\n                          - generic [ref=e533]:\\n                            - paragraph [ref=e535]:\\n                              - generic [ref=e536]: Trenton Murphy, Premium\\n                              - generic [ref=e537]:\\n                                - text: Trenton Murphy\\n                                - img [ref=e539]\\n                            - paragraph [ref=e542]: Salesperson @ 1800-Hansons | Sales, Resiliency\\n                      - button \\\"Invite Trenton Murphy to connect\\\" [ref=e545] [cursor=pointer]:\\n                        - generic [ref=e546]:\\n                          - img [ref=e547]\\n                          - generic [ref=e550]: Connect\\n                    - button \\\"Remove Trenton Murphy as a suggestion\\\" [ref=e552] [cursor=pointer]:\\n                      - img [ref=e554]\\n                - listitem [ref=e557]:\\n                  - generic [ref=e558]:\\n                    - generic [ref=e559]:\\n                      - link \\\"Mary Joy Erestain Virtual Assistant / Social Media Manager\\\" [ref=e560] [cursor=pointer]:\\n                        - /url: https://www.linkedin.com/in/mary-joy-erestain-22b696227/\\n                        - generic [ref=e561]:\\n                          - generic [ref=e562]:\\n                            - figure [ref=e563]:\\n                              - img [ref=e564]\\n                            - figure [ref=e570]\\n                          - generic [ref=e571]:\\n                            - paragraph [ref=e573]:\\n                              - generic [ref=e574]: Mary Joy Erestain\\n                              - text: Mary Joy Erestain\\n                            - paragraph [ref=e576]: Virtual Assistant / Social Media Manager\\n                      - button \\\"Invite Mary Joy Erestain to connect\\\" [ref=e579] [cursor=pointer]:\\n                        - generic [ref=e580]:\\n                          - img [ref=e581]\\n                          - generic [ref=e584]: Connect\\n                    - button \\\"Remove Mary Joy Erestain as a suggestion\\\" [ref=e586] [cursor=pointer]:\\n                      - img [ref=e588]\\n                - listitem [ref=e591]:\\n                  - generic [ref=e592]:\\n                    - generic [ref=e593]:\\n                      - link \\\"Joseph N., Verified Accounting Professional in San Diego\\\" [ref=e594] [cursor=pointer]:\\n                        - /url: https://www.linkedin.com/in/joseph-n-33364b1aa/\\n                        - generic [ref=e595]:\\n                          - generic [ref=e596]:\\n                            - figure [ref=e597]\\n                            - figure [ref=e598]\\n                          - generic [ref=e599]:\\n                            - paragraph [ref=e601]:\\n                              - generic [ref=e602]: Joseph N., Verified\\n                              - generic [ref=e603]:\\n                                - text: Joseph N.\\n                                - img [ref=e605]\\n                            - paragraph [ref=e608]: Accounting Professional in San Diego\\n                      - button \\\"Invite Joseph N. to connect\\\" [ref=e611] [cursor=pointer]:\\n                        - generic [ref=e612]:\\n                          - img [ref=e613]\\n                          - generic [ref=e616]: Connect\\n                    - button \\\"Remove Joseph N. as a suggestion\\\" [ref=e618] [cursor=pointer]:\\n                      - img [ref=e620]\\n                - listitem [ref=e623]:\\n                  - generic [ref=e624]:\\n                    - generic [ref=e625]:\\n                      - link \\\"Lou is open to work Lou West, Verified Business Management Grad Passionate About Creative, Community-Driven Work | Digital Marketing & Strategy Enthusiast\\\" [ref=e626] [cursor=pointer]:\\n                        - /url: https://www.linkedin.com/in/lou-west/\\n                        - generic [ref=e627]:\\n                          - generic \\\"Lou is open to work\\\" [ref=e628]:\\n                            - figure [ref=e629]:\\n                              - img [ref=e630]\\n                            - figure [ref=e636]\\n                          - generic [ref=e637]:\\n                            - paragraph [ref=e639]:\\n                              - generic [ref=e640]: Lou West, Verified\\n                              - generic [ref=e641]:\\n                                - text: Lou West\\n                                - img [ref=e643]\\n                            - paragraph [ref=e646]: Business Management Grad Passionate About Creative, Community-Driven Work | Digital Marketing & Strategy Enthusiast\\n                      - button \\\"Invite Lou West to connect\\\" [ref=e649] [cursor=pointer]:\\n                        - generic [ref=e650]:\\n                          - img [ref=e651]\\n                          - generic [ref=e654]: Connect\\n                    - button \\\"Remove Lou West as a suggestion\\\" [ref=e656] [cursor=pointer]:\\n                      - img [ref=e658]\\n                - listitem [ref=e661]:\\n                  - generic [ref=e662]:\\n                    - generic [ref=e663]:\\n                      - link \\\"Jermaine Bruno --\\\" [ref=e664] [cursor=pointer]:\\n                        - /url: https://www.linkedin.com/in/jermaine-bruno-a914b8324/\\n                        - generic [ref=e665]:\\n                          - generic [ref=e666]:\\n                            - figure [ref=e667]\\n                            - figure [ref=e668]\\n                          - generic [ref=e669]:\\n                            - paragraph [ref=e671]:\\n                              - generic [ref=e672]: Jermaine Bruno\\n                              - text: Jermaine Bruno\\n                            - paragraph [ref=e674]: \\\"--\\\"\\n                      - button \\\"Invite Jermaine Bruno to connect\\\" [ref=e677] [cursor=pointer]:\\n                        - generic [ref=e678]:\\n                          - img [ref=e679]\\n                          - generic [ref=e682]: Connect\\n                    - button \\\"Remove Jermaine Bruno as a suggestion\\\" [ref=e684] [cursor=pointer]:\\n                      - img [ref=e686]\\n                - listitem [ref=e689]:\\n                  - generic [ref=e690]:\\n                    - generic [ref=e691]:\\n                      - link \\\"Kevin Geiger, Verified Co-Founder @ Blue Wave 🌊\\\" [ref=e692] [cursor=pointer]:\\n                        - /url: https://www.linkedin.com/in/kevin-geiger-03006023/\\n                        - generic [ref=e693]:\\n                          - generic [ref=e694]:\\n                            - figure [ref=e695]\\n                            - figure [ref=e696]\\n                          - generic [ref=e697]:\\n                            - paragraph [ref=e699]:\\n                              - generic [ref=e700]: Kevin Geiger, Verified\\n                              - generic [ref=e701]:\\n                                - text: Kevin Geiger\\n                                - img [ref=e703]\\n                            - paragraph [ref=e706]: Co-Founder @ Blue Wave 🌊\\n                      - button \\\"Invite Kevin Geiger to connect\\\" [ref=e709] [cursor=pointer]:\\n                        - generic [ref=e710]:\\n                          - img [ref=e711]\\n                          - generic [ref=e714]: Connect\\n                    - button \\\"Remove Kevin Geiger as a suggestion\\\" [ref=e716] [cursor=pointer]:\\n                      - img [ref=e718]\\n                - listitem [ref=e721]:\\n                  - generic [ref=e722]:\\n                    - generic [ref=e723]:\\n                      - link \\\"Juan Trejo, Verified Buyer | Aerospace & Manufacturing | Supply Chain Management\\\" [ref=e724] [cursor=pointer]:\\n                        - /url: https://www.linkedin.com/in/juan-trejo-1b916a32a/\\n                        - generic [ref=e725]:\\n                          - generic [ref=e726]:\\n                            - figure [ref=e727]\\n                            - figure [ref=e728]\\n                          - generic [ref=e729]:\\n                            - paragraph [ref=e731]:\\n                              - generic [ref=e732]: Juan Trejo, Verified\\n                              - generic [ref=e733]:\\n                                - text: Juan Trejo\\n                                - img [ref=e735]\\n                            - paragraph [ref=e738]: Buyer | Aerospace & Manufacturing | Supply Chain Management\\n                      - button \\\"Invite Juan Trejo to connect\\\" [ref=e741] [cursor=pointer]:\\n                        - generic [ref=e742]:\\n                          - img [ref=e743]\\n                          - generic [ref=e746]: Connect\\n                    - button \\\"Remove Juan Trejo as a suggestion\\\" [ref=e748] [cursor=pointer]:\\n                      - img [ref=e750]\\n                - listitem [ref=e753]:\\n                  - generic [ref=e754]:\\n                    - generic [ref=e755]:\\n                      - link \\\"Konrad Fijołek Prezydent Miasta Rzeszów\\\" [ref=e756] [cursor=pointer]:\\n                        - /url: https://www.linkedin.com/in/konradfijo%C5%82ek/\\n                        - generic [ref=e757]:\\n                          - generic [ref=e758]:\\n                            - figure [ref=e759]\\n                            - figure [ref=e760]\\n                          - generic [ref=e761]:\\n                            - paragraph [ref=e763]:\\n                              - generic [ref=e764]: Konrad Fijołek\\n                              - text: Konrad Fijołek\\n                            - paragraph [ref=e766]: Prezydent Miasta Rzeszów\\n                      - button \\\"Invite Konrad Fijołek to connect\\\" [ref=e769] [cursor=pointer]:\\n                        - generic [ref=e770]:\\n                          - img [ref=e771]\\n                          - generic [ref=e774]: Connect\\n                    - button \\\"Remove Konrad Fijołek as a suggestion\\\" [ref=e776] [cursor=pointer]:\\n                      - img [ref=e778]\\n            - generic [ref=e782]:\\n              - generic [ref=e784]:\\n                - heading \\\"Popular on LinkedIn\\\" [level=3] [ref=e785]\\n                - link \\\"Show all suggestions for Popular on LinkedIn\\\" [ref=e786] [cursor=pointer]:\\n                  - /url: https://www.linkedin.com/mynetwork/grow/\\n                  - generic [ref=e788]: Show all\\n              - list [ref=e789]:\\n                - listitem [ref=e791]:\\n                  - generic [ref=e792]:\\n                    - generic [ref=e793]:\\n                      - link \\\"Tomasz Rożek, PhD Nauka To Lubie\\\" [ref=e794] [cursor=pointer]:\\n                        - /url: https://www.linkedin.com/in/tomasz-ro%C5%BCek-phd-303b1b6/\\n                        - generic [ref=e795]:\\n                          - generic [ref=e796]:\\n                            - figure [ref=e797]:\\n                              - img [ref=e798]\\n                            - figure [ref=e804]\\n                          - generic [ref=e805]:\\n                            - paragraph [ref=e807]:\\n                              - generic [ref=e808]: Tomasz Rożek, PhD\\n                              - text: Tomasz Rożek, PhD\\n                            - paragraph [ref=e810]: Nauka To Lubie\\n                      - generic [ref=e811]:\\n                        - paragraph [ref=e814]: 83,898 followers\\n                        - button \\\"Follow Tomasz Rożek, PhD\\\" [ref=e816] [cursor=pointer]:\\n                          - generic [ref=e817]:\\n                            - img [ref=e818]\\n                            - generic [ref=e821]: Follow\\n                    - button \\\"Remove Tomasz Rożek, PhD as a suggestion\\\" [ref=e823] [cursor=pointer]:\\n                      - img [ref=e825]\\n                - listitem [ref=e828]:\\n                  - generic [ref=e829]:\\n                    - generic [ref=e830]:\\n                      - link \\\"Szymon Szczesniak, Premium CEO at CodeTwo / JSON at HRejterzy\\\" [ref=e831] [cursor=pointer]:\\n                        - /url: https://www.linkedin.com/in/codetwojson/\\n                        - generic [ref=e832]:\\n                          - generic [ref=e833]:\\n                            - figure [ref=e834]:\\n                              - img [ref=e835]\\n                            - figure [ref=e841]\\n                          - generic [ref=e842]:\\n                            - paragraph [ref=e844]:\\n                              - generic [ref=e845]: Szymon Szczesniak, Premium\\n                              - generic [ref=e846]:\\n                                - text: Szymon Szczesniak\\n                                - img [ref=e848]\\n                            - paragraph [ref=e851]: CEO at CodeTwo / JSON at HRejterzy\\n                      - generic [ref=e852]:\\n                        - paragraph [ref=e855]: 185,375 followers\\n                        - button \\\"Follow Szymon Szczesniak\\\" [ref=e857] [cursor=pointer]:\\n                          - generic [ref=e858]:\\n                            - img [ref=e859]\\n                            - generic [ref=e862]: Follow\\n                    - button \\\"Remove Szymon Szczesniak as a suggestion\\\" [ref=e864] [cursor=pointer]:\\n                      - img [ref=e866]\\n                - listitem [ref=e869]:\\n                  - generic [ref=e870]:\\n                    - generic [ref=e871]:\\n                      - link \\\"Maciej Sawicki, Verified Async orgs & Remote-first leadership | Founder inStreamly | Gaming & new tech\\\" [ref=e872] [cursor=pointer]:\\n                        - /url: https://www.linkedin.com/in/maciejsawiksawicki/\\n                        - generic [ref=e873]:\\n                          - generic [ref=e874]:\\n                            - figure [ref=e875]\\n                            - figure [ref=e876]\\n                          - generic [ref=e877]:\\n                            - paragraph [ref=e879]:\\n                              - generic [ref=e880]: Maciej Sawicki, Verified\\n                              - generic [ref=e881]:\\n                                - text: Maciej Sawicki\\n                                - img [ref=e883]\\n                            - paragraph [ref=e886]: Async orgs & Remote-first leadership | Founder inStreamly | Gaming & new tech\\n                      - generic [ref=e887]:\\n                        - paragraph [ref=e890]: 18,229 followers\\n                        - button \\\"Follow Maciej Sawicki\\\" [ref=e892] [cursor=pointer]:\\n                          - generic [ref=e893]:\\n                            - img [ref=e894]\\n                            - generic [ref=e897]: Follow\\n                    - button \\\"Remove Maciej Sawicki as a suggestion\\\" [ref=e899] [cursor=pointer]:\\n                      - img [ref=e901]\\n                - listitem [ref=e904]:\\n                  - generic [ref=e905]:\\n                    - generic [ref=e906]:\\n                      - link \\\"Dr Maciej Kawecki, Verified Founder of This is it | This Is World President of the Lem Institute\\\" [ref=e907] [cursor=pointer]:\\n                        - /url: https://www.linkedin.com/in/maciejkawecki/\\n                        - generic [ref=e908]:\\n                          - generic [ref=e909]:\\n                            - figure [ref=e910]\\n                            - figure [ref=e911]:\\n                              - img [ref=e912]\\n                          - generic [ref=e918]:\\n                            - paragraph [ref=e920]:\\n                              - generic [ref=e921]: Dr Maciej Kawecki, Verified\\n                              - generic [ref=e922]:\\n                                - text: Dr Maciej Kawecki\\n                                - img [ref=e924]\\n                            - paragraph [ref=e927]: Founder of This is it | This Is World President of the Lem Institute\\n                      - generic [ref=e928]:\\n                        - paragraph [ref=e931]: 177,045 followers\\n                        - button \\\"Follow Dr Maciej Kawecki\\\" [ref=e933] [cursor=pointer]:\\n                          - generic [ref=e934]:\\n                            - img [ref=e935]\\n                            - generic [ref=e938]: Follow\\n                    - button \\\"Remove Dr Maciej Kawecki as a suggestion\\\" [ref=e940] [cursor=pointer]:\\n                      - img [ref=e942]\\n                - listitem [ref=e945]:\\n                  - generic [ref=e946]:\\n                    - generic [ref=e947]:\\n                      - link \\\"Martyna Wojciechowska, Premium Journalist, filmmaker, activist, founder of UNAWEZA Foundation\\\" [ref=e948] [cursor=pointer]:\\n                        - /url: https://www.linkedin.com/in/martyna-wojciechowska-world/en/\\n                        - generic [ref=e949]:\\n                          - generic [ref=e950]:\\n                            - figure [ref=e951]\\n                            - figure [ref=e952]\\n                          - generic [ref=e953]:\\n                            - paragraph [ref=e955]:\\n                              - generic [ref=e956]: Martyna Wojciechowska, Premium\\n                              - generic [ref=e957]:\\n                                - text: Martyna Wojciechowska\\n                                - img [ref=e959]\\n                            - paragraph [ref=e962]: Journalist, filmmaker, activist, founder of UNAWEZA Foundation\\n                      - generic [ref=e963]:\\n                        - paragraph [ref=e966]: 79,346 followers\\n                        - button \\\"Follow Martyna Wojciechowska\\\" [ref=e968] [cursor=pointer]:\\n                          - generic [ref=e969]:\\n                            - img [ref=e970]\\n                            - generic [ref=e973]: Follow\\n                    - button \\\"Remove Martyna Wojciechowska as a suggestion\\\" [ref=e975] [cursor=pointer]:\\n                      - img [ref=e977]\\n                - listitem [ref=e980]:\\n                  - generic [ref=e981]:\\n                    - generic [ref=e982]:\\n                      - link \\\"Kinga Szostko, Premium 📱 Analiza i monitoring social mediów 🌿 OSINT 🚨 Przemoc rówieśnicza ⚠️ Ochrona dzieci w sieci 🌐 Portal bezpiecznedziecko.org 🫴 Fundacja Prospoleczna.org 📲 Aplikacja KidsAlert 🫆\\\" [ref=e983] [cursor=pointer]:\\n                        - /url: https://www.linkedin.com/in/kinga-szostko-985b65220/\\n                        - generic [ref=e984]:\\n                          - generic [ref=e985]:\\n                            - figure [ref=e986]\\n                            - figure [ref=e987]\\n                          - generic [ref=e988]:\\n                            - paragraph [ref=e990]:\\n                              - generic [ref=e991]: Kinga Szostko, Premium\\n                              - generic [ref=e992]:\\n                                - text: Kinga Szostko\\n                                - img [ref=e994]\\n                            - paragraph [ref=e997]: 📱 Analiza i monitoring social mediów 🌿 OSINT 🚨 Przemoc rówieśnicza ⚠️ Ochrona dzieci w sieci 🌐 Portal bezpiecznedziecko.org 🫴 Fundacja Prospoleczna.org 📲 Aplikacja KidsAlert 🫆\\n                      - generic [ref=e998]:\\n                        - paragraph [ref=e1001]: 11,163 followers\\n                        - button \\\"Follow Kinga Szostko\\\" [ref=e1003] [cursor=pointer]:\\n                          - generic [ref=e1004]:\\n                            - img [ref=e1005]\\n                            - generic [ref=e1008]: Follow\\n                    - button \\\"Remove Kinga Szostko as a suggestion\\\" [ref=e1010] [cursor=pointer]:\\n                      - img [ref=e1012]\\n            - button \\\"Load more\\\" [ref=e1015] [cursor=pointer]:\\n              - generic [ref=e1017]: Load more\\n  - generic:\\n    - generic:\\n      - generic:\\n        - generic:\\n          - complementary:\\n            - generic [ref=e1019]:\\n              - generic [ref=e1021] [cursor=pointer]:\\n                - generic [ref=e1022]:\\n                  - img \\\"Petr Petrovich\\\" [ref=e1023]\\n                  - generic [ref=e1025]: Status is online\\n                - button \\\"You are on the messaging overlay. Press enter to open the list of conversations.\\\" [ref=e1026]:\\n                  - generic [ref=e1027]:\\n                    - generic [ref=e1028]: Messaging\\n                    - generic [ref=e1029]: You are on the messaging overlay. Press enter to open the list of conversations.\\n              - generic [ref=e1030]:\\n                - button \\\"Open messenger dropdown menu\\\" [ref=e1032] [cursor=pointer]:\\n                  - img \\\"Open messenger dropdown menu\\\" [ref=e1033]\\n                - button \\\"Compose message\\\" [ref=e1036] [cursor=pointer]:\\n                  - img [ref=e1037]\\n                  - generic [ref=e1039]: Compose message\\n                - button \\\"You are on the messaging overlay. Press enter to open the list of conversations.\\\" [ref=e1040] [cursor=pointer]:\\n                  - img [ref=e1041]\\n                  - generic [ref=e1043]: You are on the messaging overlay. Press enter to open the list of conversations.\\n          - complementary \\\"AI-powered assistant to get help with your career, jobs etc\\\"\\n  - iframe [ref=e1044]:\\n    - generic [active] [ref=f207e1]:\\n      - generic:\\n        - region \\\"Toast message\\\":\\n          - heading \\\"0 notifications total\\\" [level=2] [ref=f207e3]\\n          - alert\\n      - region [ref=f207e4]\\n      - generic [ref=f207e5]:\\n        - generic [ref=f207e7]:\\n          - button \\\"Skip to search\\\" [ref=f207e8] [cursor=pointer]:\\n            - generic [ref=f207e9]: Skip to search\\n          - button \\\"Skip to main content\\\" [ref=f207e10] [cursor=pointer]:\\n            - generic [ref=f207e11]: Skip to main content\\n          - button \\\"Keyboard shortcuts\\\" [ref=f207e12] [cursor=pointer]:\\n            - generic [ref=f207e13]: Keyboard shortcuts\\n          - button \\\"Close jump menu\\\" [ref=f207e14] [cursor=pointer]:\\n            - img [ref=f207e15]\\n            - generic [ref=f207e17]: Close jump menu\\n        - banner \\\"Global Navigation\\\" [ref=f207e18]:\\n          - generic [ref=f207e19]:\\n            - link \\\"LinkedIn\\\" [ref=f207e20] [cursor=pointer]:\\n              - /url: https://www.linkedin.com/feed/?nis=true\\n              - img \\\"LinkedIn\\\" [ref=f207e23]:\\n                - img [ref=f207e24]\\n            - generic [ref=f207e28]:\\n              - combobox \\\"Search\\\" [ref=f207e29]\\n              - generic:\\n                - img\\n            - navigation \\\"Primary Navigation\\\" [ref=f207e30]:\\n              - list [ref=f207e31]:\\n                - listitem [ref=f207e32]:\\n                  - link \\\"new feed updates notifications Home\\\" [ref=f207e33] [cursor=pointer]:\\n                    - /url: https://www.linkedin.com/feed/?nis=true&\\n                    - generic [ref=f207e34]:\\n                      - generic [ref=f207e37]: new feed updates notifications\\n                      - img [ref=f207e41]\\n                    - generic \\\"Home\\\" [ref=f207e43]\\n                - listitem [ref=f207e44]:\\n                  - link \\\"My Network\\\" [ref=f207e45] [cursor=pointer]:\\n                    - /url: https://www.linkedin.com/mynetwork/?\\n                    - img [ref=f207e49]\\n                    - generic \\\"My Network\\\" [ref=f207e51]\\n                - listitem [ref=f207e52]:\\n                  - link \\\"Jobs\\\" [ref=f207e53] [cursor=pointer]:\\n                    - /url: https://www.linkedin.com/jobs/?\\n                    - img [ref=f207e57]\\n                    - generic \\\"Jobs\\\" [ref=f207e59]\\n                - listitem [ref=f207e60]:\\n                  - link \\\"Messaging\\\" [ref=f207e61] [cursor=pointer]:\\n                    - /url: https://www.linkedin.com/messaging/?\\n                    - img [ref=f207e65]\\n                    - generic \\\"Messaging\\\" [ref=f207e67]\\n                - listitem [ref=f207e68]:\\n                  - link \\\"Notifications\\\" [ref=f207e69] [cursor=pointer]:\\n                    - /url: https://www.linkedin.com/notifications/?\\n                    - img [ref=f207e73]\\n                    - generic \\\"Notifications\\\" [ref=f207e75]\\n                - listitem [ref=f207e76]:\\n                  - button \\\"Petr Petrovich Me\\\" [ref=f207e78] [cursor=pointer]:\\n                    - img \\\"Petr Petrovich\\\" [ref=f207e79]\\n                    - generic [ref=f207e80]:\\n                      - text: Me\\n                      - img [ref=f207e81]\\n                - listitem [ref=f207e83]:\\n                  - button \\\"For Business\\\" [ref=f207e85] [cursor=pointer]:\\n                    - img [ref=f207e89]\\n                    - generic \\\"For Business\\\" [ref=f207e91]:\\n                      - text: For Business\\n                      - img [ref=f207e92]\\n                - listitem [ref=f207e94]:\\n                  - link \\\"Try Premium for zł 0\\\" [ref=f207e96] [cursor=pointer]:\\n                    - /url: javascript:void(0)\\n                    - generic [ref=f207e97]:\\n                      - img [ref=f207e98]\\n                      - generic [ref=f207e100]: Try Premium for zł 0\",\n  \"refs\": {\n    \"e2\": {\n      \"role\": \"generic\"\n    },\n    \"e3\": {\n      \"role\": \"heading\",\n      \"name\": \"0 notifications\"\n    },\n    \"e4\": {\n      \"role\": \"generic\"\n    },\n    \"e5\": {\n      \"role\": \"button\"\n    },\n    \"e7\": {\n      \"role\": \"generic\"\n    },\n    \"e8\": {\n      \"role\": \"button\"\n    },\n    \"e10\": {\n      \"role\": \"img\"\n    },\n    \"e12\": {\n      \"role\": \"generic\"\n    },\n    \"e14\": {\n      \"role\": \"banner\"\n    },\n    \"e17\": {\n      \"role\": \"generic\"\n    },\n    \"e18\": {\n      \"role\": \"button\",\n      \"name\": \"LinkedIn\"\n    },\n    \"e19\": {\n      \"role\": \"img\",\n      \"name\": \"LinkedIn\"\n    },\n    \"e22\": {\n      \"role\": \"search\"\n    },\n    \"e23\": {\n      \"role\": \"generic\"\n    },\n    \"e25\": {\n      \"role\": \"img\"\n    },\n    \"e27\": {\n      \"role\": \"textbox\",\n      \"name\": \"Search\"\n    },\n    \"e29\": {\n      \"role\": \"generic\"\n    },\n    \"e34\": {\n      \"role\": \"figure\"\n    },\n    \"e37\": {\n      \"role\": \"navigation\"\n    },\n    \"e38\": {\n      \"role\": \"list\"\n    },\n    \"e39\": {\n      \"role\": \"listitem\"\n    },\n    \"e40\": {\n      \"role\": \"button\",\n      \"name\": \"Home, 1 new notification\"\n    },\n    \"e42\": {\n      \"role\": \"img\"\n    },\n    \"e46\": {\n      \"role\": \"generic\"\n    },\n    \"e47\": {\n      \"role\": \"listitem\"\n    },\n    \"e48\": {\n      \"role\": \"link\",\n      \"name\": \"My Network, 0 new notifications\"\n    },\n    \"e50\": {\n      \"role\": \"img\"\n    },\n    \"e53\": {\n      \"role\": \"generic\"\n    },\n    \"e54\": {\n      \"role\": \"listitem\"\n    },\n    \"e55\": {\n      \"role\": \"button\",\n      \"name\": \"Jobs, 0 new notifications\"\n    },\n    \"e57\": {\n      \"role\": \"img\"\n    },\n    \"e60\": {\n      \"role\": \"generic\"\n    },\n    \"e61\": {\n      \"role\": \"listitem\"\n    },\n    \"e62\": {\n      \"role\": \"link\",\n      \"name\": \"Messaging, 0 new notifications\"\n    },\n    \"e64\": {\n      \"role\": \"img\"\n    },\n    \"e67\": {\n      \"role\": \"generic\"\n    },\n    \"e68\": {\n      \"role\": \"listitem\"\n    },\n    \"e69\": {\n      \"role\": \"link\",\n      \"name\": \"Notifications, 0 new notifications\"\n    },\n    \"e71\": {\n      \"role\": \"img\"\n    },\n    \"e74\": {\n      \"role\": \"generic\"\n    },\n    \"e75\": {\n      \"role\": \"listitem\"\n    },\n    \"e76\": {\n      \"role\": \"button\",\n      \"name\": \"Me\"\n    },\n    \"e78\": {\n      \"role\": \"figure\"\n    },\n    \"e80\": {\n      \"role\": \"generic\"\n    },\n    \"e81\": {\n      \"role\": \"img\"\n    },\n    \"e84\": {\n      \"role\": \"generic\"\n    },\n    \"e85\": {\n      \"role\": \"navigation\"\n    },\n    \"e86\": {\n      \"role\": \"list\"\n    },\n    \"e87\": {\n      \"role\": \"listitem\"\n    },\n    \"e88\": {\n      \"role\": \"button\",\n      \"name\": \"For Business\"\n    },\n    \"e90\": {\n      \"role\": \"img\"\n    },\n    \"e93\": {\n      \"role\": \"generic\"\n    },\n    \"e94\": {\n      \"role\": \"img\"\n    },\n    \"e97\": {\n      \"role\": \"link\",\n      \"name\": \"Try Premium for zł 0\"\n    },\n    \"e98\": {\n      \"role\": \"generic\"\n    },\n    \"e99\": {\n      \"role\": \"img\"\n    },\n    \"e103\": {\n      \"role\": \"paragraph\"\n    },\n    \"e105\": {\n      \"role\": \"main\"\n    },\n    \"e107\": {\n      \"role\": \"generic\"\n    },\n    \"e111\": {\n      \"role\": \"generic\"\n    },\n    \"e116\": {\n      \"role\": \"generic\"\n    },\n    \"e117\": {\n      \"role\": \"generic\"\n    },\n    \"e118\": {\n      \"role\": \"paragraph\"\n    },\n    \"e119\": {\n      \"role\": \"generic\"\n    },\n    \"e120\": {\n      \"role\": \"generic\"\n    },\n    \"e121\": {\n      \"role\": \"paragraph\"\n    },\n    \"e122\": {\n      \"role\": \"paragraph\"\n    },\n    \"e123\": {\n      \"role\": \"link\",\n      \"name\": \"0 Connections\"\n    },\n    \"e124\": {\n      \"role\": \"generic\"\n    },\n    \"e125\": {\n      \"role\": \"paragraph\"\n    },\n    \"e126\": {\n      \"role\": \"paragraph\"\n    },\n    \"e127\": {\n      \"role\": \"link\",\n      \"name\": \"0 Following\"\n    },\n    \"e128\": {\n      \"role\": \"generic\"\n    },\n    \"e129\": {\n      \"role\": \"paragraph\"\n    },\n    \"e130\": {\n      \"role\": \"paragraph\"\n    },\n    \"e132\": {\n      \"role\": \"button\",\n      \"name\": \"Show more\"\n    },\n    \"e133\": {\n      \"role\": \"generic\"\n    },\n    \"e134\": {\n      \"role\": \"img\"\n    },\n    \"e136\": {\n      \"role\": \"generic\"\n    },\n    \"e139\": {\n      \"role\": \"iframe\"\n    },\n    \"e140\": {\n      \"role\": \"generic\"\n    },\n    \"e141\": {\n      \"role\": \"generic\"\n    },\n    \"e142\": {\n      \"role\": \"link\",\n      \"name\": \"About\"\n    },\n    \"e143\": {\n      \"role\": \"paragraph\"\n    },\n    \"e144\": {\n      \"role\": \"link\",\n      \"name\": \"Accessibility\"\n    },\n    \"e145\": {\n      \"role\": \"paragraph\"\n    },\n    \"e146\": {\n      \"role\": \"link\",\n      \"name\": \"Help Center\"\n    },\n    \"e147\": {\n      \"role\": \"paragraph\"\n    },\n    \"e148\": {\n      \"role\": \"button\",\n      \"name\": \"Privacy & Terms\"\n    },\n    \"e149\": {\n      \"role\": \"generic\"\n    },\n    \"e150\": {\n      \"role\": \"paragraph\"\n    },\n    \"e151\": {\n      \"role\": \"img\"\n    },\n    \"e153\": {\n      \"role\": \"link\",\n      \"name\": \"Ad Choices\"\n    },\n    \"e154\": {\n      \"role\": \"paragraph\"\n    },\n    \"e155\": {\n      \"role\": \"link\",\n      \"name\": \"Advertising\"\n    },\n    \"e156\": {\n      \"role\": \"paragraph\"\n    },\n    \"e157\": {\n      \"role\": \"button\",\n      \"name\": \"Business Services\"\n    },\n    \"e158\": {\n      \"role\": \"generic\"\n    },\n    \"e159\": {\n      \"role\": \"paragraph\"\n    },\n    \"e160\": {\n      \"role\": \"img\"\n    },\n    \"e162\": {\n      \"role\": \"link\",\n      \"name\": \"Get the LinkedIn app\"\n    },\n    \"e163\": {\n      \"role\": \"paragraph\"\n    },\n    \"e164\": {\n      \"role\": \"link\",\n      \"name\": \"More\"\n    },\n    \"e165\": {\n      \"role\": \"paragraph\"\n    },\n    \"e166\": {\n      \"role\": \"generic\"\n    },\n    \"e167\": {\n      \"role\": \"img\"\n    },\n    \"e169\": {\n      \"role\": \"paragraph\"\n    },\n    \"e173\": {\n      \"role\": \"generic\"\n    },\n    \"e180\": {\n      \"role\": \"generic\"\n    },\n    \"e181\": {\n      \"role\": \"generic\"\n    },\n    \"e182\": {\n      \"role\": \"paragraph\"\n    },\n    \"e183\": {\n      \"role\": \"paragraph\"\n    },\n    \"e184\": {\n      \"role\": \"generic\"\n    },\n    \"e185\": {\n      \"role\": \"generic\"\n    },\n    \"e188\": {\n      \"role\": \"link\",\n      \"name\": \"1\"\n    },\n    \"e191\": {\n      \"role\": \"paragraph\"\n    },\n    \"e194\": {\n      \"role\": \"link\",\n      \"name\": \"2\"\n    },\n    \"e197\": {\n      \"role\": \"paragraph\"\n    },\n    \"e200\": {\n      \"role\": \"link\",\n      \"name\": \"3\"\n    },\n    \"e203\": {\n      \"role\": \"paragraph\"\n    },\n    \"e206\": {\n      \"role\": \"link\",\n      \"name\": \"4\"\n    },\n    \"e209\": {\n      \"role\": \"paragraph\"\n    },\n    \"e212\": {\n      \"role\": \"link\",\n      \"name\": \"5\"\n    },\n    \"e215\": {\n      \"role\": \"paragraph\"\n    },\n    \"e216\": {\n      \"role\": \"link\",\n      \"name\": \"Search for people you know\"\n    },\n    \"e217\": {\n      \"role\": \"generic\"\n    },\n    \"e218\": {\n      \"role\": \"img\"\n    },\n    \"e220\": {\n      \"role\": \"generic\"\n    },\n    \"e225\": {\n      \"role\": \"generic\"\n    },\n    \"e226\": {\n      \"role\": \"generic\"\n    },\n    \"e228\": {\n      \"role\": \"heading\",\n      \"name\": \"No pending invitations\"\n    },\n    \"e229\": {\n      \"role\": \"link\",\n      \"name\": \"Manage all invitations\"\n    },\n    \"e231\": {\n      \"role\": \"generic\"\n    },\n    \"e234\": {\n      \"role\": \"generic\"\n    },\n    \"e236\": {\n      \"role\": \"generic\"\n    },\n    \"e237\": {\n      \"role\": \"heading\",\n      \"name\": \"People you may know in Warsaw Metropolitan Area\"\n    },\n    \"e238\": {\n      \"role\": \"link\",\n      \"name\": \"Show all suggestions for People you may know in Warsaw Metropolitan Area\"\n    },\n    \"e240\": {\n      \"role\": \"generic\"\n    },\n    \"e241\": {\n      \"role\": \"list\"\n    },\n    \"e243\": {\n      \"role\": \"listitem\"\n    },\n    \"e244\": {\n      \"role\": \"generic\"\n    },\n    \"e245\": {\n      \"role\": \"generic\"\n    },\n    \"e246\": {\n      \"role\": \"link\",\n      \"name\": \"Jakub P., Premium IT Service Delivery Management\"\n    },\n    \"e247\": {\n      \"role\": \"generic\"\n    },\n    \"e248\": {\n      \"role\": \"generic\"\n    },\n    \"e249\": {\n      \"role\": \"figure\"\n    },\n    \"e250\": {\n      \"role\": \"figure\"\n    },\n    \"e251\": {\n      \"role\": \"img\"\n    },\n    \"e257\": {\n      \"role\": \"generic\"\n    },\n    \"e259\": {\n      \"role\": \"paragraph\"\n    },\n    \"e260\": {\n      \"role\": \"generic\"\n    },\n    \"e261\": {\n      \"role\": \"generic\"\n    },\n    \"e263\": {\n      \"role\": \"img\"\n    },\n    \"e266\": {\n      \"role\": \"paragraph\"\n    },\n    \"e269\": {\n      \"role\": \"button\",\n      \"name\": \"Invite Jakub P. to connect\"\n    },\n    \"e270\": {\n      \"role\": \"generic\"\n    },\n    \"e271\": {\n      \"role\": \"img\"\n    },\n    \"e274\": {\n      \"role\": \"generic\"\n    },\n    \"e276\": {\n      \"role\": \"button\",\n      \"name\": \"Remove Jakub P. as a suggestion\"\n    },\n    \"e278\": {\n      \"role\": \"img\"\n    },\n    \"e281\": {\n      \"role\": \"listitem\"\n    },\n    \"e282\": {\n      \"role\": \"generic\"\n    },\n    \"e283\": {\n      \"role\": \"generic\"\n    },\n    \"e284\": {\n      \"role\": \"link\",\n      \"name\": \"Sławomir Dec, Verified Cybersecurity|CISSP\"\n    },\n    \"e285\": {\n      \"role\": \"generic\"\n    },\n    \"e286\": {\n      \"role\": \"generic\"\n    },\n    \"e287\": {\n      \"role\": \"figure\"\n    },\n    \"e288\": {\n      \"role\": \"figure\"\n    },\n    \"e289\": {\n      \"role\": \"generic\"\n    },\n    \"e291\": {\n      \"role\": \"paragraph\"\n    },\n    \"e292\": {\n      \"role\": \"generic\"\n    },\n    \"e293\": {\n      \"role\": \"generic\"\n    },\n    \"e295\": {\n      \"role\": \"img\"\n    },\n    \"e298\": {\n      \"role\": \"paragraph\"\n    },\n    \"e301\": {\n      \"role\": \"button\",\n      \"name\": \"Invite Sławomir Dec to connect\"\n    },\n    \"e302\": {\n      \"role\": \"generic\"\n    },\n    \"e303\": {\n      \"role\": \"img\"\n    },\n    \"e306\": {\n      \"role\": \"generic\"\n    },\n    \"e308\": {\n      \"role\": \"button\",\n      \"name\": \"Remove Sławomir Dec as a suggestion\"\n    },\n    \"e310\": {\n      \"role\": \"img\"\n    },\n    \"e313\": {\n      \"role\": \"listitem\"\n    },\n    \"e314\": {\n      \"role\": \"generic\"\n    },\n    \"e315\": {\n      \"role\": \"generic\"\n    },\n    \"e316\": {\n      \"role\": \"link\",\n      \"name\": \"Adam Szafara Helping businesses to raise its digital potential🌏\"\n    },\n    \"e317\": {\n      \"role\": \"generic\"\n    },\n    \"e318\": {\n      \"role\": \"generic\"\n    },\n    \"e319\": {\n      \"role\": \"figure\"\n    },\n    \"e320\": {\n      \"role\": \"figure\"\n    },\n    \"e321\": {\n      \"role\": \"img\"\n    },\n    \"e327\": {\n      \"role\": \"generic\"\n    },\n    \"e329\": {\n      \"role\": \"paragraph\"\n    },\n    \"e330\": {\n      \"role\": \"generic\"\n    },\n    \"e332\": {\n      \"role\": \"paragraph\"\n    },\n    \"e335\": {\n      \"role\": \"button\",\n      \"name\": \"Invite Adam Szafara to connect\"\n    },\n    \"e336\": {\n      \"role\": \"generic\"\n    },\n    \"e337\": {\n      \"role\": \"img\"\n    },\n    \"e340\": {\n      \"role\": \"generic\"\n    },\n    \"e342\": {\n      \"role\": \"button\",\n      \"name\": \"Remove Adam Szafara as a suggestion\"\n    },\n    \"e344\": {\n      \"role\": \"img\"\n    },\n    \"e347\": {\n      \"role\": \"listitem\"\n    },\n    \"e348\": {\n      \"role\": \"generic\"\n    },\n    \"e349\": {\n      \"role\": \"generic\"\n    },\n    \"e350\": {\n      \"role\": \"link\",\n      \"name\": \"Andrzej Jargiło Specjalista magazynier\"\n    },\n    \"e351\": {\n      \"role\": \"generic\"\n    },\n    \"e352\": {\n      \"role\": \"generic\"\n    },\n    \"e353\": {\n      \"role\": \"figure\"\n    },\n    \"e354\": {\n      \"role\": \"figure\"\n    },\n    \"e355\": {\n      \"role\": \"generic\"\n    },\n    \"e357\": {\n      \"role\": \"paragraph\"\n    },\n    \"e358\": {\n      \"role\": \"generic\"\n    },\n    \"e360\": {\n      \"role\": \"paragraph\"\n    },\n    \"e363\": {\n      \"role\": \"button\",\n      \"name\": \"Invite Andrzej Jargiło to connect\"\n    },\n    \"e364\": {\n      \"role\": \"generic\"\n    },\n    \"e365\": {\n      \"role\": \"img\"\n    },\n    \"e368\": {\n      \"role\": \"generic\"\n    },\n    \"e370\": {\n      \"role\": \"button\",\n      \"name\": \"Remove Andrzej Jargiło as a suggestion\"\n    },\n    \"e372\": {\n      \"role\": \"img\"\n    },\n    \"e375\": {\n      \"role\": \"listitem\"\n    },\n    \"e376\": {\n      \"role\": \"generic\"\n    },\n    \"e377\": {\n      \"role\": \"generic\"\n    },\n    \"e378\": {\n      \"role\": \"link\",\n      \"name\": \"Marcin Owsianka, Verified Business Development Manager at Ledatel\"\n    },\n    \"e379\": {\n      \"role\": \"generic\"\n    },\n    \"e380\": {\n      \"role\": \"generic\"\n    },\n    \"e381\": {\n      \"role\": \"figure\"\n    },\n    \"e382\": {\n      \"role\": \"figure\"\n    },\n    \"e383\": {\n      \"role\": \"generic\"\n    },\n    \"e385\": {\n      \"role\": \"paragraph\"\n    },\n    \"e386\": {\n      \"role\": \"generic\"\n    },\n    \"e387\": {\n      \"role\": \"generic\"\n    },\n    \"e389\": {\n      \"role\": \"img\"\n    },\n    \"e392\": {\n      \"role\": \"paragraph\"\n    },\n    \"e395\": {\n      \"role\": \"button\",\n      \"name\": \"Invite Marcin Owsianka to connect\"\n    },\n    \"e396\": {\n      \"role\": \"generic\"\n    },\n    \"e397\": {\n      \"role\": \"img\"\n    },\n    \"e400\": {\n      \"role\": \"generic\"\n    },\n    \"e402\": {\n      \"role\": \"button\",\n      \"name\": \"Remove Marcin Owsianka as a suggestion\"\n    },\n    \"e404\": {\n      \"role\": \"img\"\n    },\n    \"e407\": {\n      \"role\": \"listitem\"\n    },\n    \"e408\": {\n      \"role\": \"generic\"\n    },\n    \"e409\": {\n      \"role\": \"generic\"\n    },\n    \"e410\": {\n      \"role\": \"link\",\n      \"name\": \"Natallia Zhalabkovich, Verified Data Engineering\"\n    },\n    \"e411\": {\n      \"role\": \"generic\"\n    },\n    \"e412\": {\n      \"role\": \"generic\"\n    },\n    \"e413\": {\n      \"role\": \"figure\"\n    },\n    \"e414\": {\n      \"role\": \"img\"\n    },\n    \"e420\": {\n      \"role\": \"figure\"\n    },\n    \"e421\": {\n      \"role\": \"generic\"\n    },\n    \"e423\": {\n      \"role\": \"paragraph\"\n    },\n    \"e424\": {\n      \"role\": \"generic\"\n    },\n    \"e425\": {\n      \"role\": \"generic\"\n    },\n    \"e427\": {\n      \"role\": \"img\"\n    },\n    \"e430\": {\n      \"role\": \"paragraph\"\n    },\n    \"e433\": {\n      \"role\": \"button\",\n      \"name\": \"Invite Natallia Zhalabkovich to connect\"\n    },\n    \"e434\": {\n      \"role\": \"generic\"\n    },\n    \"e435\": {\n      \"role\": \"img\"\n    },\n    \"e438\": {\n      \"role\": \"generic\"\n    },\n    \"e440\": {\n      \"role\": \"button\",\n      \"name\": \"Remove Natallia Zhalabkovich as a suggestion\"\n    },\n    \"e442\": {\n      \"role\": \"img\"\n    },\n    \"e445\": {\n      \"role\": \"listitem\"\n    },\n    \"e446\": {\n      \"role\": \"generic\"\n    },\n    \"e447\": {\n      \"role\": \"generic\"\n    },\n    \"e448\": {\n      \"role\": \"link\",\n      \"name\": \"Jerzy Lipiński, Verified Product Manager at Omnires\"\n    },\n    \"e449\": {\n      \"role\": \"generic\"\n    },\n    \"e450\": {\n      \"role\": \"generic\"\n    },\n    \"e451\": {\n      \"role\": \"figure\"\n    },\n    \"e452\": {\n      \"role\": \"figure\"\n    },\n    \"e453\": {\n      \"role\": \"generic\"\n    },\n    \"e455\": {\n      \"role\": \"paragraph\"\n    },\n    \"e456\": {\n      \"role\": \"generic\"\n    },\n    \"e457\": {\n      \"role\": \"generic\"\n    },\n    \"e459\": {\n      \"role\": \"img\"\n    },\n    \"e462\": {\n      \"role\": \"paragraph\"\n    },\n    \"e465\": {\n      \"role\": \"button\",\n      \"name\": \"Invite Jerzy Lipiński to connect\"\n    },\n    \"e466\": {\n      \"role\": \"generic\"\n    },\n    \"e467\": {\n      \"role\": \"img\"\n    },\n    \"e470\": {\n      \"role\": \"generic\"\n    },\n    \"e472\": {\n      \"role\": \"button\",\n      \"name\": \"Remove Jerzy Lipiński as a suggestion\"\n    },\n    \"e474\": {\n      \"role\": \"img\"\n    },\n    \"e477\": {\n      \"role\": \"listitem\"\n    },\n    \"e478\": {\n      \"role\": \"generic\"\n    },\n    \"e479\": {\n      \"role\": \"generic\"\n    },\n    \"e480\": {\n      \"role\": \"link\",\n      \"name\": \"Mustafa FIRINCI, Verified Sales Manager | 20+ Years in Retail & Customer Management | MBA | Based in Warsaw\"\n    },\n    \"e481\": {\n      \"role\": \"generic\"\n    },\n    \"e482\": {\n      \"role\": \"generic\"\n    },\n    \"e483\": {\n      \"role\": \"figure\"\n    },\n    \"e484\": {\n      \"role\": \"figure\"\n    },\n    \"e485\": {\n      \"role\": \"generic\"\n    },\n    \"e487\": {\n      \"role\": \"paragraph\"\n    },\n    \"e488\": {\n      \"role\": \"generic\"\n    },\n    \"e489\": {\n      \"role\": \"generic\"\n    },\n    \"e491\": {\n      \"role\": \"img\"\n    },\n    \"e494\": {\n      \"role\": \"paragraph\"\n    },\n    \"e497\": {\n      \"role\": \"button\",\n      \"name\": \"Invite Mustafa FIRINCI to connect\"\n    },\n    \"e498\": {\n      \"role\": \"generic\"\n    },\n    \"e499\": {\n      \"role\": \"img\"\n    },\n    \"e502\": {\n      \"role\": \"generic\"\n    },\n    \"e504\": {\n      \"role\": \"button\",\n      \"name\": \"Remove Mustafa FIRINCI as a suggestion\"\n    },\n    \"e506\": {\n      \"role\": \"img\"\n    },\n    \"e510\": {\n      \"role\": \"generic\"\n    },\n    \"e512\": {\n      \"role\": \"generic\"\n    },\n    \"e513\": {\n      \"role\": \"heading\",\n      \"name\": \"People you may know based on your recent activity\"\n    },\n    \"e514\": {\n      \"role\": \"link\",\n      \"name\": \"Show all suggestions for People you may know based on your recent activity\"\n    },\n    \"e516\": {\n      \"role\": \"generic\"\n    },\n    \"e517\": {\n      \"role\": \"list\"\n    },\n    \"e519\": {\n      \"role\": \"listitem\"\n    },\n    \"e520\": {\n      \"role\": \"generic\"\n    },\n    \"e521\": {\n      \"role\": \"generic\"\n    },\n    \"e522\": {\n      \"role\": \"link\",\n      \"name\": \"Trenton is open to work Trenton Murphy, Premium Salesperson @ 1800-Hansons | Sales, Resiliency\"\n    },\n    \"e523\": {\n      \"role\": \"generic\"\n    },\n    \"e524\": {\n      \"role\": \"generic\",\n      \"name\": \"Trenton is open to work\"\n    },\n    \"e525\": {\n      \"role\": \"figure\"\n    },\n    \"e526\": {\n      \"role\": \"img\"\n    },\n    \"e532\": {\n      \"role\": \"figure\"\n    },\n    \"e533\": {\n      \"role\": \"generic\"\n    },\n    \"e535\": {\n      \"role\": \"paragraph\"\n    },\n    \"e536\": {\n      \"role\": \"generic\"\n    },\n    \"e537\": {\n      \"role\": \"generic\"\n    },\n    \"e539\": {\n      \"role\": \"img\"\n    },\n    \"e542\": {\n      \"role\": \"paragraph\"\n    },\n    \"e545\": {\n      \"role\": \"button\",\n      \"name\": \"Invite Trenton Murphy to connect\"\n    },\n    \"e546\": {\n      \"role\": \"generic\"\n    },\n    \"e547\": {\n      \"role\": \"img\"\n    },\n    \"e550\": {\n      \"role\": \"generic\"\n    },\n    \"e552\": {\n      \"role\": \"button\",\n      \"name\": \"Remove Trenton Murphy as a suggestion\"\n    },\n    \"e554\": {\n      \"role\": \"img\"\n    },\n    \"e557\": {\n      \"role\": \"listitem\"\n    },\n    \"e558\": {\n      \"role\": \"generic\"\n    },\n    \"e559\": {\n      \"role\": \"generic\"\n    },\n    \"e560\": {\n      \"role\": \"link\",\n      \"name\": \"Mary Joy Erestain Virtual Assistant / Social Media Manager\"\n    },\n    \"e561\": {\n      \"role\": \"generic\"\n    },\n    \"e562\": {\n      \"role\": \"generic\"\n    },\n    \"e563\": {\n      \"role\": \"figure\"\n    },\n    \"e564\": {\n      \"role\": \"img\"\n    },\n    \"e570\": {\n      \"role\": \"figure\"\n    },\n    \"e571\": {\n      \"role\": \"generic\"\n    },\n    \"e573\": {\n      \"role\": \"paragraph\"\n    },\n    \"e574\": {\n      \"role\": \"generic\"\n    },\n    \"e576\": {\n      \"role\": \"paragraph\"\n    },\n    \"e579\": {\n      \"role\": \"button\",\n      \"name\": \"Invite Mary Joy Erestain to connect\"\n    },\n    \"e580\": {\n      \"role\": \"generic\"\n    },\n    \"e581\": {\n      \"role\": \"img\"\n    },\n    \"e584\": {\n      \"role\": \"generic\"\n    },\n    \"e586\": {\n      \"role\": \"button\",\n      \"name\": \"Remove Mary Joy Erestain as a suggestion\"\n    },\n    \"e588\": {\n      \"role\": \"img\"\n    },\n    \"e591\": {\n      \"role\": \"listitem\"\n    },\n    \"e592\": {\n      \"role\": \"generic\"\n    },\n    \"e593\": {\n      \"role\": \"generic\"\n    },\n    \"e594\": {\n      \"role\": \"link\",\n      \"name\": \"Joseph N., Verified Accounting Professional in San Diego\"\n    },\n    \"e595\": {\n      \"role\": \"generic\"\n    },\n    \"e596\": {\n      \"role\": \"generic\"\n    },\n    \"e597\": {\n      \"role\": \"figure\"\n    },\n    \"e598\": {\n      \"role\": \"figure\"\n    },\n    \"e599\": {\n      \"role\": \"generic\"\n    },\n    \"e601\": {\n      \"role\": \"paragraph\"\n    },\n    \"e602\": {\n      \"role\": \"generic\"\n    },\n    \"e603\": {\n      \"role\": \"generic\"\n    },\n    \"e605\": {\n      \"role\": \"img\"\n    },\n    \"e608\": {\n      \"role\": \"paragraph\"\n    },\n    \"e611\": {\n      \"role\": \"button\",\n      \"name\": \"Invite Joseph N. to connect\"\n    },\n    \"e612\": {\n      \"role\": \"generic\"\n    },\n    \"e613\": {\n      \"role\": \"img\"\n    },\n    \"e616\": {\n      \"role\": \"generic\"\n    },\n    \"e618\": {\n      \"role\": \"button\",\n      \"name\": \"Remove Joseph N. as a suggestion\"\n    },\n    \"e620\": {\n      \"role\": \"img\"\n    },\n    \"e623\": {\n      \"role\": \"listitem\"\n    },\n    \"e624\": {\n      \"role\": \"generic\"\n    },\n    \"e625\": {\n      \"role\": \"generic\"\n    },\n    \"e626\": {\n      \"role\": \"link\",\n      \"name\": \"Lou is open to work Lou West, Verified Business Management Grad Passionate About Creative, Community-Driven Work | Digital Marketing & Strategy Enthusiast\"\n    },\n    \"e627\": {\n      \"role\": \"generic\"\n    },\n    \"e628\": {\n      \"role\": \"generic\",\n      \"name\": \"Lou is open to work\"\n    },\n    \"e629\": {\n      \"role\": \"figure\"\n    },\n    \"e630\": {\n      \"role\": \"img\"\n    },\n    \"e636\": {\n      \"role\": \"figure\"\n    },\n    \"e637\": {\n      \"role\": \"generic\"\n    },\n    \"e639\": {\n      \"role\": \"paragraph\"\n    },\n    \"e640\": {\n      \"role\": \"generic\"\n    },\n    \"e641\": {\n      \"role\": \"generic\"\n    },\n    \"e643\": {\n      \"role\": \"img\"\n    },\n    \"e646\": {\n      \"role\": \"paragraph\"\n    },\n    \"e649\": {\n      \"role\": \"button\",\n      \"name\": \"Invite Lou West to connect\"\n    },\n    \"e650\": {\n      \"role\": \"generic\"\n    },\n    \"e651\": {\n      \"role\": \"img\"\n    },\n    \"e654\": {\n      \"role\": \"generic\"\n    },\n    \"e656\": {\n      \"role\": \"button\",\n      \"name\": \"Remove Lou West as a suggestion\"\n    },\n    \"e658\": {\n      \"role\": \"img\"\n    },\n    \"e661\": {\n      \"role\": \"listitem\"\n    },\n    \"e662\": {\n      \"role\": \"generic\"\n    },\n    \"e663\": {\n      \"role\": \"generic\"\n    },\n    \"e664\": {\n      \"role\": \"link\",\n      \"name\": \"Jermaine Bruno --\"\n    },\n    \"e665\": {\n      \"role\": \"generic\"\n    },\n    \"e666\": {\n      \"role\": \"generic\"\n    },\n    \"e667\": {\n      \"role\": \"figure\"\n    },\n    \"e668\": {\n      \"role\": \"figure\"\n    },\n    \"e669\": {\n      \"role\": \"generic\"\n    },\n    \"e671\": {\n      \"role\": \"paragraph\"\n    },\n    \"e672\": {\n      \"role\": \"generic\"\n    },\n    \"e674\": {\n      \"role\": \"paragraph\"\n    },\n    \"e677\": {\n      \"role\": \"button\",\n      \"name\": \"Invite Jermaine Bruno to connect\"\n    },\n    \"e678\": {\n      \"role\": \"generic\"\n    },\n    \"e679\": {\n      \"role\": \"img\"\n    },\n    \"e682\": {\n      \"role\": \"generic\"\n    },\n    \"e684\": {\n      \"role\": \"button\",\n      \"name\": \"Remove Jermaine Bruno as a suggestion\"\n    },\n    \"e686\": {\n      \"role\": \"img\"\n    },\n    \"e689\": {\n      \"role\": \"listitem\"\n    },\n    \"e690\": {\n      \"role\": \"generic\"\n    },\n    \"e691\": {\n      \"role\": \"generic\"\n    },\n    \"e692\": {\n      \"role\": \"link\",\n      \"name\": \"Kevin Geiger, Verified Co-Founder @ Blue Wave 🌊\"\n    },\n    \"e693\": {\n      \"role\": \"generic\"\n    },\n    \"e694\": {\n      \"role\": \"generic\"\n    },\n    \"e695\": {\n      \"role\": \"figure\"\n    },\n    \"e696\": {\n      \"role\": \"figure\"\n    },\n    \"e697\": {\n      \"role\": \"generic\"\n    },\n    \"e699\": {\n      \"role\": \"paragraph\"\n    },\n    \"e700\": {\n      \"role\": \"generic\"\n    },\n    \"e701\": {\n      \"role\": \"generic\"\n    },\n    \"e703\": {\n      \"role\": \"img\"\n    },\n    \"e706\": {\n      \"role\": \"paragraph\"\n    },\n    \"e709\": {\n      \"role\": \"button\",\n      \"name\": \"Invite Kevin Geiger to connect\"\n    },\n    \"e710\": {\n      \"role\": \"generic\"\n    },\n    \"e711\": {\n      \"role\": \"img\"\n    },\n    \"e714\": {\n      \"role\": \"generic\"\n    },\n    \"e716\": {\n      \"role\": \"button\",\n      \"name\": \"Remove Kevin Geiger as a suggestion\"\n    },\n    \"e718\": {\n      \"role\": \"img\"\n    },\n    \"e721\": {\n      \"role\": \"listitem\"\n    },\n    \"e722\": {\n      \"role\": \"generic\"\n    },\n    \"e723\": {\n      \"role\": \"generic\"\n    },\n    \"e724\": {\n      \"role\": \"link\",\n      \"name\": \"Juan Trejo, Verified Buyer | Aerospace & Manufacturing | Supply Chain Management\"\n    },\n    \"e725\": {\n      \"role\": \"generic\"\n    },\n    \"e726\": {\n      \"role\": \"generic\"\n    },\n    \"e727\": {\n      \"role\": \"figure\"\n    },\n    \"e728\": {\n      \"role\": \"figure\"\n    },\n    \"e729\": {\n      \"role\": \"generic\"\n    },\n    \"e731\": {\n      \"role\": \"paragraph\"\n    },\n    \"e732\": {\n      \"role\": \"generic\"\n    },\n    \"e733\": {\n      \"role\": \"generic\"\n    },\n    \"e735\": {\n      \"role\": \"img\"\n    },\n    \"e738\": {\n      \"role\": \"paragraph\"\n    },\n    \"e741\": {\n      \"role\": \"button\",\n      \"name\": \"Invite Juan Trejo to connect\"\n    },\n    \"e742\": {\n      \"role\": \"generic\"\n    },\n    \"e743\": {\n      \"role\": \"img\"\n    },\n    \"e746\": {\n      \"role\": \"generic\"\n    },\n    \"e748\": {\n      \"role\": \"button\",\n      \"name\": \"Remove Juan Trejo as a suggestion\"\n    },\n    \"e750\": {\n      \"role\": \"img\"\n    },\n    \"e753\": {\n      \"role\": \"listitem\"\n    },\n    \"e754\": {\n      \"role\": \"generic\"\n    },\n    \"e755\": {\n      \"role\": \"generic\"\n    },\n    \"e756\": {\n      \"role\": \"link\",\n      \"name\": \"Konrad Fijołek Prezydent Miasta Rzeszów\"\n    },\n    \"e757\": {\n      \"role\": \"generic\"\n    },\n    \"e758\": {\n      \"role\": \"generic\"\n    },\n    \"e759\": {\n      \"role\": \"figure\"\n    },\n    \"e760\": {\n      \"role\": \"figure\"\n    },\n    \"e761\": {\n      \"role\": \"generic\"\n    },\n    \"e763\": {\n      \"role\": \"paragraph\"\n    },\n    \"e764\": {\n      \"role\": \"generic\"\n    },\n    \"e766\": {\n      \"role\": \"paragraph\"\n    },\n    \"e769\": {\n      \"role\": \"button\",\n      \"name\": \"Invite Konrad Fijołek to connect\"\n    },\n    \"e770\": {\n      \"role\": \"generic\"\n    },\n    \"e771\": {\n      \"role\": \"img\"\n    },\n    \"e774\": {\n      \"role\": \"generic\"\n    },\n    \"e776\": {\n      \"role\": \"button\",\n      \"name\": \"Remove Konrad Fijołek as a suggestion\"\n    },\n    \"e778\": {\n      \"role\": \"img\"\n    },\n    \"e782\": {\n      \"role\": \"generic\"\n    },\n    \"e784\": {\n      \"role\": \"generic\"\n    },\n    \"e785\": {\n      \"role\": \"heading\",\n      \"name\": \"Popular on LinkedIn\"\n    },\n    \"e786\": {\n      \"role\": \"link\",\n      \"name\": \"Show all suggestions for Popular on LinkedIn\"\n    },\n    \"e788\": {\n      \"role\": \"generic\"\n    },\n    \"e789\": {\n      \"role\": \"list\"\n    },\n    \"e791\": {\n      \"role\": \"listitem\"\n    },\n    \"e792\": {\n      \"role\": \"generic\"\n    },\n    \"e793\": {\n      \"role\": \"generic\"\n    },\n    \"e794\": {\n      \"role\": \"link\",\n      \"name\": \"Tomasz Rożek, PhD Nauka To Lubie\"\n    },\n    \"e795\": {\n      \"role\": \"generic\"\n    },\n    \"e796\": {\n      \"role\": \"generic\"\n    },\n    \"e797\": {\n      \"role\": \"figure\"\n    },\n    \"e798\": {\n      \"role\": \"img\"\n    },\n    \"e804\": {\n      \"role\": \"figure\"\n    },\n    \"e805\": {\n      \"role\": \"generic\"\n    },\n    \"e807\": {\n      \"role\": \"paragraph\"\n    },\n    \"e808\": {\n      \"role\": \"generic\"\n    },\n    \"e810\": {\n      \"role\": \"paragraph\"\n    },\n    \"e811\": {\n      \"role\": \"generic\"\n    },\n    \"e814\": {\n      \"role\": \"paragraph\"\n    },\n    \"e816\": {\n      \"role\": \"button\",\n      \"name\": \"Follow Tomasz Rożek, PhD\"\n    },\n    \"e817\": {\n      \"role\": \"generic\"\n    },\n    \"e818\": {\n      \"role\": \"img\"\n    },\n    \"e821\": {\n      \"role\": \"generic\"\n    },\n    \"e823\": {\n      \"role\": \"button\",\n      \"name\": \"Remove Tomasz Rożek, PhD as a suggestion\"\n    },\n    \"e825\": {\n      \"role\": \"img\"\n    },\n    \"e828\": {\n      \"role\": \"listitem\"\n    },\n    \"e829\": {\n      \"role\": \"generic\"\n    },\n    \"e830\": {\n      \"role\": \"generic\"\n    },\n    \"e831\": {\n      \"role\": \"link\",\n      \"name\": \"Szymon Szczesniak, Premium CEO at CodeTwo / JSON at HRejterzy\"\n    },\n    \"e832\": {\n      \"role\": \"generic\"\n    },\n    \"e833\": {\n      \"role\": \"generic\"\n    },\n    \"e834\": {\n      \"role\": \"figure\"\n    },\n    \"e835\": {\n      \"role\": \"img\"\n    },\n    \"e841\": {\n      \"role\": \"figure\"\n    },\n    \"e842\": {\n      \"role\": \"generic\"\n    },\n    \"e844\": {\n      \"role\": \"paragraph\"\n    },\n    \"e845\": {\n      \"role\": \"generic\"\n    },\n    \"e846\": {\n      \"role\": \"generic\"\n    },\n    \"e848\": {\n      \"role\": \"img\"\n    },\n    \"e851\": {\n      \"role\": \"paragraph\"\n    },\n    \"e852\": {\n      \"role\": \"generic\"\n    },\n    \"e855\": {\n      \"role\": \"paragraph\"\n    },\n    \"e857\": {\n      \"role\": \"button\",\n      \"name\": \"Follow Szymon Szczesniak\"\n    },\n    \"e858\": {\n      \"role\": \"generic\"\n    },\n    \"e859\": {\n      \"role\": \"img\"\n    },\n    \"e862\": {\n      \"role\": \"generic\"\n    },\n    \"e864\": {\n      \"role\": \"button\",\n      \"name\": \"Remove Szymon Szczesniak as a suggestion\"\n    },\n    \"e866\": {\n      \"role\": \"img\"\n    },\n    \"e869\": {\n      \"role\": \"listitem\"\n    },\n    \"e870\": {\n      \"role\": \"generic\"\n    },\n    \"e871\": {\n      \"role\": \"generic\"\n    },\n    \"e872\": {\n      \"role\": \"link\",\n      \"name\": \"Maciej Sawicki, Verified Async orgs & Remote-first leadership | Founder inStreamly | Gaming & new tech\"\n    },\n    \"e873\": {\n      \"role\": \"generic\"\n    },\n    \"e874\": {\n      \"role\": \"generic\"\n    },\n    \"e875\": {\n      \"role\": \"figure\"\n    },\n    \"e876\": {\n      \"role\": \"figure\"\n    },\n    \"e877\": {\n      \"role\": \"generic\"\n    },\n    \"e879\": {\n      \"role\": \"paragraph\"\n    },\n    \"e880\": {\n      \"role\": \"generic\"\n    },\n    \"e881\": {\n      \"role\": \"generic\"\n    },\n    \"e883\": {\n      \"role\": \"img\"\n    },\n    \"e886\": {\n      \"role\": \"paragraph\"\n    },\n    \"e887\": {\n      \"role\": \"generic\"\n    },\n    \"e890\": {\n      \"role\": \"paragraph\"\n    },\n    \"e892\": {\n      \"role\": \"button\",\n      \"name\": \"Follow Maciej Sawicki\"\n    },\n    \"e893\": {\n      \"role\": \"generic\"\n    },\n    \"e894\": {\n      \"role\": \"img\"\n    },\n    \"e897\": {\n      \"role\": \"generic\"\n    },\n    \"e899\": {\n      \"role\": \"button\",\n      \"name\": \"Remove Maciej Sawicki as a suggestion\"\n    },\n    \"e901\": {\n      \"role\": \"img\"\n    },\n    \"e904\": {\n      \"role\": \"listitem\"\n    },\n    \"e905\": {\n      \"role\": \"generic\"\n    },\n    \"e906\": {\n      \"role\": \"generic\"\n    },\n    \"e907\": {\n      \"role\": \"link\",\n      \"name\": \"Dr Maciej Kawecki, Verified Founder of This is it | This Is World President of the Lem Institute\"\n    },\n    \"e908\": {\n      \"role\": \"generic\"\n    },\n    \"e909\": {\n      \"role\": \"generic\"\n    },\n    \"e910\": {\n      \"role\": \"figure\"\n    },\n    \"e911\": {\n      \"role\": \"figure\"\n    },\n    \"e912\": {\n      \"role\": \"img\"\n    },\n    \"e918\": {\n      \"role\": \"generic\"\n    },\n    \"e920\": {\n      \"role\": \"paragraph\"\n    },\n    \"e921\": {\n      \"role\": \"generic\"\n    },\n    \"e922\": {\n      \"role\": \"generic\"\n    },\n    \"e924\": {\n      \"role\": \"img\"\n    },\n    \"e927\": {\n      \"role\": \"paragraph\"\n    },\n    \"e928\": {\n      \"role\": \"generic\"\n    },\n    \"e931\": {\n      \"role\": \"paragraph\"\n    },\n    \"e933\": {\n      \"role\": \"button\",\n      \"name\": \"Follow Dr Maciej Kawecki\"\n    },\n    \"e934\": {\n      \"role\": \"generic\"\n    },\n    \"e935\": {\n      \"role\": \"img\"\n    },\n    \"e938\": {\n      \"role\": \"generic\"\n    },\n    \"e940\": {\n      \"role\": \"button\",\n      \"name\": \"Remove Dr Maciej Kawecki as a suggestion\"\n    },\n    \"e942\": {\n      \"role\": \"img\"\n    },\n    \"e945\": {\n      \"role\": \"listitem\"\n    },\n    \"e946\": {\n      \"role\": \"generic\"\n    },\n    \"e947\": {\n      \"role\": \"generic\"\n    },\n    \"e948\": {\n      \"role\": \"link\",\n      \"name\": \"Martyna Wojciechowska, Premium Journalist, filmmaker, activist, founder of UNAWEZA Foundation\"\n    },\n    \"e949\": {\n      \"role\": \"generic\"\n    },\n    \"e950\": {\n      \"role\": \"generic\"\n    },\n    \"e951\": {\n      \"role\": \"figure\"\n    },\n    \"e952\": {\n      \"role\": \"figure\"\n    },\n    \"e953\": {\n      \"role\": \"generic\"\n    },\n    \"e955\": {\n      \"role\": \"paragraph\"\n    },\n    \"e956\": {\n      \"role\": \"generic\"\n    },\n    \"e957\": {\n      \"role\": \"generic\"\n    },\n    \"e959\": {\n      \"role\": \"img\"\n    },\n    \"e962\": {\n      \"role\": \"paragraph\"\n    },\n    \"e963\": {\n      \"role\": \"generic\"\n    },\n    \"e966\": {\n      \"role\": \"paragraph\"\n    },\n    \"e968\": {\n      \"role\": \"button\",\n      \"name\": \"Follow Martyna Wojciechowska\"\n    },\n    \"e969\": {\n      \"role\": \"generic\"\n    },\n    \"e970\": {\n      \"role\": \"img\"\n    },\n    \"e973\": {\n      \"role\": \"generic\"\n    },\n    \"e975\": {\n      \"role\": \"button\",\n      \"name\": \"Remove Martyna Wojciechowska as a suggestion\"\n    },\n    \"e977\": {\n      \"role\": \"img\"\n    },\n    \"e980\": {\n      \"role\": \"listitem\"\n    },\n    \"e981\": {\n      \"role\": \"generic\"\n    },\n    \"e982\": {\n      \"role\": \"generic\"\n    },\n    \"e983\": {\n      \"role\": \"link\",\n      \"name\": \"Kinga Szostko, Premium 📱 Analiza i monitoring social mediów 🌿 OSINT 🚨 Przemoc rówieśnicza ⚠️ Ochrona dzieci w sieci 🌐 Portal bezpiecznedziecko.org 🫴 Fundacja Prospoleczna.org 📲 Aplikacja KidsAlert 🫆\"\n    },\n    \"e984\": {\n      \"role\": \"generic\"\n    },\n    \"e985\": {\n      \"role\": \"generic\"\n    },\n    \"e986\": {\n      \"role\": \"figure\"\n    },\n    \"e987\": {\n      \"role\": \"figure\"\n    },\n    \"e988\": {\n      \"role\": \"generic\"\n    },\n    \"e990\": {\n      \"role\": \"paragraph\"\n    },\n    \"e991\": {\n      \"role\": \"generic\"\n    },\n    \"e992\": {\n      \"role\": \"generic\"\n    },\n    \"e994\": {\n      \"role\": \"img\"\n    },\n    \"e997\": {\n      \"role\": \"paragraph\"\n    },\n    \"e998\": {\n      \"role\": \"generic\"\n    },\n    \"e1001\": {\n      \"role\": \"paragraph\"\n    },\n    \"e1003\": {\n      \"role\": \"button\",\n      \"name\": \"Follow Kinga Szostko\"\n    },\n    \"e1004\": {\n      \"role\": \"generic\"\n    },\n    \"e1005\": {\n      \"role\": \"img\"\n    },\n    \"e1008\": {\n      \"role\": \"generic\"\n    },\n    \"e1010\": {\n      \"role\": \"button\",\n      \"name\": \"Remove Kinga Szostko as a suggestion\"\n    },\n    \"e1012\": {\n      \"role\": \"img\"\n    },\n    \"e1015\": {\n      \"role\": \"button\",\n      \"name\": \"Load more\"\n    },\n    \"e1017\": {\n      \"role\": \"generic\"\n    },\n    \"e1019\": {\n      \"role\": \"generic\"\n    },\n    \"e1021\": {\n      \"role\": \"generic\"\n    },\n    \"e1022\": {\n      \"role\": \"generic\"\n    },\n    \"e1023\": {\n      \"role\": \"img\",\n      \"name\": \"Petr Petrovich\"\n    },\n    \"e1025\": {\n      \"role\": \"generic\"\n    },\n    \"e1026\": {\n      \"role\": \"button\",\n      \"name\": \"You are on the messaging overlay. Press enter to open the list of conversations.\"\n    },\n    \"e1027\": {\n      \"role\": \"generic\"\n    },\n    \"e1028\": {\n      \"role\": \"generic\"\n    },\n    \"e1029\": {\n      \"role\": \"generic\"\n    },\n    \"e1030\": {\n      \"role\": \"generic\"\n    },\n    \"e1032\": {\n      \"role\": \"button\",\n      \"name\": \"Open messenger dropdown menu\"\n    },\n    \"e1033\": {\n      \"role\": \"img\",\n      \"name\": \"Open messenger dropdown menu\"\n    },\n    \"e1036\": {\n      \"role\": \"button\",\n      \"name\": \"Compose message\"\n    },\n    \"e1037\": {\n      \"role\": \"img\"\n    },\n    \"e1039\": {\n      \"role\": \"generic\"\n    },\n    \"e1040\": {\n      \"role\": \"button\",\n      \"name\": \"You are on the messaging overlay. Press enter to open the list of conversations.\"\n    },\n    \"e1041\": {\n      \"role\": \"img\"\n    },\n    \"e1043\": {\n      \"role\": \"generic\"\n    },\n    \"e1044\": {\n      \"role\": \"iframe\"\n    }\n  }\n}","stderr":""}
[2026-03-16T02:06:36.239Z] TASK_ERROR {"taskId":"199ff3af-0fce-42e0-b276-5608e9bf409e","failedAt":"2026-03-16T02:06:36.236Z","step":{"order":6,"kind":"click","instruction":"In that section, open the first profile or card that looks like a person or creator profile."},"error":{"name":"SnapshotRefNotFoundError","message":"Could not resolve an OpenClaw ref for step 6.","stack":"SnapshotRefNotFoundError: Could not resolve an OpenClaw ref for step 6.\n    at OpenClawRuntime.resolveSnapshotRef (C:\\Golden\\Andersen\\li-bot\\rc\\src\\openclaw.ts:773:11)\n    at async OpenClawRuntime.runStepWithOpenClaw (C:\\Golden\\Andersen\\li-bot\\rc\\src\\openclaw.ts:1073:24)\n    at async OpenClawRuntime.runStep (C:\\Golden\\Andersen\\li-bot\\rc\\src\\openclaw.ts:1163:16)\n    at async OpenClawRuntime.runScript (C:\\Golden\\Andersen\\li-bot\\rc\\src\\openclaw.ts:1205:28)\n    at async TaskQueue.run (C:\\Golden\\Andersen\\li-bot\\rc\\src\\task-queue.ts:150:21)"}}
